flight_id,scrape_date,scrape_timestamp,origin,destination,route,carrier,airline,carrier_group,advance_purchase_window,horizon,lead_days,horizon_days,travel_date,fare_class,departure_time,arrival_time,duration_mins,stops,base_fare_inr,taxes_inr,udf_fee_inr,convenience_fee_inr,total_fare_inr,price_inr,inventory_status,is_outlier,outlier_type,is_balanced
DEL -> HYD|Air India|t+1|10:00 PM|12:20 AM+1|140|0,2026-09-24,2026-09-24 20:36:30.071558,DEL,HYD,DEL -> HYD,Air India,Air India,Air India,t+1,t+1,1,1,2026-09-25,Economy,10:00 PM,12:20 AM+1,140,0,7534.29,376.71,450.0,350.0,8711.0,8711.0,ACTIVE,False,NORMAL,True
DEL -> HYD|Air India|t+1|10:30 AM|12:50 PM|140|0,2026-09-24,2026-09-24 20:36:30.071558,DEL,HYD,DEL -> HYD,Air India,Air India,Air India,t+1,t+1,1,1,2026-09-25,Economy,10:30 AM,12:50 PM,140,0,7644.76,382.24,450.0,350.0,8827.0,8827.0,ACTIVE,False,NORMAL,False
DEL -> HYD|Air India|t+1|11:00 PM|1:20 AM+1|140|0,2026-09-24,2026-09-24 20:36:30.071558,DEL,HYD,DEL -> HYD,Air India,Air India,Air India,t+1,t+1,1,1,2026-09-25,Economy,11:00 PM,1:20 AM+1,140,0,7534.29,376.71,450.0,350.0,8711.0,8711.0,ACTIVE,False,NORMAL,True
DEL -> HYD|Air India|t+1|12:30 PM|2:45 PM|135|0,2026-09-24,2026-09-24 20:36:30.071558,DEL,HYD,DEL -> HYD,Air India,Air India,Air India,t+1,t+1,1,1,2026-09-25,Economy,12:30 PM,2:45 PM,135,0,7644.76,382.24,450.0,350.0,8827.0,8827.0,ACTIVE,False,NORMAL,False
DEL -> HYD|Air India|t+1|2:00 AM|4:20 AM|140|0,2026-09-24,2026-09-24 20:36:30.071558,DEL,HYD,DEL -> HYD,Air India,Air India,Air India,t+1,t+1,1,1,2026-09-25,Economy,2:00 AM,4:20 AM,140,0,7534.29,376.71,450.0,350.0,8711.0,8711.0,ACTIVE,False,NORMAL,True
DEL -> HYD|Air India|t+1|2:30 PM|4:40 PM|130|0,2026-09-24,2026-09-24 20:36:30.071558,DEL,HYD,DEL -> HYD,Air India,Air India,Air India,t+1,t+1,1,1,2026-09-25,Economy,2:30 PM,4:40 PM,130,0,8394.29,419.71,450.0,350.0,9614.0,9614.0,ACTIVE,False,NORMAL,True
DEL -> HYD|Air India|t+1|6:00 AM|8:20 AM|140|0,2026-09-24,2026-09-24 20:36:30.071558,DEL,HYD,DEL -> HYD,Air India,Air India,Air India,t+1,t+1,1,1,2026-09-25,Economy,6:00 AM,8:20 AM,140,0,11704.76,585.24,450.0,350.0,13090.0,13090.0,ACTIVE,True,HIGH_SPIKE,False
DEL -> HYD|Air India|t+1|6:00 PM|8:20 PM|140|0,2026-09-24,2026-09-24 20:36:30.071558,DEL,HYD,DEL -> HYD,Air India,Air India,Air India,t+1,t+1,1,1,2026-09-25,Economy,6:00 PM,8:20 PM,140,0,8089.52,404.48,450.0,350.0,9294.0,9294.0,ACTIVE,False,NORMAL,True
DEL -> HYD|Air India|t+1|7:30 PM|9:50 PM|140|0,2026-09-24,2026-09-24 20:36:30.071558,DEL,HYD,DEL -> HYD,Air India,Air India,Air India,t+1,t+1,1,1,2026-09-25,Economy,7:30 PM,9:50 PM,140,0,8094.29,404.71,450.0,350.0,9299.0,9299.0,ACTIVE,False,NORMAL,False
DEL -> HYD|Air India|t+1|8:30 PM|10:50 PM|140|0,2026-09-24,2026-09-24 20:36:30.071558,DEL,HYD,DEL -> HYD,Air India,Air India,Air India,t+1,t+1,1,1,2026-09-25,Economy,8:30 PM,10:50 PM,140,0,7644.76,382.24,450.0,350.0,8827.0,8827.0,ACTIVE,False,NORMAL,True
DEL -> HYD|Air India|t+1|9:40 AM|12:00 PM|140|0,2026-09-24,2026-09-24 20:36:30.071558,DEL,HYD,DEL -> HYD,Air India,Air India,Air India,t+1,t+1,1,1,2026-09-25,Economy,9:40 AM,12:00 PM,140,0,7644.76,382.24,450.0,350.0,8827.0,8827.0,ACTIVE,False,NORMAL,True
DEL -> HYD|Akasa Air|t+1|2:10 PM|4:30 PM|140|0,2026-09-24,2026-09-24 20:36:30.071558,DEL,HYD,DEL -> HYD,Akasa Air,Akasa Air,Akasa Air,t+1,t+1,1,1,2026-09-25,Economy,2:10 PM,4:30 PM,140,0,8311.43,415.57,450.0,350.0,9527.0,9527.0,ACTIVE,False,NORMAL,True
DEL -> HYD|Akasa Air|t+1|8:40 PM|11:10 PM|150|0,2026-09-24,2026-09-24 20:36:30.071558,DEL,HYD,DEL -> HYD,Akasa Air,Akasa Air,Akasa Air,t+1,t+1,1,1,2026-09-25,Economy,8:40 PM,11:10 PM,150,0,7702.86,385.14,450.0,350.0,8888.0,8888.0,ACTIVE,False,NORMAL,True
DEL -> HYD|IndiGo|t+1|11:15 PM|1:30 AM+1|135|0,2026-09-24,2026-09-24 20:36:30.071558,DEL,HYD,DEL -> HYD,IndiGo,IndiGo,IndiGo,t+1,t+1,1,1,2026-09-25,Economy,11:15 PM,1:30 AM+1,135,0,7689.52,384.48,450.0,350.0,8874.0,8874.0,ACTIVE,False,NORMAL,True
DEL -> HYD|IndiGo|t+1|11:45 AM|2:00 PM|135|0,2026-09-24,2026-09-24 20:36:30.071558,DEL,HYD,DEL -> HYD,IndiGo,IndiGo,IndiGo,t+1,t+1,1,1,2026-09-25,Economy,11:45 AM,2:00 PM,135,0,7689.52,384.48,450.0,350.0,8874.0,8874.0,ACTIVE,False,NORMAL,True
DEL -> HYD|IndiGo|t+1|1:30 PM|3:45 PM|135|0,2026-09-24,2026-09-24 20:36:30.071558,DEL,HYD,DEL -> HYD,IndiGo,IndiGo,IndiGo,t+1,t+1,1,1,2026-09-25,Economy,1:30 PM,3:45 PM,135,0,8142.86,407.14,450.0,350.0,9350.0,9350.0,ACTIVE,False,NORMAL,True
DEL -> HYD|IndiGo|t+1|2:00 PM|6:55 PM|295|1,2026-09-24,2026-09-24 20:36:30.071558,DEL,HYD,DEL -> HYD,IndiGo,IndiGo,IndiGo,t+1,t+1,1,1,2026-09-25,Economy,2:00 PM,6:55 PM,295,1,6914.29,345.71,450.0,350.0,8060.0,8060.0,DEPLETED_SUBSEQUENT_DAY,False,NORMAL,False
DEL -> HYD|IndiGo|t+1|2:20 AM|7:50 AM|330|1,2026-09-24,2026-09-24 20:36:30.071558,DEL,HYD,DEL -> HYD,IndiGo,IndiGo,IndiGo,t+1,t+1,1,1,2026-09-25,Economy,2:20 AM,7:50 AM,330,1,6914.29,345.71,450.0,350.0,8060.0,8060.0,ACTIVE,False,NORMAL,False
DEL -> HYD|IndiGo|t+1|2:45 PM|5:05 PM|140|0,2026-09-24,2026-09-24 20:36:30.071558,DEL,HYD,DEL -> HYD,IndiGo,IndiGo,IndiGo,t+1,t+1,1,1,2026-09-25,Economy,2:45 PM,5:05 PM,140,0,7689.52,384.48,450.0,350.0,8874.0,8874.0,DEPLETED_SUBSEQUENT_DAY,False,NORMAL,False
DEL -> HYD|IndiGo|t+1|4:15 PM|6:30 PM|135|0,2026-09-24,2026-09-24 20:36:30.071558,DEL,HYD,DEL -> HYD,IndiGo,IndiGo,IndiGo,t+1,t+1,1,1,2026-09-25,Economy,4:15 PM,6:30 PM,135,0,8142.86,407.14,450.0,350.0,9350.0,9350.0,ACTIVE,False,NORMAL,True
DEL -> HYD|IndiGo|t+1|5:55 PM|8:15 PM|140|0,2026-09-24,2026-09-24 20:36:30.071558,DEL,HYD,DEL -> HYD,IndiGo,IndiGo,IndiGo,t+1,t+1,1,1,2026-09-25,Economy,5:55 PM,8:15 PM,140,0,7689.52,384.48,450.0,350.0,8874.0,8874.0,ACTIVE,False,NORMAL,True
DEL -> HYD|IndiGo|t+1|7:05 AM|12:10 PM|305|1,2026-09-24,2026-09-24 20:36:30.071558,DEL,HYD,DEL -> HYD,IndiGo,IndiGo,IndiGo,t+1,t+1,1,1,2026-09-25,Economy,7:05 AM,12:10 PM,305,1,6914.29,345.71,450.0,350.0,8060.0,8060.0,DEPLETED_SUBSEQUENT_DAY,False,NORMAL,False
DEL -> HYD|IndiGo|t+1|7:10 AM|9:20 AM|130|0,2026-09-24,2026-09-24 20:36:30.071558,DEL,HYD,DEL -> HYD,IndiGo,IndiGo,IndiGo,t+1,t+1,1,1,2026-09-25,Economy,7:10 AM,9:20 AM,130,0,8142.86,407.14,450.0,350.0,9350.0,9350.0,ACTIVE,False,NORMAL,False
DEL -> HYD|IndiGo|t+1|7:45 PM|10:05 PM|140|0,2026-09-24,2026-09-24 20:36:30.071558,DEL,HYD,DEL -> HYD,IndiGo,IndiGo,IndiGo,t+1,t+1,1,1,2026-09-25,Economy,7:45 PM,10:05 PM,140,0,8624.76,431.24,450.0,350.0,9856.0,9856.0,ACTIVE,False,NORMAL,True
DEL -> HYD|IndiGo|t+1|8:30 AM|10:45 AM|135|0,2026-09-24,2026-09-24 20:36:30.071558,DEL,HYD,DEL -> HYD,IndiGo,IndiGo,IndiGo,t+1,t+1,1,1,2026-09-25,Economy,8:30 AM,10:45 AM,135,0,8142.86,407.14,450.0,350.0,9350.0,9350.0,ACTIVE,False,NORMAL,True
DEL -> HYD|IndiGo|t+1|9:00 PM|11:15 PM|135|0,2026-09-24,2026-09-24 20:36:30.071558,DEL,HYD,DEL -> HYD,IndiGo,IndiGo,IndiGo,t+1,t+1,1,1,2026-09-25,Economy,9:00 PM,11:15 PM,135,0,8624.76,431.24,450.0,350.0,9856.0,9856.0,ACTIVE,False,NORMAL,True
DEL -> HYD|IndiGo|t+1|9:55 AM|12:20 PM|145|0,2026-09-24,2026-09-24 20:36:30.071558,DEL,HYD,DEL -> HYD,IndiGo,IndiGo,IndiGo,t+1,t+1,1,1,2026-09-25,Economy,9:55 AM,12:20 PM,145,0,7689.52,384.48,450.0,350.0,8874.0,8874.0,ACTIVE,False,NORMAL,True
DEL -> HYD|Air India|t+15|10:30 AM|12:50 PM|140|0,2026-09-24,2026-09-24 20:36:59.852078,DEL,HYD,DEL -> HYD,Air India,Air India,Air India,t+15,t+15,15,15,2026-10-09,Economy,10:30 AM,12:50 PM,140,0,9089.52,454.48,450.0,350.0,10344.0,10344.0,ACTIVE,False,NORMAL,False
DEL -> HYD|Air India|t+15|11:00 PM|1:20 AM+1|140|0,2026-09-24,2026-09-24 20:36:59.852078,DEL,HYD,DEL -> HYD,Air India,Air India,Air India,t+15,t+15,15,15,2026-10-09,Economy,11:00 PM,1:20 AM+1,140,0,7534.29,376.71,450.0,350.0,8711.0,8711.0,ACTIVE,False,NORMAL,False
DEL -> HYD|Air India|t+15|12:30 PM|2:45 PM|135|0,2026-09-24,2026-09-24 20:36:59.852078,DEL,HYD,DEL -> HYD,Air India,Air India,Air India,t+15,t+15,15,15,2026-10-09,Economy,12:30 PM,2:45 PM,135,0,9640.0,482.0,450.0,350.0,10922.0,10922.0,ACTIVE,False,NORMAL,False
DEL -> HYD|Air India|t+15|2:00 AM|4:20 AM|140|0,2026-09-24,2026-09-24 20:36:59.852078,DEL,HYD,DEL -> HYD,Air India,Air India,Air India,t+15,t+15,15,15,2026-10-09,Economy,2:00 AM,4:20 AM,140,0,7534.29,376.71,450.0,350.0,8711.0,8711.0,ACTIVE,False,NORMAL,True
DEL -> HYD|Air India|t+15|2:30 PM|4:40 PM|130|0,2026-09-24,2026-09-24 20:36:59.852078,DEL,HYD,DEL -> HYD,Air India,Air India,Air India,t+15,t+15,15,15,2026-10-09,Economy,2:30 PM,4:40 PM,130,0,7924.76,396.24,450.0,350.0,9121.0,9121.0,ACTIVE,False,NORMAL,True
DEL -> HYD|Air India|t+15|3:30 PM|5:55 PM|145|0,2026-09-24,2026-09-24 20:36:59.852078,DEL,HYD,DEL -> HYD,Air India,Air India,Air India,t+15,t+15,15,15,2026-10-09,Economy,3:30 PM,5:55 PM,145,0,7644.76,382.24,450.0,350.0,8827.0,8827.0,ACTIVE,False,NORMAL,True
DEL -> HYD|Air India|t+15|6:00 AM|8:20 AM|140|0,2026-09-24,2026-09-24 20:36:59.852078,DEL,HYD,DEL -> HYD,Air India,Air India,Air India,t+15,t+15,15,15,2026-10-09,Economy,6:00 AM,8:20 AM,140,0,7784.76,389.24,450.0,350.0,8974.0,8974.0,ACTIVE,False,NORMAL,False
DEL -> HYD|Air India|t+15|6:00 PM|8:20 PM|140|0,2026-09-24,2026-09-24 20:36:59.852078,DEL,HYD,DEL -> HYD,Air India,Air India,Air India,t+15,t+15,15,15,2026-10-09,Economy,6:00 PM,8:20 PM,140,0,7854.29,392.71,450.0,350.0,9047.0,9047.0,ACTIVE,False,NORMAL,True
DEL -> HYD|Air India|t+15|7:00 AM|9:20 AM|140|0,2026-09-24,2026-09-24 20:36:59.852078,DEL,HYD,DEL -> HYD,Air India,Air India,Air India,t+15,t+15,15,15,2026-10-09,Economy,7:00 AM,9:20 AM,140,0,9640.0,482.0,450.0,350.0,10922.0,10922.0,DEPLETED_SUBSEQUENT_DAY,False,NORMAL,False
DEL -> HYD|Air India|t+15|7:30 PM|9:50 PM|140|0,2026-09-24,2026-09-24 20:36:59.852078,DEL,HYD,DEL -> HYD,Air India,Air India,Air India,t+15,t+15,15,15,2026-10-09,Economy,7:30 PM,9:50 PM,140,0,8740.0,437.0,450.0,350.0,9977.0,9977.0,ACTIVE,False,NORMAL,False
DEL -> HYD|Air India|t+15|8:30 PM|10:50 PM|140|0,2026-09-24,2026-09-24 20:36:59.852078,DEL,HYD,DEL -> HYD,Air India,Air India,Air India,t+15,t+15,15,15,2026-10-09,Economy,8:30 PM,10:50 PM,140,0,7644.76,382.24,450.0,350.0,8827.0,8827.0,ACTIVE,False,NORMAL,False
DEL -> HYD|Air India|t+15|9:40 AM|12:00 PM|140|0,2026-09-24,2026-09-24 20:36:59.852078,DEL,HYD,DEL -> HYD,Air India,Air India,Air India,t+15,t+15,15,15,2026-10-09,Economy,9:40 AM,12:00 PM,140,0,9089.52,454.48,450.0,350.0,10344.0,10344.0,ACTIVE,False,NORMAL,False
DEL -> HYD|Akasa Air|t+15|2:10 PM|4:30 PM|140|0,2026-09-24,2026-09-24 20:36:59.852078,DEL,HYD,DEL -> HYD,Akasa Air,Akasa Air,Akasa Air,t+15,t+15,15,15,2026-10-09,Economy,2:10 PM,4:30 PM,140,0,7702.86,385.14,450.0,350.0,8888.0,8888.0,ACTIVE,False,NORMAL,True
DEL -> HYD|Akasa Air|t+15|8:40 PM|11:10 PM|150|0,2026-09-24,2026-09-24 20:36:59.852078,DEL,HYD,DEL -> HYD,Akasa Air,Akasa Air,Akasa Air,t+15,t+15,15,15,2026-10-09,Economy,8:40 PM,11:10 PM,150,0,8969.52,448.48,450.0,350.0,10218.0,10218.0,ACTIVE,False,NORMAL,True
DEL -> HYD|IndiGo|t+15|10:00 AM|2:50 PM|290|1,2026-09-24,2026-09-24 20:36:59.852078,DEL,HYD,DEL -> HYD,IndiGo,IndiGo,IndiGo,t+15,t+15,15,15,2026-10-09,Economy,10:00 AM,2:50 PM,290,1,6840.0,342.0,450.0,350.0,7982.0,7982.0,ACTIVE,False,NORMAL,False
DEL -> HYD|IndiGo|t+15|11:15 PM|1:30 AM+1|135|0,2026-09-24,2026-09-24 20:36:59.852078,DEL,HYD,DEL -> HYD,IndiGo,IndiGo,IndiGo,t+15,t+15,15,15,2026-10-09,Economy,11:15 PM,1:30 AM+1,135,0,7689.52,384.48,450.0,350.0,8874.0,8874.0,ACTIVE,False,NORMAL,True
DEL -> HYD|IndiGo|t+15|11:45 AM|2:00 PM|135|0,2026-09-24,2026-09-24 20:36:59.852078,DEL,HYD,DEL -> HYD,IndiGo,IndiGo,IndiGo,t+15,t+15,15,15,2026-10-09,Economy,11:45 AM,2:00 PM,135,0,10877.14,543.86,450.0,350.0,12221.0,12221.0,ACTIVE,False,NORMAL,True
DEL -> HYD|IndiGo|t+15|1:30 PM|3:45 PM|135|0,2026-09-24,2026-09-24 20:36:59.852078,DEL,HYD,DEL -> HYD,IndiGo,IndiGo,IndiGo,t+15,t+15,15,15,2026-10-09,Economy,1:30 PM,3:45 PM,135,0,7689.52,384.48,450.0,350.0,8874.0,8874.0,ACTIVE,False,NORMAL,True
DEL -> HYD|IndiGo|t+15|2:25 AM|4:40 AM|135|0,2026-09-24,2026-09-24 20:36:59.852078,DEL,HYD,DEL -> HYD,IndiGo,IndiGo,IndiGo,t+15,t+15,15,15,2026-10-09,Economy,2:25 AM,4:40 AM,135,0,7689.52,384.48,450.0,350.0,8874.0,8874.0,ACTIVE,False,NORMAL,True
DEL -> HYD|IndiGo|t+15|2:45 PM|5:05 PM|140|0,2026-09-24,2026-09-24 20:36:59.852078,DEL,HYD,DEL -> HYD,IndiGo,IndiGo,IndiGo,t+15,t+15,15,15,2026-10-09,Economy,2:45 PM,5:05 PM,140,0,7689.52,384.48,450.0,350.0,8874.0,8874.0,ACTIVE,False,NORMAL,True
DEL -> HYD|IndiGo|t+15|4:15 PM|6:30 PM|135|0,2026-09-24,2026-09-24 20:36:59.852078,DEL,HYD,DEL -> HYD,IndiGo,IndiGo,IndiGo,t+15,t+15,15,15,2026-10-09,Economy,4:15 PM,6:30 PM,135,0,7689.52,384.48,450.0,350.0,8874.0,8874.0,ACTIVE,False,NORMAL,True
DEL -> HYD|IndiGo|t+15|5:05 PM|10:30 PM|325|1,2026-09-24,2026-09-24 20:36:59.852078,DEL,HYD,DEL -> HYD,IndiGo,IndiGo,IndiGo,t+15,t+15,15,15,2026-10-09,Economy,5:05 PM,10:30 PM,325,1,6840.0,342.0,450.0,350.0,7982.0,7982.0,ACTIVE,False,NORMAL,False
DEL -> HYD|IndiGo|t+15|5:10 AM|10:15 AM|305|1,2026-09-24,2026-09-24 20:36:59.852078,DEL,HYD,DEL -> HYD,IndiGo,IndiGo,IndiGo,t+15,t+15,15,15,2026-10-09,Economy,5:10 AM,10:15 AM,305,1,6840.0,342.0,450.0,350.0,7982.0,7982.0,ACTIVE,False,NORMAL,False
DEL -> HYD|IndiGo|t+15|5:30 AM|7:50 AM|140|0,2026-09-24,2026-09-24 20:36:59.852078,DEL,HYD,DEL -> HYD,IndiGo,IndiGo,IndiGo,t+15,t+15,15,15,2026-10-09,Economy,5:30 AM,7:50 AM,140,0,7689.52,384.48,450.0,350.0,8874.0,8874.0,ACTIVE,False,NORMAL,True
DEL -> HYD|IndiGo|t+15|5:55 PM|8:15 PM|140|0,2026-09-24,2026-09-24 20:36:59.852078,DEL,HYD,DEL -> HYD,IndiGo,IndiGo,IndiGo,t+15,t+15,15,15,2026-10-09,Economy,5:55 PM,8:15 PM,140,0,7689.52,384.48,450.0,350.0,8874.0,8874.0,ACTIVE,False,NORMAL,True
DEL -> HYD|IndiGo|t+15|7:10 AM|9:20 AM|130|0,2026-09-24,2026-09-24 20:36:59.852078,DEL,HYD,DEL -> HYD,IndiGo,IndiGo,IndiGo,t+15,t+15,15,15,2026-10-09,Economy,7:10 AM,9:20 AM,130,0,7689.52,384.48,450.0,350.0,8874.0,8874.0,ACTIVE,False,NORMAL,True
DEL -> HYD|IndiGo|t+15|7:30 PM|12:45 AM+1|315|1,2026-09-24,2026-09-24 20:36:59.852078,DEL,HYD,DEL -> HYD,IndiGo,IndiGo,IndiGo,t+15,t+15,15,15,2026-10-09,Economy,7:30 PM,12:45 AM+1,315,1,6840.0,342.0,450.0,350.0,7982.0,7982.0,ACTIVE,False,NORMAL,False
DEL -> HYD|IndiGo|t+15|7:45 PM|10:05 PM|140|0,2026-09-24,2026-09-24 20:36:59.852078,DEL,HYD,DEL -> HYD,IndiGo,IndiGo,IndiGo,t+15,t+15,15,15,2026-10-09,Economy,7:45 PM,10:05 PM,140,0,8624.76,431.24,450.0,350.0,9856.0,9856.0,ACTIVE,False,NORMAL,True
DEL -> HYD|IndiGo|t+15|8:30 AM|10:45 AM|135|0,2026-09-24,2026-09-24 20:36:59.852078,DEL,HYD,DEL -> HYD,IndiGo,IndiGo,IndiGo,t+15,t+15,15,15,2026-10-09,Economy,8:30 AM,10:45 AM,135,0,7689.52,384.48,450.0,350.0,8874.0,8874.0,ACTIVE,False,NORMAL,True
DEL -> HYD|IndiGo|t+15|9:00 PM|11:15 PM|135|0,2026-09-24,2026-09-24 20:36:59.852078,DEL,HYD,DEL -> HYD,IndiGo,IndiGo,IndiGo,t+15,t+15,15,15,2026-10-09,Economy,9:00 PM,11:15 PM,135,0,7689.52,384.48,450.0,350.0,8874.0,8874.0,ACTIVE,False,NORMAL,True
DEL -> HYD|IndiGo|t+15|9:55 AM|12:20 PM|145|0,2026-09-24,2026-09-24 20:36:59.852078,DEL,HYD,DEL -> HYD,IndiGo,IndiGo,IndiGo,t+15,t+15,15,15,2026-10-09,Economy,9:55 AM,12:20 PM,145,0,8142.86,407.14,450.0,350.0,9350.0,9350.0,ACTIVE,False,NORMAL,True
DEL -> HYD|Air India|t+30|10:00 PM|12:20 AM+1|140|0,2026-09-24,2026-09-24 20:37:13.137550,DEL,HYD,DEL -> HYD,Air India,Air India,Air India,t+30,t+30,30,30,2026-10-24,Economy,10:00 PM,12:20 AM+1,140,0,8094.29,404.71,450.0,350.0,9299.0,9299.0,DEPLETED_SUBSEQUENT_DAY,False,NORMAL,False
DEL -> HYD|Air India|t+30|10:30 AM|12:50 PM|140|0,2026-09-24,2026-09-24 20:37:13.137550,DEL,HYD,DEL -> HYD,Air India,Air India,Air India,t+30,t+30,30,30,2026-10-24,Economy,10:30 AM,12:50 PM,140,0,8094.29,404.71,450.0,350.0,9299.0,9299.0,DEPLETED_SUBSEQUENT_DAY,False,NORMAL,False
DEL -> HYD|Air India|t+30|11:00 PM|1:20 AM+1|140|0,2026-09-24,2026-09-24 20:37:13.137550,DEL,HYD,DEL -> HYD,Air India,Air India,Air India,t+30,t+30,30,30,2026-10-24,Economy,11:00 PM,1:20 AM+1,140,0,8094.29,404.71,450.0,350.0,9299.0,9299.0,DEPLETED_SUBSEQUENT_DAY,False,NORMAL,False
DEL -> HYD|Air India|t+30|12:30 PM|2:45 PM|135|0,2026-09-24,2026-09-24 20:37:13.137550,DEL,HYD,DEL -> HYD,Air India,Air India,Air India,t+30,t+30,30,30,2026-10-24,Economy,12:30 PM,2:45 PM,135,0,9089.52,454.48,450.0,350.0,10344.0,10344.0,ACTIVE,False,NORMAL,True
DEL -> HYD|Air India|t+30|2:00 AM|4:20 AM|140|0,2026-09-24,2026-09-24 20:37:13.137550,DEL,HYD,DEL -> HYD,Air India,Air India,Air India,t+30,t+30,30,30,2026-10-24,Economy,2:00 AM,4:20 AM,140,0,9089.52,454.48,450.0,350.0,10344.0,10344.0,DEPLETED_SUBSEQUENT_DAY,False,NORMAL,False
DEL -> HYD|Air India|t+30|2:30 PM|4:40 PM|130|0,2026-09-24,2026-09-24 20:37:13.137550,DEL,HYD,DEL -> HYD,Air India,Air India,Air India,t+30,t+30,30,30,2026-10-24,Economy,2:30 PM,4:40 PM,130,0,9429.52,471.48,450.0,350.0,10701.0,10701.0,DEPLETED_SUBSEQUENT_DAY,False,NORMAL,False
DEL -> HYD|Air India|t+30|3:30 PM|5:55 PM|145|0,2026-09-24,2026-09-24 20:37:13.137550,DEL,HYD,DEL -> HYD,Air India,Air India,Air India,t+30,t+30,30,30,2026-10-24,Economy,3:30 PM,5:55 PM,145,0,9344.76,467.24,450.0,350.0,10612.0,10612.0,DEPLETED_SUBSEQUENT_DAY,False,NORMAL,False
DEL -> HYD|Air India|t+30|6:00 AM|8:20 AM|140|0,2026-09-24,2026-09-24 20:37:13.137550,DEL,HYD,DEL -> HYD,Air India,Air India,Air India,t+30,t+30,30,30,2026-10-24,Economy,6:00 AM,8:20 AM,140,0,8134.29,406.71,450.0,350.0,9341.0,9341.0,DEPLETED_SUBSEQUENT_DAY,False,NORMAL,False
DEL -> HYD|Air India|t+30|6:00 PM|8:20 PM|140|0,2026-09-24,2026-09-24 20:37:13.137550,DEL,HYD,DEL -> HYD,Air India,Air India,Air India,t+30,t+30,30,30,2026-10-24,Economy,6:00 PM,8:20 PM,140,0,9089.52,454.48,450.0,350.0,10344.0,10344.0,DEPLETED_SUBSEQUENT_DAY,False,NORMAL,False
DEL -> HYD|Air India|t+30|7:30 PM|9:50 PM|140|0,2026-09-24,2026-09-24 20:37:13.137550,DEL,HYD,DEL -> HYD,Air India,Air India,Air India,t+30,t+30,30,30,2026-10-24,Economy,7:30 PM,9:50 PM,140,0,9260.0,463.0,450.0,350.0,10523.0,10523.0,DEPLETED_SUBSEQUENT_DAY,False,NORMAL,False
DEL -> HYD|Air India|t+30|9:40 AM|12:00 PM|140|0,2026-09-24,2026-09-24 20:37:13.137550,DEL,HYD,DEL -> HYD,Air India,Air India,Air India,t+30,t+30,30,30,2026-10-24,Economy,9:40 AM,12:00 PM,140,0,8094.29,404.71,450.0,350.0,9299.0,9299.0,DEPLETED_SUBSEQUENT_DAY,False,NORMAL,False
DEL -> HYD|Akasa Air|t+30|2:10 PM|4:30 PM|140|0,2026-09-24,2026-09-24 20:37:13.137550,DEL,HYD,DEL -> HYD,Akasa Air,Akasa Air,Akasa Air,t+30,t+30,30,30,2026-10-24,Economy,2:10 PM,4:30 PM,140,0,9500.95,475.05,450.0,350.0,10776.0,10776.0,DEPLETED_SUBSEQUENT_DAY,False,NORMAL,False
DEL -> HYD|Akasa Air|t+30|8:40 PM|11:10 PM|150|0,2026-09-24,2026-09-24 20:37:13.137550,DEL,HYD,DEL -> HYD,Akasa Air,Akasa Air,Akasa Air,t+30,t+30,30,30,2026-10-24,Economy,8:40 PM,11:10 PM,150,0,8471.43,423.57,450.0,350.0,9695.0,9695.0,DEPLETED_SUBSEQUENT_DAY,False,NORMAL,False
DEL -> HYD|IndiGo|t+30|11:15 PM|1:30 AM+1|135|0,2026-09-24,2026-09-24 20:37:13.137550,DEL,HYD,DEL -> HYD,IndiGo,IndiGo,IndiGo,t+30,t+30,30,30,2026-10-24,Economy,11:15 PM,1:30 AM+1,135,0,8144.76,407.24,450.0,350.0,9352.0,9352.0,DEPLETED_SUBSEQUENT_DAY,False,NORMAL,False
DEL -> HYD|IndiGo|t+30|11:45 AM|2:00 PM|135|0,2026-09-24,2026-09-24 20:37:13.137550,DEL,HYD,DEL -> HYD,IndiGo,IndiGo,IndiGo,t+30,t+30,30,30,2026-10-24,Economy,11:45 AM,2:00 PM,135,0,10262.86,513.14,450.0,350.0,11576.0,11576.0,ACTIVE,False,NORMAL,True
DEL -> HYD|IndiGo|t+30|1:30 PM|3:45 PM|135|0,2026-09-24,2026-09-24 20:37:13.137550,DEL,HYD,DEL -> HYD,IndiGo,IndiGo,IndiGo,t+30,t+30,30,30,2026-10-24,Economy,1:30 PM,3:45 PM,135,0,9683.81,484.19,450.0,350.0,10968.0,10968.0,ACTIVE,False,NORMAL,True
DEL -> HYD|IndiGo|t+30|2:25 AM|4:40 AM|135|0,2026-09-24,2026-09-24 20:37:13.137550,DEL,HYD,DEL -> HYD,IndiGo,IndiGo,IndiGo,t+30,t+30,30,30,2026-10-24,Economy,2:25 AM,4:40 AM,135,0,10262.86,513.14,450.0,350.0,11576.0,11576.0,ACTIVE,False,NORMAL,True
DEL -> HYD|IndiGo|t+30|2:45 PM|5:05 PM|140|0,2026-09-24,2026-09-24 20:37:13.137550,DEL,HYD,DEL -> HYD,IndiGo,IndiGo,IndiGo,t+30,t+30,30,30,2026-10-24,Economy,2:45 PM,5:05 PM,140,0,9140.0,457.0,450.0,350.0,10397.0,10397.0,DEPLETED_SUBSEQUENT_DAY,False,NORMAL,False
DEL -> HYD|IndiGo|t+30|4:15 PM|6:30 PM|135|0,2026-09-24,2026-09-24 20:37:13.137550,DEL,HYD,DEL -> HYD,IndiGo,IndiGo,IndiGo,t+30,t+30,30,30,2026-10-24,Economy,4:15 PM,6:30 PM,135,0,10262.86,513.14,450.0,350.0,11576.0,11576.0,ACTIVE,False,NORMAL,True
DEL -> HYD|IndiGo|t+30|5:30 AM|7:50 AM|140|0,2026-09-24,2026-09-24 20:37:13.137550,DEL,HYD,DEL -> HYD,IndiGo,IndiGo,IndiGo,t+30,t+30,30,30,2026-10-24,Economy,5:30 AM,7:50 AM,140,0,7692.38,384.62,450.0,350.0,8877.0,8877.0,DEPLETED_SUBSEQUENT_DAY,False,NORMAL,False
DEL -> HYD|IndiGo|t+30|5:55 PM|8:15 PM|140|0,2026-09-24,2026-09-24 20:37:13.137550,DEL,HYD,DEL -> HYD,IndiGo,IndiGo,IndiGo,t+30,t+30,30,30,2026-10-24,Economy,5:55 PM,8:15 PM,140,0,12968.57,648.43,450.0,350.0,14417.0,14417.0,DEPLETED_SUBSEQUENT_DAY,True,HIGH_SPIKE,False
DEL -> HYD|IndiGo|t+30|7:10 AM|9:20 AM|130|0,2026-09-24,2026-09-24 20:37:13.137550,DEL,HYD,DEL -> HYD,IndiGo,IndiGo,IndiGo,t+30,t+30,30,30,2026-10-24,Economy,7:10 AM,9:20 AM,130,0,7692.38,384.62,450.0,350.0,8877.0,8877.0,DEPLETED_SUBSEQUENT_DAY,False,NORMAL,False
DEL -> HYD|IndiGo|t+30|7:45 PM|10:05 PM|140|0,2026-09-24,2026-09-24 20:37:13.137550,DEL,HYD,DEL -> HYD,IndiGo,IndiGo,IndiGo,t+30,t+30,30,30,2026-10-24,Economy,7:45 PM,10:05 PM,140,0,9140.0,457.0,450.0,350.0,10397.0,10397.0,DEPLETED_SUBSEQUENT_DAY,False,NORMAL,False
DEL -> HYD|IndiGo|t+30|8:30 AM|10:45 AM|135|0,2026-09-24,2026-09-24 20:37:13.137550,DEL,HYD,DEL -> HYD,IndiGo,IndiGo,IndiGo,t+30,t+30,30,30,2026-10-24,Economy,8:30 AM,10:45 AM,135,0,8144.76,407.24,450.0,350.0,9352.0,9352.0,ACTIVE,False,NORMAL,True
DEL -> HYD|IndiGo|t+30|9:00 PM|11:15 PM|135|0,2026-09-24,2026-09-24 20:37:13.137550,DEL,HYD,DEL -> HYD,IndiGo,IndiGo,IndiGo,t+30,t+30,30,30,2026-10-24,Economy,9:00 PM,11:15 PM,135,0,9140.0,457.0,450.0,350.0,10397.0,10397.0,ACTIVE,False,NORMAL,True
DEL -> HYD|IndiGo|t+30|9:55 AM|12:20 PM|145|0,2026-09-24,2026-09-24 20:37:13.137550,DEL,HYD,DEL -> HYD,IndiGo,IndiGo,IndiGo,t+30,t+30,30,30,2026-10-24,Economy,9:55 AM,12:20 PM,145,0,8144.76,407.24,450.0,350.0,9352.0,9352.0,DEPLETED_SUBSEQUENT_DAY,False,NORMAL,False
DEL -> HYD|Air India|t+7|10:00 PM|12:20 AM+1|140|0,2026-09-24,2026-09-24 20:36:46.368257,DEL,HYD,DEL -> HYD,Air India,Air India,Air India,t+7,t+7,7,7,2026-10-01,Economy,10:00 PM,12:20 AM+1,140,0,8549.52,427.48,450.0,350.0,9777.0,9777.0,ACTIVE,False,NORMAL,False
DEL -> HYD|Air India|t+7|10:30 AM|12:50 PM|140|0,2026-09-24,2026-09-24 20:36:46.368257,DEL,HYD,DEL -> HYD,Air India,Air India,Air India,t+7,t+7,7,7,2026-10-01,Economy,10:30 AM,12:50 PM,140,0,8580.0,429.0,450.0,350.0,9809.0,9809.0,ACTIVE,False,NORMAL,False
DEL -> HYD|Air India|t+7|11:00 PM|1:20 AM+1|140|0,2026-09-24,2026-09-24 20:36:46.368257,DEL,HYD,DEL -> HYD,Air India,Air India,Air India,t+7,t+7,7,7,2026-10-01,Economy,11:00 PM,1:20 AM+1,140,0,8549.52,427.48,450.0,350.0,9777.0,9777.0,ACTIVE,False,NORMAL,False
DEL -> HYD|Air India|t+7|12:30 PM|2:45 PM|135|0,2026-09-24,2026-09-24 20:36:46.368257,DEL,HYD,DEL -> HYD,Air India,Air India,Air India,t+7,t+7,7,7,2026-10-01,Economy,12:30 PM,2:45 PM,135,0,7644.76,382.24,450.0,350.0,8827.0,8827.0,DEPLETED_SUBSEQUENT_DAY,False,NORMAL,False
DEL -> HYD|Air India|t+7|2:00 AM|4:20 AM|140|0,2026-09-24,2026-09-24 20:36:46.368257,DEL,HYD,DEL -> HYD,Air India,Air India,Air India,t+7,t+7,7,7,2026-10-01,Economy,2:00 AM,4:20 AM,140,0,7534.29,376.71,450.0,350.0,8711.0,8711.0,ACTIVE,False,NORMAL,True
DEL -> HYD|Air India|t+7|2:30 PM|4:40 PM|130|0,2026-09-24,2026-09-24 20:36:46.368257,DEL,HYD,DEL -> HYD,Air India,Air India,Air India,t+7,t+7,7,7,2026-10-01,Economy,2:30 PM,4:40 PM,130,0,7924.76,396.24,450.0,350.0,9121.0,9121.0,ACTIVE,False,NORMAL,True
DEL -> HYD|Air India|t+7|3:30 PM|5:55 PM|145|0,2026-09-24,2026-09-24 20:36:46.368257,DEL,HYD,DEL -> HYD,Air India,Air India,Air India,t+7,t+7,7,7,2026-10-01,Economy,3:30 PM,5:55 PM,145,0,7644.76,382.24,450.0,350.0,8827.0,8827.0,ACTIVE,False,NORMAL,True
DEL -> HYD|Air India|t+7|6:00 AM|8:20 AM|140|0,2026-09-24,2026-09-24 20:36:46.368257,DEL,HYD,DEL -> HYD,Air India,Air India,Air India,t+7,t+7,7,7,2026-10-01,Economy,6:00 AM,8:20 AM,140,0,7640.0,382.0,450.0,350.0,8822.0,8822.0,ACTIVE,False,NORMAL,False
DEL -> HYD|Air India|t+7|6:00 PM|8:20 PM|140|0,2026-09-24,2026-09-24 20:36:46.368257,DEL,HYD,DEL -> HYD,Air India,Air India,Air India,t+7,t+7,7,7,2026-10-01,Economy,6:00 PM,8:20 PM,140,0,9640.0,482.0,450.0,350.0,10922.0,10922.0,ACTIVE,False,NORMAL,True
DEL -> HYD|Air India|t+7|7:30 PM|9:50 PM|140|0,2026-09-24,2026-09-24 20:36:46.368257,DEL,HYD,DEL -> HYD,Air India,Air India,Air India,t+7,t+7,7,7,2026-10-01,Economy,7:30 PM,9:50 PM,140,0,8740.0,437.0,450.0,350.0,9977.0,9977.0,ACTIVE,False,NORMAL,False
DEL -> HYD|Air India|t+7|8:30 PM|10:50 PM|140|0,2026-09-24,2026-09-24 20:36:46.368257,DEL,HYD,DEL -> HYD,Air India,Air India,Air India,t+7,t+7,7,7,2026-10-01,Economy,8:30 PM,10:50 PM,140,0,8580.0,429.0,450.0,350.0,9809.0,9809.0,ACTIVE,False,NORMAL,True
DEL -> HYD|Air India|t+7|9:40 AM|12:00 PM|140|0,2026-09-24,2026-09-24 20:36:46.368257,DEL,HYD,DEL -> HYD,Air India,Air India,Air India,t+7,t+7,7,7,2026-10-01,Economy,9:40 AM,12:00 PM,140,0,8980.0,449.0,450.0,350.0,10229.0,10229.0,ACTIVE,False,NORMAL,True
DEL -> HYD|Akasa Air|t+7|2:10 PM|4:30 PM|140|0,2026-09-24,2026-09-24 20:36:46.368257,DEL,HYD,DEL -> HYD,Akasa Air,Akasa Air,Akasa Air,t+7,t+7,7,7,2026-10-01,Economy,2:10 PM,4:30 PM,140,0,8000.0,400.0,450.0,350.0,9200.0,9200.0,ACTIVE,False,NORMAL,True
DEL -> HYD|Akasa Air|t+7|8:40 PM|11:10 PM|150|0,2026-09-24,2026-09-24 20:36:46.368257,DEL,HYD,DEL -> HYD,Akasa Air,Akasa Air,Akasa Air,t+7,t+7,7,7,2026-10-01,Economy,8:40 PM,11:10 PM,150,0,10062.86,503.14,450.0,350.0,11366.0,11366.0,ACTIVE,False,NORMAL,True
DEL -> HYD|IndiGo|t+7|10:00 AM|2:50 PM|290|1,2026-09-24,2026-09-24 20:36:46.368257,DEL,HYD,DEL -> HYD,IndiGo,IndiGo,IndiGo,t+7,t+7,7,7,2026-10-01,Economy,10:00 AM,2:50 PM,290,1,7436.19,371.81,450.0,350.0,8608.0,8608.0,ACTIVE,False,NORMAL,False
DEL -> HYD|IndiGo|t+7|11:15 PM|1:30 AM+1|135|0,2026-09-24,2026-09-24 20:36:46.368257,DEL,HYD,DEL -> HYD,IndiGo,IndiGo,IndiGo,t+7,t+7,7,7,2026-10-01,Economy,11:15 PM,1:30 AM+1,135,0,8142.86,407.14,450.0,350.0,9350.0,9350.0,ACTIVE,False,NORMAL,True
DEL -> HYD|IndiGo|t+7|11:45 AM|2:00 PM|135|0,2026-09-24,2026-09-24 20:36:46.368257,DEL,HYD,DEL -> HYD,IndiGo,IndiGo,IndiGo,t+7,t+7,7,7,2026-10-01,Economy,11:45 AM,2:00 PM,135,0,8624.76,431.24,450.0,350.0,9856.0,9856.0,ACTIVE,False,NORMAL,True
DEL -> HYD|IndiGo|t+7|1:30 PM|3:45 PM|135|0,2026-09-24,2026-09-24 20:36:46.368257,DEL,HYD,DEL -> HYD,IndiGo,IndiGo,IndiGo,t+7,t+7,7,7,2026-10-01,Economy,1:30 PM,3:45 PM,135,0,7689.52,384.48,450.0,350.0,8874.0,8874.0,ACTIVE,False,NORMAL,True
DEL -> HYD|IndiGo|t+7|2:25 AM|4:40 AM|135|0,2026-09-24,2026-09-24 20:36:46.368257,DEL,HYD,DEL -> HYD,IndiGo,IndiGo,IndiGo,t+7,t+7,7,7,2026-10-01,Economy,2:25 AM,4:40 AM,135,0,7689.52,384.48,450.0,350.0,8874.0,8874.0,ACTIVE,False,NORMAL,True
DEL -> HYD|IndiGo|t+7|2:45 PM|5:05 PM|140|0,2026-09-24,2026-09-24 20:36:46.368257,DEL,HYD,DEL -> HYD,IndiGo,IndiGo,IndiGo,t+7,t+7,7,7,2026-10-01,Economy,2:45 PM,5:05 PM,140,0,7689.52,384.48,450.0,350.0,8874.0,8874.0,ACTIVE,False,NORMAL,True
DEL -> HYD|IndiGo|t+7|4:15 PM|6:30 PM|135|0,2026-09-24,2026-09-24 20:36:46.368257,DEL,HYD,DEL -> HYD,IndiGo,IndiGo,IndiGo,t+7,t+7,7,7,2026-10-01,Economy,4:15 PM,6:30 PM,135,0,7689.52,384.48,450.0,350.0,8874.0,8874.0,ACTIVE,False,NORMAL,True
DEL -> HYD|IndiGo|t+7|5:10 AM|10:15 AM|305|1,2026-09-24,2026-09-24 20:36:46.368257,DEL,HYD,DEL -> HYD,IndiGo,IndiGo,IndiGo,t+7,t+7,7,7,2026-10-01,Economy,5:10 AM,10:15 AM,305,1,7436.19,371.81,450.0,350.0,8608.0,8608.0,ACTIVE,False,NORMAL,False
DEL -> HYD|IndiGo|t+7|5:30 AM|7:50 AM|140|0,2026-09-24,2026-09-24 20:36:46.368257,DEL,HYD,DEL -> HYD,IndiGo,IndiGo,IndiGo,t+7,t+7,7,7,2026-10-01,Economy,5:30 AM,7:50 AM,140,0,7689.52,384.48,450.0,350.0,8874.0,8874.0,ACTIVE,False,NORMAL,False
DEL -> HYD|IndiGo|t+7|5:55 PM|8:15 PM|140|0,2026-09-24,2026-09-24 20:36:46.368257,DEL,HYD,DEL -> HYD,IndiGo,IndiGo,IndiGo,t+7,t+7,7,7,2026-10-01,Economy,5:55 PM,8:15 PM,140,0,9138.1,456.9,450.0,350.0,10395.0,10395.0,ACTIVE,False,NORMAL,True
DEL -> HYD|IndiGo|t+7|7:10 AM|9:20 AM|130|0,2026-09-24,2026-09-24 20:36:46.368257,DEL,HYD,DEL -> HYD,IndiGo,IndiGo,IndiGo,t+7,t+7,7,7,2026-10-01,Economy,7:10 AM,9:20 AM,130,0,8142.86,407.14,450.0,350.0,9350.0,9350.0,ACTIVE,False,NORMAL,True
DEL -> HYD|IndiGo|t+7|7:30 PM|12:45 AM+1|315|1,2026-09-24,2026-09-24 20:36:46.368257,DEL,HYD,DEL -> HYD,IndiGo,IndiGo,IndiGo,t+7,t+7,7,7,2026-10-01,Economy,7:30 PM,12:45 AM+1,315,1,7436.19,371.81,450.0,350.0,8608.0,8608.0,ACTIVE,False,NORMAL,False
DEL -> HYD|IndiGo|t+7|7:45 PM|10:05 PM|140|0,2026-09-24,2026-09-24 20:36:46.368257,DEL,HYD,DEL -> HYD,IndiGo,IndiGo,IndiGo,t+7,t+7,7,7,2026-10-01,Economy,7:45 PM,10:05 PM,140,0,8142.86,407.14,450.0,350.0,9350.0,9350.0,ACTIVE,False,NORMAL,True
DEL -> HYD|IndiGo|t+7|8:30 AM|10:45 AM|135|0,2026-09-24,2026-09-24 20:36:46.368257,DEL,HYD,DEL -> HYD,IndiGo,IndiGo,IndiGo,t+7,t+7,7,7,2026-10-01,Economy,8:30 AM,10:45 AM,135,0,8624.76,431.24,450.0,350.0,9856.0,9856.0,ACTIVE,False,NORMAL,True
DEL -> HYD|IndiGo|t+7|9:00 PM|11:15 PM|135|0,2026-09-24,2026-09-24 20:36:46.368257,DEL,HYD,DEL -> HYD,IndiGo,IndiGo,IndiGo,t+7,t+7,7,7,2026-10-01,Economy,9:00 PM,11:15 PM,135,0,8624.76,431.24,450.0,350.0,9856.0,9856.0,ACTIVE,False,NORMAL,True
DEL -> HYD|IndiGo|t+7|9:55 AM|12:20 PM|145|0,2026-09-24,2026-09-24 20:36:46.368257,DEL,HYD,DEL -> HYD,IndiGo,IndiGo,IndiGo,t+7,t+7,7,7,2026-10-01,Economy,9:55 AM,12:20 PM,145,0,8624.76,431.24,450.0,350.0,9856.0,9856.0,ACTIVE,False,NORMAL,True
DEL -> HYD|Air India|t+1|10:00 PM|12:20 AM+1|140|0,2026-09-25,2026-09-25 17:48:08.407779,DEL,HYD,DEL -> HYD,Air India,Air India,Air India,t+1,t+1,1,1,2026-09-26,Economy,10:00 PM,12:20 AM+1,140,0,7534.29,376.71,450.0,350.0,8711.0,8711.0,ACTIVE,False,NORMAL,True
DEL -> HYD|Air India|t+1|10:30 AM|12:50 PM|140|0,2026-09-25,2026-09-25 17:48:08.407779,DEL,HYD,DEL -> HYD,Air India,Air India,Air India,t+1,t+1,1,1,2026-09-26,Economy,10:30 AM,12:50 PM,140,0,7594.29,379.71,450.0,350.0,8774.0,8774.0,ACTIVE,False,NORMAL,False
DEL -> HYD|Air India|t+1|11:00 PM|1:20 AM+1|140|0,2026-09-25,2026-09-25 17:48:08.407779,DEL,HYD,DEL -> HYD,Air India,Air India,Air India,t+1,t+1,1,1,2026-09-26,Economy,11:00 PM,1:20 AM+1,140,0,7534.29,376.71,450.0,350.0,8711.0,8711.0,ACTIVE,False,NORMAL,True
DEL -> HYD|Air India|t+1|12:30 PM|2:45 PM|135|0,2026-09-25,2026-09-25 17:48:08.407779,DEL,HYD,DEL -> HYD,Air India,Air India,Air India,t+1,t+1,1,1,2026-09-26,Economy,12:30 PM,2:45 PM,135,0,7594.29,379.71,450.0,350.0,8774.0,8774.0,ACTIVE,False,NORMAL,False
DEL -> HYD|Air India|t+1|2:00 AM|4:20 AM|140|0,2026-09-25,2026-09-25 17:48:08.407779,DEL,HYD,DEL -> HYD,Air India,Air India,Air India,t+1,t+1,1,1,2026-09-26,Economy,2:00 AM,4:20 AM,140,0,7534.29,376.71,450.0,350.0,8711.0,8711.0,ACTIVE,False,NORMAL,True
DEL -> HYD|Air India|t+1|2:30 PM|4:40 PM|130|0,2026-09-25,2026-09-25 17:48:08.407779,DEL,HYD,DEL -> HYD,Air India,Air India,Air India,t+1,t+1,1,1,2026-09-26,Economy,2:30 PM,4:40 PM,130,0,7594.29,379.71,450.0,350.0,8774.0,8774.0,ACTIVE,False,NORMAL,True
DEL -> HYD|Air India|t+1|3:30 PM|5:55 PM|145|0,2026-09-25,2026-09-25 17:48:08.407779,DEL,HYD,DEL -> HYD,Air India,Air India,Air India,t+1,t+1,1,1,2026-09-26,Economy,3:30 PM,5:55 PM,145,0,7594.29,379.71,450.0,350.0,8774.0,8774.0,NEW_INVENTORY,False,NORMAL,False
DEL -> HYD|Air India|t+1|6:00 AM|8:20 AM|140|0,2026-09-25,2026-09-25 17:48:08.407779,DEL,HYD,DEL -> HYD,Air India,Air India,Air India,t+1,t+1,1,1,2026-09-26,Economy,6:00 AM,8:20 AM,140,0,7500.0,375.0,450.0,350.0,8675.0,8675.0,ACTIVE,False,NORMAL,False
DEL -> HYD|Air India|t+1|6:00 PM|8:20 PM|140|0,2026-09-25,2026-09-25 17:48:08.407779,DEL,HYD,DEL -> HYD,Air India,Air India,Air India,t+1,t+1,1,1,2026-09-26,Economy,6:00 PM,8:20 PM,140,0,7594.29,379.71,450.0,350.0,8774.0,8774.0,ACTIVE,False,NORMAL,True
DEL -> HYD|Air India|t+1|7:30 PM|9:50 PM|140|0,2026-09-25,2026-09-25 17:48:08.407779,DEL,HYD,DEL -> HYD,Air India,Air India,Air India,t+1,t+1,1,1,2026-09-26,Economy,7:30 PM,9:50 PM,140,0,7500.0,375.0,450.0,350.0,8675.0,8675.0,ACTIVE,False,NORMAL,False
DEL -> HYD|Air India|t+1|8:30 PM|10:50 PM|140|0,2026-09-25,2026-09-25 17:48:08.407779,DEL,HYD,DEL -> HYD,Air India,Air India,Air India,t+1,t+1,1,1,2026-09-26,Economy,8:30 PM,10:50 PM,140,0,7594.29,379.71,450.0,350.0,8774.0,8774.0,ACTIVE,False,NORMAL,True
DEL -> HYD|Air India|t+1|9:40 AM|12:00 PM|140|0,2026-09-25,2026-09-25 17:48:08.407779,DEL,HYD,DEL -> HYD,Air India,Air India,Air India,t+1,t+1,1,1,2026-09-26,Economy,9:40 AM,12:00 PM,140,0,7594.29,379.71,450.0,350.0,8774.0,8774.0,ACTIVE,False,NORMAL,True
DEL -> HYD|Akasa Air|t+1|2:10 PM|4:30 PM|140|0,2026-09-25,2026-09-25 17:48:08.407779,DEL,HYD,DEL -> HYD,Akasa Air,Akasa Air,Akasa Air,t+1,t+1,1,1,2026-09-26,Economy,2:10 PM,4:30 PM,140,0,7557.14,377.86,450.0,350.0,8735.0,8735.0,ACTIVE,False,NORMAL,True
DEL -> HYD|Akasa Air|t+1|8:40 PM|11:10 PM|150|0,2026-09-25,2026-09-25 17:48:08.407779,DEL,HYD,DEL -> HYD,Akasa Air,Akasa Air,Akasa Air,t+1,t+1,1,1,2026-09-26,Economy,8:40 PM,11:10 PM,150,0,8154.29,407.71,450.0,350.0,9362.0,9362.0,ACTIVE,False,NORMAL,True
DEL -> HYD|IndiGo|t+1|11:15 PM|1:30 AM+1|135|0,2026-09-25,2026-09-25 17:48:08.407779,DEL,HYD,DEL -> HYD,IndiGo,IndiGo,IndiGo,t+1,t+1,1,1,2026-09-26,Economy,11:15 PM,1:30 AM+1,135,0,7689.52,384.48,450.0,350.0,8874.0,8874.0,ACTIVE,False,NORMAL,True
DEL -> HYD|IndiGo|t+1|11:45 AM|2:00 PM|135|0,2026-09-25,2026-09-25 17:48:08.407779,DEL,HYD,DEL -> HYD,IndiGo,IndiGo,IndiGo,t+1,t+1,1,1,2026-09-26,Economy,11:45 AM,2:00 PM,135,0,7689.52,384.48,450.0,350.0,8874.0,8874.0,ACTIVE,False,NORMAL,True
DEL -> HYD|IndiGo|t+1|1:30 PM|3:45 PM|135|0,2026-09-25,2026-09-25 17:48:08.407779,DEL,HYD,DEL -> HYD,IndiGo,IndiGo,IndiGo,t+1,t+1,1,1,2026-09-26,Economy,1:30 PM,3:45 PM,135,0,7689.52,384.48,450.0,350.0,8874.0,8874.0,ACTIVE,False,NORMAL,True
DEL -> HYD|IndiGo|t+1|2:20 AM|7:50 AM|330|1,2026-09-25,2026-09-25 17:48:08.407779,DEL,HYD,DEL -> HYD,IndiGo,IndiGo,IndiGo,t+1,t+1,1,1,2026-09-26,Economy,2:20 AM,7:50 AM,330,1,6914.29,345.71,450.0,350.0,8060.0,8060.0,DEPLETED_SUBSEQUENT_DAY,False,NORMAL,False
DEL -> HYD|IndiGo|t+1|2:25 AM|4:40 AM|135|0,2026-09-25,2026-09-25 17:48:08.407779,DEL,HYD,DEL -> HYD,IndiGo,IndiGo,IndiGo,t+1,t+1,1,1,2026-09-26,Economy,2:25 AM,4:40 AM,135,0,7689.52,384.48,450.0,350.0,8874.0,8874.0,DEPLETED_SUBSEQUENT_DAY,False,NORMAL,False
DEL -> HYD|IndiGo|t+1|4:15 PM|6:30 PM|135|0,2026-09-25,2026-09-25 17:48:08.407779,DEL,HYD,DEL -> HYD,IndiGo,IndiGo,IndiGo,t+1,t+1,1,1,2026-09-26,Economy,4:15 PM,6:30 PM,135,0,7689.52,384.48,450.0,350.0,8874.0,8874.0,ACTIVE,False,NORMAL,True
DEL -> HYD|IndiGo|t+1|5:55 PM|8:15 PM|140|0,2026-09-25,2026-09-25 17:48:08.407779,DEL,HYD,DEL -> HYD,IndiGo,IndiGo,IndiGo,t+1,t+1,1,1,2026-09-26,Economy,5:55 PM,8:15 PM,140,0,7689.52,384.48,450.0,350.0,8874.0,8874.0,ACTIVE,False,NORMAL,True
DEL -> HYD|IndiGo|t+1|7:10 AM|9:20 AM|130|0,2026-09-25,2026-09-25 17:48:08.407779,DEL,HYD,DEL -> HYD,IndiGo,IndiGo,IndiGo,t+1,t+1,1,1,2026-09-26,Economy,7:10 AM,9:20 AM,130,0,7689.52,384.48,450.0,350.0,8874.0,8874.0,ACTIVE,False,NORMAL,False
DEL -> HYD|IndiGo|t+1|7:45 PM|10:05 PM|140|0,2026-09-25,2026-09-25 17:48:08.407779,DEL,HYD,DEL -> HYD,IndiGo,IndiGo,IndiGo,t+1,t+1,1,1,2026-09-26,Economy,7:45 PM,10:05 PM,140,0,7689.52,384.48,450.0,350.0,8874.0,8874.0,ACTIVE,False,NORMAL,True
DEL -> HYD|IndiGo|t+1|8:30 AM|10:45 AM|135|0,2026-09-25,2026-09-25 17:48:08.407779,DEL,HYD,DEL -> HYD,IndiGo,IndiGo,IndiGo,t+1,t+1,1,1,2026-09-26,Economy,8:30 AM,10:45 AM,135,0,7689.52,384.48,450.0,350.0,8874.0,8874.0,ACTIVE,False,NORMAL,True
DEL -> HYD|IndiGo|t+1|9:00 PM|11:15 PM|135|0,2026-09-25,2026-09-25 17:48:08.407779,DEL,HYD,DEL -> HYD,IndiGo,IndiGo,IndiGo,t+1,t+1,1,1,2026-09-26,Economy,9:00 PM,11:15 PM,135,0,7689.52,384.48,450.0,350.0,8874.0,8874.0,ACTIVE,False,NORMAL,True
DEL -> HYD|IndiGo|t+1|9:55 AM|12:20 PM|145|0,2026-09-25,2026-09-25 17:48:08.407779,DEL,HYD,DEL -> HYD,IndiGo,IndiGo,IndiGo,t+1,t+1,1,1,2026-09-26,Economy,9:55 AM,12:20 PM,145,0,7689.52,384.48,450.0,350.0,8874.0,8874.0,ACTIVE,False,NORMAL,True
DEL -> HYD|Air India|t+15|10:30 AM|12:50 PM|140|0,2026-09-25,2026-09-25 17:48:40.714460,DEL,HYD,DEL -> HYD,Air India,Air India,Air India,t+15,t+15,15,15,2026-10-10,Economy,10:30 AM,12:50 PM,140,0,8044.76,402.24,450.0,350.0,9247.0,9247.0,ACTIVE,False,NORMAL,False
DEL -> HYD|Air India|t+15|11:00 PM|1:20 AM+1|140|0,2026-09-25,2026-09-25 17:48:40.714460,DEL,HYD,DEL -> HYD,Air India,Air India,Air India,t+15,t+15,15,15,2026-10-10,Economy,11:00 PM,1:20 AM+1,140,0,7534.29,376.71,450.0,350.0,8711.0,8711.0,DEPLETED_SUBSEQUENT_DAY,False,NORMAL,False
DEL -> HYD|Air India|t+15|12:30 PM|2:45 PM|135|0,2026-09-25,2026-09-25 17:48:40.714460,DEL,HYD,DEL -> HYD,Air India,Air India,Air India,t+15,t+15,15,15,2026-10-10,Economy,12:30 PM,2:45 PM,135,0,9040.0,452.0,450.0,350.0,10292.0,10292.0,ACTIVE,False,NORMAL,False
DEL -> HYD|Air India|t+15|2:00 AM|4:20 AM|140|0,2026-09-25,2026-09-25 17:48:40.714460,DEL,HYD,DEL -> HYD,Air India,Air India,Air India,t+15,t+15,15,15,2026-10-10,Economy,2:00 AM,4:20 AM,140,0,7534.29,376.71,450.0,350.0,8711.0,8711.0,ACTIVE,False,NORMAL,True
DEL -> HYD|Air India|t+15|2:30 PM|4:40 PM|130|0,2026-09-25,2026-09-25 17:48:40.714460,DEL,HYD,DEL -> HYD,Air India,Air India,Air India,t+15,t+15,15,15,2026-10-10,Economy,2:30 PM,4:40 PM,130,0,8344.76,417.24,450.0,350.0,9562.0,9562.0,ACTIVE,False,NORMAL,True
DEL -> HYD|Air India|t+15|3:30 PM|5:55 PM|145|0,2026-09-25,2026-09-25 17:48:40.714460,DEL,HYD,DEL -> HYD,Air India,Air India,Air India,t+15,t+15,15,15,2026-10-10,Economy,3:30 PM,5:55 PM,145,0,7804.76,390.24,450.0,350.0,8995.0,8995.0,ACTIVE,False,NORMAL,True
DEL -> HYD|Air India|t+15|6:00 AM|8:20 AM|140|0,2026-09-25,2026-09-25 17:48:40.714460,DEL,HYD,DEL -> HYD,Air India,Air India,Air India,t+15,t+15,15,15,2026-10-10,Economy,6:00 AM,8:20 AM,140,0,8084.76,404.24,450.0,350.0,9289.0,9289.0,ACTIVE,False,NORMAL,False
DEL -> HYD|Air India|t+15|6:00 PM|8:20 PM|140|0,2026-09-25,2026-09-25 17:48:40.714460,DEL,HYD,DEL -> HYD,Air India,Air India,Air India,t+15,t+15,15,15,2026-10-10,Economy,6:00 PM,8:20 PM,140,0,7594.29,379.71,450.0,350.0,8774.0,8774.0,ACTIVE,False,NORMAL,True
DEL -> HYD|Air India|t+15|7:30 PM|9:50 PM|140|0,2026-09-25,2026-09-25 17:48:40.714460,DEL,HYD,DEL -> HYD,Air India,Air India,Air India,t+15,t+15,15,15,2026-10-10,Economy,7:30 PM,9:50 PM,140,0,8689.52,434.48,450.0,350.0,9924.0,9924.0,ACTIVE,False,NORMAL,False
DEL -> HYD|Air India|t+15|8:30 PM|10:50 PM|140|0,2026-09-25,2026-09-25 17:48:40.714460,DEL,HYD,DEL -> HYD,Air India,Air India,Air India,t+15,t+15,15,15,2026-10-10,Economy,8:30 PM,10:50 PM,140,0,7594.29,379.71,450.0,350.0,8774.0,8774.0,ACTIVE,False,NORMAL,False
DEL -> HYD|Air India|t+15|9:40 AM|12:00 PM|140|0,2026-09-25,2026-09-25 17:48:40.714460,DEL,HYD,DEL -> HYD,Air India,Air India,Air India,t+15,t+15,15,15,2026-10-10,Economy,9:40 AM,12:00 PM,140,0,8529.52,426.48,450.0,350.0,9756.0,9756.0,ACTIVE,False,NORMAL,False
DEL -> HYD|Akasa Air|t+15|2:10 PM|4:30 PM|140|0,2026-09-25,2026-09-25 17:48:40.714460,DEL,HYD,DEL -> HYD,Akasa Air,Akasa Air,Akasa Air,t+15,t+15,15,15,2026-10-10,Economy,2:10 PM,4:30 PM,140,0,8471.43,423.57,450.0,350.0,9695.0,9695.0,ACTIVE,False,NORMAL,True
DEL -> HYD|Akasa Air|t+15|8:40 PM|11:10 PM|150|0,2026-09-25,2026-09-25 17:48:40.714460,DEL,HYD,DEL -> HYD,Akasa Air,Akasa Air,Akasa Air,t+15,t+15,15,15,2026-10-10,Economy,8:40 PM,11:10 PM,150,0,7849.52,392.48,450.0,350.0,9042.0,9042.0,ACTIVE,False,NORMAL,True
DEL -> HYD|IndiGo|t+15|10:00 AM|2:50 PM|290|1,2026-09-25,2026-09-25 17:48:40.714460,DEL,HYD,DEL -> HYD,IndiGo,IndiGo,IndiGo,t+15,t+15,15,15,2026-10-10,Economy,10:00 AM,2:50 PM,290,1,6840.0,342.0,450.0,350.0,7982.0,7982.0,DEPLETED_SUBSEQUENT_DAY,False,NORMAL,False
DEL -> HYD|IndiGo|t+15|11:15 PM|1:30 AM+1|135|0,2026-09-25,2026-09-25 17:48:40.714460,DEL,HYD,DEL -> HYD,IndiGo,IndiGo,IndiGo,t+15,t+15,15,15,2026-10-10,Economy,11:15 PM,1:30 AM+1,135,0,7689.52,384.48,450.0,350.0,8874.0,8874.0,ACTIVE,False,NORMAL,True
DEL -> HYD|IndiGo|t+15|11:45 AM|2:00 PM|135|0,2026-09-25,2026-09-25 17:48:40.714460,DEL,HYD,DEL -> HYD,IndiGo,IndiGo,IndiGo,t+15,t+15,15,15,2026-10-10,Economy,11:45 AM,2:00 PM,135,0,7689.52,384.48,450.0,350.0,8874.0,8874.0,ACTIVE,False,NORMAL,True
DEL -> HYD|IndiGo|t+15|1:30 PM|3:45 PM|135|0,2026-09-25,2026-09-25 17:48:40.714460,DEL,HYD,DEL -> HYD,IndiGo,IndiGo,IndiGo,t+15,t+15,15,15,2026-10-10,Economy,1:30 PM,3:45 PM,135,0,7689.52,384.48,450.0,350.0,8874.0,8874.0,ACTIVE,False,NORMAL,True
DEL -> HYD|IndiGo|t+15|2:25 AM|4:40 AM|135|0,2026-09-25,2026-09-25 17:48:40.714460,DEL,HYD,DEL -> HYD,IndiGo,IndiGo,IndiGo,t+15,t+15,15,15,2026-10-10,Economy,2:25 AM,4:40 AM,135,0,7689.52,384.48,450.0,350.0,8874.0,8874.0,ACTIVE,False,NORMAL,True
DEL -> HYD|IndiGo|t+15|2:45 PM|5:05 PM|140|0,2026-09-25,2026-09-25 17:48:40.714460,DEL,HYD,DEL -> HYD,IndiGo,IndiGo,IndiGo,t+15,t+15,15,15,2026-10-10,Economy,2:45 PM,5:05 PM,140,0,7689.52,384.48,450.0,350.0,8874.0,8874.0,ACTIVE,False,NORMAL,True
DEL -> HYD|IndiGo|t+15|4:15 PM|6:30 PM|135|0,2026-09-25,2026-09-25 17:48:40.714460,DEL,HYD,DEL -> HYD,IndiGo,IndiGo,IndiGo,t+15,t+15,15,15,2026-10-10,Economy,4:15 PM,6:30 PM,135,0,7689.52,384.48,450.0,350.0,8874.0,8874.0,ACTIVE,False,NORMAL,True
DEL -> HYD|IndiGo|t+15|5:05 PM|10:30 PM|325|1,2026-09-25,2026-09-25 17:48:40.714460,DEL,HYD,DEL -> HYD,IndiGo,IndiGo,IndiGo,t+15,t+15,15,15,2026-10-10,Economy,5:05 PM,10:30 PM,325,1,6840.0,342.0,450.0,350.0,7982.0,7982.0,ACTIVE,False,NORMAL,False
DEL -> HYD|IndiGo|t+15|5:10 AM|10:15 AM|305|1,2026-09-25,2026-09-25 17:48:40.714460,DEL,HYD,DEL -> HYD,IndiGo,IndiGo,IndiGo,t+15,t+15,15,15,2026-10-10,Economy,5:10 AM,10:15 AM,305,1,6840.0,342.0,450.0,350.0,7982.0,7982.0,ACTIVE,False,NORMAL,False
DEL -> HYD|IndiGo|t+15|5:30 AM|7:50 AM|140|0,2026-09-25,2026-09-25 17:48:40.714460,DEL,HYD,DEL -> HYD,IndiGo,IndiGo,IndiGo,t+15,t+15,15,15,2026-10-10,Economy,5:30 AM,7:50 AM,140,0,7689.52,384.48,450.0,350.0,8874.0,8874.0,ACTIVE,False,NORMAL,True
DEL -> HYD|IndiGo|t+15|5:55 PM|8:15 PM|140|0,2026-09-25,2026-09-25 17:48:40.714460,DEL,HYD,DEL -> HYD,IndiGo,IndiGo,IndiGo,t+15,t+15,15,15,2026-10-10,Economy,5:55 PM,8:15 PM,140,0,7689.52,384.48,450.0,350.0,8874.0,8874.0,ACTIVE,False,NORMAL,True
DEL -> HYD|IndiGo|t+15|7:10 AM|9:20 AM|130|0,2026-09-25,2026-09-25 17:48:40.714460,DEL,HYD,DEL -> HYD,IndiGo,IndiGo,IndiGo,t+15,t+15,15,15,2026-10-10,Economy,7:10 AM,9:20 AM,130,0,7689.52,384.48,450.0,350.0,8874.0,8874.0,ACTIVE,False,NORMAL,True
DEL -> HYD|IndiGo|t+15|7:30 PM|12:45 AM+1|315|1,2026-09-25,2026-09-25 17:48:40.714460,DEL,HYD,DEL -> HYD,IndiGo,IndiGo,IndiGo,t+15,t+15,15,15,2026-10-10,Economy,7:30 PM,12:45 AM+1,315,1,6840.0,342.0,450.0,350.0,7982.0,7982.0,ACTIVE,False,NORMAL,False
DEL -> HYD|IndiGo|t+15|7:45 PM|10:05 PM|140|0,2026-09-25,2026-09-25 17:48:40.714460,DEL,HYD,DEL -> HYD,IndiGo,IndiGo,IndiGo,t+15,t+15,15,15,2026-10-10,Economy,7:45 PM,10:05 PM,140,0,7689.52,384.48,450.0,350.0,8874.0,8874.0,ACTIVE,False,NORMAL,True
DEL -> HYD|IndiGo|t+15|8:30 AM|10:45 AM|135|0,2026-09-25,2026-09-25 17:48:40.714460,DEL,HYD,DEL -> HYD,IndiGo,IndiGo,IndiGo,t+15,t+15,15,15,2026-10-10,Economy,8:30 AM,10:45 AM,135,0,7689.52,384.48,450.0,350.0,8874.0,8874.0,ACTIVE,False,NORMAL,True
DEL -> HYD|IndiGo|t+15|9:00 PM|11:15 PM|135|0,2026-09-25,2026-09-25 17:48:40.714460,DEL,HYD,DEL -> HYD,IndiGo,IndiGo,IndiGo,t+15,t+15,15,15,2026-10-10,Economy,9:00 PM,11:15 PM,135,0,7689.52,384.48,450.0,350.0,8874.0,8874.0,ACTIVE,False,NORMAL,True
DEL -> HYD|IndiGo|t+15|9:55 AM|12:20 PM|145|0,2026-09-25,2026-09-25 17:48:40.714460,DEL,HYD,DEL -> HYD,IndiGo,IndiGo,IndiGo,t+15,t+15,15,15,2026-10-10,Economy,9:55 AM,12:20 PM,145,0,7689.52,384.48,450.0,350.0,8874.0,8874.0,ACTIVE,False,NORMAL,True
DEL -> HYD|Air India|t+30|10:00 PM|12:15 AM+1|135|0,2026-09-25,2026-09-25 17:48:54.916981,DEL,HYD,DEL -> HYD,Air India,Air India,Air India,t+30,t+30,30,30,2026-10-25,Economy,10:00 PM,12:15 AM+1,135,0,9089.52,454.48,450.0,350.0,10344.0,10344.0,NEW_INVENTORY,False,NORMAL,False
DEL -> HYD|Air India|t+30|11:00 AM|1:15 PM|135|0,2026-09-25,2026-09-25 17:48:54.916981,DEL,HYD,DEL -> HYD,Air India,Air India,Air India,t+30,t+30,30,30,2026-10-25,Economy,11:00 AM,1:15 PM,135,0,9344.76,467.24,450.0,350.0,10612.0,10612.0,NEW_INVENTORY,False,NORMAL,False
DEL -> HYD|Air India|t+30|11:00 PM|1:15 AM+1|135|0,2026-09-25,2026-09-25 17:48:54.916981,DEL,HYD,DEL -> HYD,Air India,Air India,Air India,t+30,t+30,30,30,2026-10-25,Economy,11:00 PM,1:15 AM+1,135,0,9089.52,454.48,450.0,350.0,10344.0,10344.0,NEW_INVENTORY,False,NORMAL,False
DEL -> HYD|Air India|t+30|12:30 PM|2:45 PM|135|0,2026-09-25,2026-09-25 17:48:54.916981,DEL,HYD,DEL -> HYD,Air India,Air India,Air India,t+30,t+30,30,30,2026-10-25,Economy,12:30 PM,2:45 PM,135,0,9344.76,467.24,450.0,350.0,10612.0,10612.0,ACTIVE,False,NORMAL,True
DEL -> HYD|Air India|t+30|2:30 PM|4:45 PM|135|0,2026-09-25,2026-09-25 17:48:54.916981,DEL,HYD,DEL -> HYD,Air India,Air India,Air India,t+30,t+30,30,30,2026-10-25,Economy,2:30 PM,4:45 PM,135,0,10269.52,513.48,450.0,350.0,11583.0,11583.0,NEW_INVENTORY,False,NORMAL,False
DEL -> HYD|Air India|t+30|3:30 PM|5:45 PM|135|0,2026-09-25,2026-09-25 17:48:54.916981,DEL,HYD,DEL -> HYD,Air India,Air India,Air India,t+30,t+30,30,30,2026-10-25,Economy,3:30 PM,5:45 PM,135,0,9344.76,467.24,450.0,350.0,10612.0,10612.0,NEW_INVENTORY,False,NORMAL,False
DEL -> HYD|Air India|t+30|6:00 PM|8:15 PM|135|0,2026-09-25,2026-09-25 17:48:54.916981,DEL,HYD,DEL -> HYD,Air India,Air India,Air India,t+30,t+30,30,30,2026-10-25,Economy,6:00 PM,8:15 PM,135,0,9344.76,467.24,450.0,350.0,10612.0,10612.0,NEW_INVENTORY,False,NORMAL,False
DEL -> HYD|Air India|t+30|7:00 AM|9:15 AM|135|0,2026-09-25,2026-09-25 17:48:54.916981,DEL,HYD,DEL -> HYD,Air India,Air India,Air India,t+30,t+30,30,30,2026-10-25,Economy,7:00 AM,9:15 AM,135,0,8094.29,404.71,450.0,350.0,9299.0,9299.0,NEW_INVENTORY,False,NORMAL,False
DEL -> HYD|Air India|t+30|7:30 PM|9:45 PM|135|0,2026-09-25,2026-09-25 17:48:54.916981,DEL,HYD,DEL -> HYD,Air India,Air India,Air India,t+30,t+30,30,30,2026-10-25,Economy,7:30 PM,9:45 PM,135,0,9640.0,482.0,450.0,350.0,10922.0,10922.0,NEW_INVENTORY,False,NORMAL,False
DEL -> HYD|Air India|t+30|9:40 AM|11:55 AM|135|0,2026-09-25,2026-09-25 17:48:54.916981,DEL,HYD,DEL -> HYD,Air India,Air India,Air India,t+30,t+30,30,30,2026-10-25,Economy,9:40 AM,11:55 AM,135,0,9514.29,475.71,450.0,350.0,10790.0,10790.0,NEW_INVENTORY,False,NORMAL,False
DEL -> HYD|Akasa Air|t+30|2:20 PM|4:45 PM|145|0,2026-09-25,2026-09-25 17:48:54.916981,DEL,HYD,DEL -> HYD,Akasa Air,Akasa Air,Akasa Air,t+30,t+30,30,30,2026-10-25,Economy,2:20 PM,4:45 PM,145,0,10062.86,503.14,450.0,350.0,11366.0,11366.0,NEW_INVENTORY,False,NORMAL,False
DEL -> HYD|Akasa Air|t+30|8:35 PM|10:55 PM|140|0,2026-09-25,2026-09-25 17:48:54.916981,DEL,HYD,DEL -> HYD,Akasa Air,Akasa Air,Akasa Air,t+30,t+30,30,30,2026-10-25,Economy,8:35 PM,10:55 PM,140,0,9683.81,484.19,450.0,350.0,10968.0,10968.0,NEW_INVENTORY,False,NORMAL,False
DEL -> HYD|IndiGo|t+30|10:00 AM|12:15 PM|135|0,2026-09-25,2026-09-25 17:48:54.916981,DEL,HYD,DEL -> HYD,IndiGo,IndiGo,IndiGo,t+30,t+30,30,30,2026-10-25,Economy,10:00 AM,12:15 PM,135,0,11533.33,576.67,450.0,350.0,12910.0,12910.0,NEW_INVENTORY,True,HIGH_SPIKE,False
DEL -> HYD|IndiGo|t+30|10:30 PM|12:45 AM+1|135|0,2026-09-25,2026-09-25 17:48:54.916981,DEL,HYD,DEL -> HYD,IndiGo,IndiGo,IndiGo,t+30,t+30,30,30,2026-10-25,Economy,10:30 PM,12:45 AM+1,135,0,10262.86,513.14,450.0,350.0,11576.0,11576.0,NEW_INVENTORY,False,NORMAL,False
DEL -> HYD|IndiGo|t+30|11:35 AM|5:05 PM|330|1,2026-09-25,2026-09-25 17:48:54.916981,DEL,HYD,DEL -> HYD,IndiGo,IndiGo,IndiGo,t+30,t+30,30,30,2026-10-25,Economy,11:35 AM,5:05 PM,330,1,6914.29,345.71,450.0,350.0,8060.0,8060.0,DEPLETED_SUBSEQUENT_DAY,True,LOW_ANOMALY,False
DEL -> HYD|IndiGo|t+30|11:45 AM|2:00 PM|135|0,2026-09-25,2026-09-25 17:48:54.916981,DEL,HYD,DEL -> HYD,IndiGo,IndiGo,IndiGo,t+30,t+30,30,30,2026-10-25,Economy,11:45 AM,2:00 PM,135,0,10262.86,513.14,450.0,350.0,11576.0,11576.0,ACTIVE,False,NORMAL,True
DEL -> HYD|IndiGo|t+30|1:30 PM|3:45 PM|135|0,2026-09-25,2026-09-25 17:48:54.916981,DEL,HYD,DEL -> HYD,IndiGo,IndiGo,IndiGo,t+30,t+30,30,30,2026-10-25,Economy,1:30 PM,3:45 PM,135,0,13755.24,687.76,450.0,350.0,15243.0,15243.0,ACTIVE,True,HIGH_SPIKE,True
DEL -> HYD|IndiGo|t+30|2:25 AM|4:40 AM|135|0,2026-09-25,2026-09-25 17:48:54.916981,DEL,HYD,DEL -> HYD,IndiGo,IndiGo,IndiGo,t+30,t+30,30,30,2026-10-25,Economy,2:25 AM,4:40 AM,135,0,8144.76,407.24,450.0,350.0,9352.0,9352.0,ACTIVE,False,NORMAL,True
DEL -> HYD|IndiGo|t+30|2:50 PM|5:05 PM|135|0,2026-09-25,2026-09-25 17:48:54.916981,DEL,HYD,DEL -> HYD,IndiGo,IndiGo,IndiGo,t+30,t+30,30,30,2026-10-25,Economy,2:50 PM,5:05 PM,135,0,10879.05,543.95,450.0,350.0,12223.0,12223.0,NEW_INVENTORY,True,HIGH_SPIKE,False
DEL -> HYD|IndiGo|t+30|4:15 PM|6:30 PM|135|0,2026-09-25,2026-09-25 17:48:54.916981,DEL,HYD,DEL -> HYD,IndiGo,IndiGo,IndiGo,t+30,t+30,30,30,2026-10-25,Economy,4:15 PM,6:30 PM,135,0,10879.05,543.95,450.0,350.0,12223.0,12223.0,ACTIVE,True,HIGH_SPIKE,True
DEL -> HYD|IndiGo|t+30|5:10 AM|10:30 AM|320|1,2026-09-25,2026-09-25 17:48:54.916981,DEL,HYD,DEL -> HYD,IndiGo,IndiGo,IndiGo,t+30,t+30,30,30,2026-10-25,Economy,5:10 AM,10:30 AM,320,1,6840.0,342.0,450.0,350.0,7982.0,7982.0,NEW_INVENTORY,True,LOW_ANOMALY,False
DEL -> HYD|IndiGo|t+30|5:15 AM|7:30 AM|135|0,2026-09-25,2026-09-25 17:48:54.916981,DEL,HYD,DEL -> HYD,IndiGo,IndiGo,IndiGo,t+30,t+30,30,30,2026-10-25,Economy,5:15 AM,7:30 AM,135,0,7692.38,384.62,450.0,350.0,8877.0,8877.0,NEW_INVENTORY,False,NORMAL,False
DEL -> HYD|IndiGo|t+30|5:15 PM|10:25 PM|310|1,2026-09-25,2026-09-25 17:48:54.916981,DEL,HYD,DEL -> HYD,IndiGo,IndiGo,IndiGo,t+30,t+30,30,30,2026-10-25,Economy,5:15 PM,10:25 PM,310,1,7511.43,375.57,450.0,350.0,8687.0,8687.0,NEW_INVENTORY,False,NORMAL,False
DEL -> HYD|IndiGo|t+30|6:15 PM|8:30 PM|135|0,2026-09-25,2026-09-25 17:48:54.916981,DEL,HYD,DEL -> HYD,IndiGo,IndiGo,IndiGo,t+30,t+30,30,30,2026-10-25,Economy,6:15 PM,8:30 PM,135,0,12968.57,648.43,450.0,350.0,14417.0,14417.0,NEW_INVENTORY,True,HIGH_SPIKE,False
DEL -> HYD|IndiGo|t+30|6:30 AM|8:45 AM|135|0,2026-09-25,2026-09-25 17:48:54.916981,DEL,HYD,DEL -> HYD,IndiGo,IndiGo,IndiGo,t+30,t+30,30,30,2026-10-25,Economy,6:30 AM,8:45 AM,135,0,8144.76,407.24,450.0,350.0,9352.0,9352.0,NEW_INVENTORY,False,NORMAL,False
DEL -> HYD|IndiGo|t+30|7:45 PM|10:00 PM|135|0,2026-09-25,2026-09-25 17:48:54.916981,DEL,HYD,DEL -> HYD,IndiGo,IndiGo,IndiGo,t+30,t+30,30,30,2026-10-25,Economy,7:45 PM,10:00 PM,135,0,10262.86,513.14,450.0,350.0,11576.0,11576.0,NEW_INVENTORY,False,NORMAL,False
DEL -> HYD|IndiGo|t+30|8:30 AM|10:45 AM|135|0,2026-09-25,2026-09-25 17:48:54.916981,DEL,HYD,DEL -> HYD,IndiGo,IndiGo,IndiGo,t+30,t+30,30,30,2026-10-25,Economy,8:30 AM,10:45 AM,135,0,9140.0,457.0,450.0,350.0,10397.0,10397.0,ACTIVE,False,NORMAL,True
DEL -> HYD|IndiGo|t+30|9:00 PM|11:15 PM|135|0,2026-09-25,2026-09-25 17:48:54.916981,DEL,HYD,DEL -> HYD,IndiGo,IndiGo,IndiGo,t+30,t+30,30,30,2026-10-25,Economy,9:00 PM,11:15 PM,135,0,10262.86,513.14,450.0,350.0,11576.0,11576.0,ACTIVE,False,NORMAL,True
DEL -> HYD|Air India|t+7|10:00 PM|12:20 AM+1|140|0,2026-09-25,2026-09-25 17:48:26.888150,DEL,HYD,DEL -> HYD,Air India,Air India,Air India,t+7,t+7,7,7,2026-10-02,Economy,10:00 PM,12:20 AM+1,140,0,7534.29,376.71,450.0,350.0,8711.0,8711.0,ACTIVE,False,NORMAL,False
DEL -> HYD|Air India|t+7|10:30 AM|12:50 PM|140|0,2026-09-25,2026-09-25 17:48:26.888150,DEL,HYD,DEL -> HYD,Air India,Air India,Air India,t+7,t+7,7,7,2026-10-02,Economy,10:30 AM,12:50 PM,140,0,8529.52,426.48,450.0,350.0,9756.0,9756.0,ACTIVE,False,NORMAL,False
DEL -> HYD|Air India|t+7|11:00 PM|1:20 AM+1|140|0,2026-09-25,2026-09-25 17:48:26.888150,DEL,HYD,DEL -> HYD,Air India,Air India,Air India,t+7,t+7,7,7,2026-10-02,Economy,11:00 PM,1:20 AM+1,140,0,7534.29,376.71,450.0,350.0,8711.0,8711.0,ACTIVE,False,NORMAL,False
DEL -> HYD|Air India|t+7|2:00 AM|4:20 AM|140|0,2026-09-25,2026-09-25 17:48:26.888150,DEL,HYD,DEL -> HYD,Air India,Air India,Air India,t+7,t+7,7,7,2026-10-02,Economy,2:00 AM,4:20 AM,140,0,8044.76,402.24,450.0,350.0,9247.0,9247.0,ACTIVE,False,NORMAL,True
DEL -> HYD|Air India|t+7|2:30 PM|4:40 PM|130|0,2026-09-25,2026-09-25 17:48:26.888150,DEL,HYD,DEL -> HYD,Air India,Air India,Air India,t+7,t+7,7,7,2026-10-02,Economy,2:30 PM,4:40 PM,130,0,7629.52,381.48,450.0,350.0,8811.0,8811.0,ACTIVE,False,NORMAL,True
DEL -> HYD|Air India|t+7|3:30 PM|5:55 PM|145|0,2026-09-25,2026-09-25 17:48:26.888150,DEL,HYD,DEL -> HYD,Air India,Air India,Air India,t+7,t+7,7,7,2026-10-02,Economy,3:30 PM,5:55 PM,145,0,7594.29,379.71,450.0,350.0,8774.0,8774.0,ACTIVE,False,NORMAL,True
DEL -> HYD|Air India|t+7|6:00 AM|8:20 AM|140|0,2026-09-25,2026-09-25 17:48:26.888150,DEL,HYD,DEL -> HYD,Air India,Air India,Air India,t+7,t+7,7,7,2026-10-02,Economy,6:00 AM,8:20 AM,140,0,7734.29,386.71,450.0,350.0,8921.0,8921.0,ACTIVE,False,NORMAL,False
DEL -> HYD|Air India|t+7|6:00 PM|8:20 PM|140|0,2026-09-25,2026-09-25 17:48:26.888150,DEL,HYD,DEL -> HYD,Air India,Air India,Air India,t+7,t+7,7,7,2026-10-02,Economy,6:00 PM,8:20 PM,140,0,7634.29,381.71,450.0,350.0,8816.0,8816.0,ACTIVE,False,NORMAL,True
DEL -> HYD|Air India|t+7|7:00 AM|9:20 AM|140|0,2026-09-25,2026-09-25 17:48:26.888150,DEL,HYD,DEL -> HYD,Air India,Air India,Air India,t+7,t+7,7,7,2026-10-02,Economy,7:00 AM,9:20 AM,140,0,12764.76,638.24,450.0,350.0,14203.0,14203.0,DEPLETED_SUBSEQUENT_DAY,True,HIGH_SPIKE,False
DEL -> HYD|Air India|t+7|7:30 PM|9:50 PM|140|0,2026-09-25,2026-09-25 17:48:26.888150,DEL,HYD,DEL -> HYD,Air India,Air India,Air India,t+7,t+7,7,7,2026-10-02,Economy,7:30 PM,9:50 PM,140,0,7640.0,382.0,450.0,350.0,8822.0,8822.0,ACTIVE,False,NORMAL,False
DEL -> HYD|Air India|t+7|8:30 PM|10:50 PM|140|0,2026-09-25,2026-09-25 17:48:26.888150,DEL,HYD,DEL -> HYD,Air India,Air India,Air India,t+7,t+7,7,7,2026-10-02,Economy,8:30 PM,10:50 PM,140,0,7594.29,379.71,450.0,350.0,8774.0,8774.0,ACTIVE,False,NORMAL,True
DEL -> HYD|Air India|t+7|9:40 AM|12:00 PM|140|0,2026-09-25,2026-09-25 17:48:26.888150,DEL,HYD,DEL -> HYD,Air India,Air India,Air India,t+7,t+7,7,7,2026-10-02,Economy,9:40 AM,12:00 PM,140,0,8529.52,426.48,450.0,350.0,9756.0,9756.0,ACTIVE,False,NORMAL,True
DEL -> HYD|Akasa Air|t+7|2:10 PM|4:30 PM|140|0,2026-09-25,2026-09-25 17:48:26.888150,DEL,HYD,DEL -> HYD,Akasa Air,Akasa Air,Akasa Air,t+7,t+7,7,7,2026-10-02,Economy,2:10 PM,4:30 PM,140,0,8634.29,431.71,450.0,350.0,9866.0,9866.0,ACTIVE,False,NORMAL,True
DEL -> HYD|Akasa Air|t+7|8:40 PM|11:10 PM|150|0,2026-09-25,2026-09-25 17:48:26.888150,DEL,HYD,DEL -> HYD,Akasa Air,Akasa Air,Akasa Air,t+7,t+7,7,7,2026-10-02,Economy,8:40 PM,11:10 PM,150,0,7140.0,357.0,450.0,350.0,8297.0,8297.0,ACTIVE,False,NORMAL,True
DEL -> HYD|IndiGo|t+7|10:00 AM|2:50 PM|290|1,2026-09-25,2026-09-25 17:48:26.888150,DEL,HYD,DEL -> HYD,IndiGo,IndiGo,IndiGo,t+7,t+7,7,7,2026-10-02,Economy,10:00 AM,2:50 PM,290,1,6840.0,342.0,450.0,350.0,7982.0,7982.0,ACTIVE,False,NORMAL,False
DEL -> HYD|IndiGo|t+7|11:15 PM|1:30 AM+1|135|0,2026-09-25,2026-09-25 17:48:26.888150,DEL,HYD,DEL -> HYD,IndiGo,IndiGo,IndiGo,t+7,t+7,7,7,2026-10-02,Economy,11:15 PM,1:30 AM+1,135,0,7689.52,384.48,450.0,350.0,8874.0,8874.0,ACTIVE,False,NORMAL,True
DEL -> HYD|IndiGo|t+7|11:45 AM|2:00 PM|135|0,2026-09-25,2026-09-25 17:48:26.888150,DEL,HYD,DEL -> HYD,IndiGo,IndiGo,IndiGo,t+7,t+7,7,7,2026-10-02,Economy,11:45 AM,2:00 PM,135,0,8142.86,407.14,450.0,350.0,9350.0,9350.0,ACTIVE,False,NORMAL,True
DEL -> HYD|IndiGo|t+7|1:30 PM|3:45 PM|135|0,2026-09-25,2026-09-25 17:48:26.888150,DEL,HYD,DEL -> HYD,IndiGo,IndiGo,IndiGo,t+7,t+7,7,7,2026-10-02,Economy,1:30 PM,3:45 PM,135,0,7689.52,384.48,450.0,350.0,8874.0,8874.0,ACTIVE,False,NORMAL,True
DEL -> HYD|IndiGo|t+7|2:25 AM|4:40 AM|135|0,2026-09-25,2026-09-25 17:48:26.888150,DEL,HYD,DEL -> HYD,IndiGo,IndiGo,IndiGo,t+7,t+7,7,7,2026-10-02,Economy,2:25 AM,4:40 AM,135,0,8624.76,431.24,450.0,350.0,9856.0,9856.0,ACTIVE,False,NORMAL,True
DEL -> HYD|IndiGo|t+7|2:45 PM|5:05 PM|140|0,2026-09-25,2026-09-25 17:48:26.888150,DEL,HYD,DEL -> HYD,IndiGo,IndiGo,IndiGo,t+7,t+7,7,7,2026-10-02,Economy,2:45 PM,5:05 PM,140,0,7689.52,384.48,450.0,350.0,8874.0,8874.0,ACTIVE,False,NORMAL,True
DEL -> HYD|IndiGo|t+7|4:15 PM|6:30 PM|135|0,2026-09-25,2026-09-25 17:48:26.888150,DEL,HYD,DEL -> HYD,IndiGo,IndiGo,IndiGo,t+7,t+7,7,7,2026-10-02,Economy,4:15 PM,6:30 PM,135,0,7689.52,384.48,450.0,350.0,8874.0,8874.0,ACTIVE,False,NORMAL,True
DEL -> HYD|IndiGo|t+7|5:05 PM|10:30 PM|325|1,2026-09-25,2026-09-25 17:48:26.888150,DEL,HYD,DEL -> HYD,IndiGo,IndiGo,IndiGo,t+7,t+7,7,7,2026-10-02,Economy,5:05 PM,10:30 PM,325,1,6840.0,342.0,450.0,350.0,7982.0,7982.0,DEPLETED_SUBSEQUENT_DAY,False,NORMAL,False
DEL -> HYD|IndiGo|t+7|5:10 AM|10:15 AM|305|1,2026-09-25,2026-09-25 17:48:26.888150,DEL,HYD,DEL -> HYD,IndiGo,IndiGo,IndiGo,t+7,t+7,7,7,2026-10-02,Economy,5:10 AM,10:15 AM,305,1,6840.0,342.0,450.0,350.0,7982.0,7982.0,ACTIVE,False,NORMAL,False
DEL -> HYD|IndiGo|t+7|5:30 AM|7:50 AM|140|0,2026-09-25,2026-09-25 17:48:26.888150,DEL,HYD,DEL -> HYD,IndiGo,IndiGo,IndiGo,t+7,t+7,7,7,2026-10-02,Economy,5:30 AM,7:50 AM,140,0,7689.52,384.48,450.0,350.0,8874.0,8874.0,DEPLETED_SUBSEQUENT_DAY,False,NORMAL,False
DEL -> HYD|IndiGo|t+7|5:55 PM|8:15 PM|140|0,2026-09-25,2026-09-25 17:48:26.888150,DEL,HYD,DEL -> HYD,IndiGo,IndiGo,IndiGo,t+7,t+7,7,7,2026-10-02,Economy,5:55 PM,8:15 PM,140,0,7689.52,384.48,450.0,350.0,8874.0,8874.0,ACTIVE,False,NORMAL,True
DEL -> HYD|IndiGo|t+7|7:10 AM|9:20 AM|130|0,2026-09-25,2026-09-25 17:48:26.888150,DEL,HYD,DEL -> HYD,IndiGo,IndiGo,IndiGo,t+7,t+7,7,7,2026-10-02,Economy,7:10 AM,9:20 AM,130,0,7689.52,384.48,450.0,350.0,8874.0,8874.0,ACTIVE,False,NORMAL,True
DEL -> HYD|IndiGo|t+7|7:30 PM|12:45 AM+1|315|1,2026-09-25,2026-09-25 17:48:26.888150,DEL,HYD,DEL -> HYD,IndiGo,IndiGo,IndiGo,t+7,t+7,7,7,2026-10-02,Economy,7:30 PM,12:45 AM+1,315,1,6840.0,342.0,450.0,350.0,7982.0,7982.0,ACTIVE,False,NORMAL,False
DEL -> HYD|IndiGo|t+7|7:45 PM|10:05 PM|140|0,2026-09-25,2026-09-25 17:48:26.888150,DEL,HYD,DEL -> HYD,IndiGo,IndiGo,IndiGo,t+7,t+7,7,7,2026-10-02,Economy,7:45 PM,10:05 PM,140,0,7689.52,384.48,450.0,350.0,8874.0,8874.0,ACTIVE,False,NORMAL,True
DEL -> HYD|IndiGo|t+7|8:30 AM|10:45 AM|135|0,2026-09-25,2026-09-25 17:48:26.888150,DEL,HYD,DEL -> HYD,IndiGo,IndiGo,IndiGo,t+7,t+7,7,7,2026-10-02,Economy,8:30 AM,10:45 AM,135,0,8624.76,431.24,450.0,350.0,9856.0,9856.0,ACTIVE,False,NORMAL,True
DEL -> HYD|IndiGo|t+7|9:00 PM|11:15 PM|135|0,2026-09-25,2026-09-25 17:48:26.888150,DEL,HYD,DEL -> HYD,IndiGo,IndiGo,IndiGo,t+7,t+7,7,7,2026-10-02,Economy,9:00 PM,11:15 PM,135,0,7689.52,384.48,450.0,350.0,8874.0,8874.0,ACTIVE,False,NORMAL,True
DEL -> HYD|IndiGo|t+7|9:55 AM|12:20 PM|145|0,2026-09-25,2026-09-25 17:48:26.888150,DEL,HYD,DEL -> HYD,IndiGo,IndiGo,IndiGo,t+7,t+7,7,7,2026-10-02,Economy,9:55 AM,12:20 PM,145,0,8624.76,431.24,450.0,350.0,9856.0,9856.0,ACTIVE,False,NORMAL,True
DEL -> HYD|Air India|t+1|10:00 PM|12:20 AM+1|140|0,2026-09-26,2026-09-26 09:01:52.729156,DEL,HYD,DEL -> HYD,Air India,Air India,Air India,t+1,t+1,1,1,2026-09-27,Economy,10:00 PM,12:20 AM+1,140,0,7534.29,376.71,450.0,350.0,8711.0,8711.0,ACTIVE,False,NORMAL,True
DEL -> HYD|Air India|t+1|10:30 AM|12:50 PM|140|0,2026-09-26,2026-09-26 09:01:52.729156,DEL,HYD,DEL -> HYD,Air India,Air India,Air India,t+1,t+1,1,1,2026-09-27,Economy,10:30 AM,12:50 PM,140,0,7594.29,379.71,450.0,350.0,8774.0,8774.0,ACTIVE,False,NORMAL,False
DEL -> HYD|Air India|t+1|11:00 PM|1:20 AM+1|140|0,2026-09-26,2026-09-26 09:01:52.729156,DEL,HYD,DEL -> HYD,Air India,Air India,Air India,t+1,t+1,1,1,2026-09-27,Economy,11:00 PM,1:20 AM+1,140,0,7534.29,376.71,450.0,350.0,8711.0,8711.0,ACTIVE,False,NORMAL,True
DEL -> HYD|Air India|t+1|12:30 PM|2:45 PM|135|0,2026-09-26,2026-09-26 09:01:52.729156,DEL,HYD,DEL -> HYD,Air India,Air India,Air India,t+1,t+1,1,1,2026-09-27,Economy,12:30 PM,2:45 PM,135,0,8269.52,413.48,450.0,350.0,9483.0,9483.0,ACTIVE,False,NORMAL,False
DEL -> HYD|Air India|t+1|2:00 AM|4:20 AM|140|0,2026-09-26,2026-09-26 09:01:52.729156,DEL,HYD,DEL -> HYD,Air India,Air India,Air India,t+1,t+1,1,1,2026-09-27,Economy,2:00 AM,4:20 AM,140,0,7534.29,376.71,450.0,350.0,8711.0,8711.0,ACTIVE,False,NORMAL,True
DEL -> HYD|Air India|t+1|2:30 PM|4:40 PM|130|0,2026-09-26,2026-09-26 09:01:52.729156,DEL,HYD,DEL -> HYD,Air India,Air India,Air India,t+1,t+1,1,1,2026-09-27,Economy,2:30 PM,4:40 PM,130,0,8569.52,428.48,450.0,350.0,9798.0,9798.0,ACTIVE,False,NORMAL,True
DEL -> HYD|Air India|t+1|3:30 PM|5:55 PM|145|0,2026-09-26,2026-09-26 09:01:52.729156,DEL,HYD,DEL -> HYD,Air India,Air India,Air India,t+1,t+1,1,1,2026-09-27,Economy,3:30 PM,5:55 PM,145,0,7594.29,379.71,450.0,350.0,8774.0,8774.0,ACTIVE,False,NORMAL,False
DEL -> HYD|Air India|t+1|6:00 AM|8:20 AM|140|0,2026-09-26,2026-09-26 09:01:52.729156,DEL,HYD,DEL -> HYD,Air India,Air India,Air India,t+1,t+1,1,1,2026-09-27,Economy,6:00 AM,8:20 AM,140,0,7594.29,379.71,450.0,350.0,8774.0,8774.0,ACTIVE,False,NORMAL,False
DEL -> HYD|Air India|t+1|6:00 PM|8:20 PM|140|0,2026-09-26,2026-09-26 09:01:52.729156,DEL,HYD,DEL -> HYD,Air India,Air India,Air India,t+1,t+1,1,1,2026-09-27,Economy,6:00 PM,8:20 PM,140,0,8269.52,413.48,450.0,350.0,9483.0,9483.0,ACTIVE,False,NORMAL,True
DEL -> HYD|Air India|t+1|7:30 PM|9:50 PM|140|0,2026-09-26,2026-09-26 09:01:52.729156,DEL,HYD,DEL -> HYD,Air India,Air India,Air India,t+1,t+1,1,1,2026-09-27,Economy,7:30 PM,9:50 PM,140,0,7500.0,375.0,450.0,350.0,8675.0,8675.0,ACTIVE,False,NORMAL,False
DEL -> HYD|Air India|t+1|8:30 PM|10:50 PM|140|0,2026-09-26,2026-09-26 09:01:52.729156,DEL,HYD,DEL -> HYD,Air India,Air India,Air India,t+1,t+1,1,1,2026-09-27,Economy,8:30 PM,10:50 PM,140,0,7594.29,379.71,450.0,350.0,8774.0,8774.0,ACTIVE,False,NORMAL,True
DEL -> HYD|Air India|t+1|9:40 AM|12:00 PM|140|0,2026-09-26,2026-09-26 09:01:52.729156,DEL,HYD,DEL -> HYD,Air India,Air India,Air India,t+1,t+1,1,1,2026-09-27,Economy,9:40 AM,12:00 PM,140,0,7594.29,379.71,450.0,350.0,8774.0,8774.0,ACTIVE,False,NORMAL,True
DEL -> HYD|Akasa Air|t+1|2:10 PM|4:30 PM|140|0,2026-09-26,2026-09-26 09:01:52.729156,DEL,HYD,DEL -> HYD,Akasa Air,Akasa Air,Akasa Air,t+1,t+1,1,1,2026-09-27,Economy,2:10 PM,4:30 PM,140,0,8000.0,400.0,450.0,350.0,9200.0,9200.0,ACTIVE,False,NORMAL,True
DEL -> HYD|Akasa Air|t+1|8:40 PM|11:10 PM|150|0,2026-09-26,2026-09-26 09:01:52.729156,DEL,HYD,DEL -> HYD,Akasa Air,Akasa Air,Akasa Air,t+1,t+1,1,1,2026-09-27,Economy,8:40 PM,11:10 PM,150,0,8311.43,415.57,450.0,350.0,9527.0,9527.0,ACTIVE,False,NORMAL,True
DEL -> HYD|IndiGo|t+1|11:15 PM|1:30 AM+1|135|0,2026-09-26,2026-09-26 09:01:52.729156,DEL,HYD,DEL -> HYD,IndiGo,IndiGo,IndiGo,t+1,t+1,1,1,2026-09-27,Economy,11:15 PM,1:30 AM+1,135,0,8142.86,407.14,450.0,350.0,9350.0,9350.0,ACTIVE,False,NORMAL,True
DEL -> HYD|IndiGo|t+1|11:45 AM|2:00 PM|135|0,2026-09-26,2026-09-26 09:01:52.729156,DEL,HYD,DEL -> HYD,IndiGo,IndiGo,IndiGo,t+1,t+1,1,1,2026-09-27,Economy,11:45 AM,2:00 PM,135,0,8624.76,431.24,450.0,350.0,9856.0,9856.0,ACTIVE,False,NORMAL,True
DEL -> HYD|IndiGo|t+1|1:30 PM|3:45 PM|135|0,2026-09-26,2026-09-26 09:01:52.729156,DEL,HYD,DEL -> HYD,IndiGo,IndiGo,IndiGo,t+1,t+1,1,1,2026-09-27,Economy,1:30 PM,3:45 PM,135,0,8624.76,431.24,450.0,350.0,9856.0,9856.0,ACTIVE,False,NORMAL,True
DEL -> HYD|IndiGo|t+1|2:45 PM|5:05 PM|140|0,2026-09-26,2026-09-26 09:01:52.729156,DEL,HYD,DEL -> HYD,IndiGo,IndiGo,IndiGo,t+1,t+1,1,1,2026-09-27,Economy,2:45 PM,5:05 PM,140,0,9138.1,456.9,450.0,350.0,10395.0,10395.0,NEW_INVENTORY,False,NORMAL,False
DEL -> HYD|IndiGo|t+1|4:15 PM|6:30 PM|135|0,2026-09-26,2026-09-26 09:01:52.729156,DEL,HYD,DEL -> HYD,IndiGo,IndiGo,IndiGo,t+1,t+1,1,1,2026-09-27,Economy,4:15 PM,6:30 PM,135,0,10260.95,513.05,450.0,350.0,11574.0,11574.0,ACTIVE,False,NORMAL,True
DEL -> HYD|IndiGo|t+1|5:10 AM|10:15 AM|305|1,2026-09-26,2026-09-26 09:01:52.729156,DEL,HYD,DEL -> HYD,IndiGo,IndiGo,IndiGo,t+1,t+1,1,1,2026-09-27,Economy,5:10 AM,10:15 AM,305,1,7436.19,371.81,450.0,350.0,8608.0,8608.0,DEPLETED_SUBSEQUENT_DAY,False,NORMAL,False
DEL -> HYD|IndiGo|t+1|5:55 PM|8:15 PM|140|0,2026-09-26,2026-09-26 09:01:52.729156,DEL,HYD,DEL -> HYD,IndiGo,IndiGo,IndiGo,t+1,t+1,1,1,2026-09-27,Economy,5:55 PM,8:15 PM,140,0,8624.76,431.24,450.0,350.0,9856.0,9856.0,ACTIVE,False,NORMAL,True
DEL -> HYD|IndiGo|t+1|7:10 AM|9:20 AM|130|0,2026-09-26,2026-09-26 09:01:52.729156,DEL,HYD,DEL -> HYD,IndiGo,IndiGo,IndiGo,t+1,t+1,1,1,2026-09-27,Economy,7:10 AM,9:20 AM,130,0,7689.52,384.48,450.0,350.0,8874.0,8874.0,ACTIVE,False,NORMAL,False
DEL -> HYD|IndiGo|t+1|7:45 PM|10:05 PM|140|0,2026-09-26,2026-09-26 09:01:52.729156,DEL,HYD,DEL -> HYD,IndiGo,IndiGo,IndiGo,t+1,t+1,1,1,2026-09-27,Economy,7:45 PM,10:05 PM,140,0,8624.76,431.24,450.0,350.0,9856.0,9856.0,ACTIVE,False,NORMAL,True
DEL -> HYD|IndiGo|t+1|8:30 AM|10:45 AM|135|0,2026-09-26,2026-09-26 09:01:52.729156,DEL,HYD,DEL -> HYD,IndiGo,IndiGo,IndiGo,t+1,t+1,1,1,2026-09-27,Economy,8:30 AM,10:45 AM,135,0,8142.86,407.14,450.0,350.0,9350.0,9350.0,ACTIVE,False,NORMAL,True
DEL -> HYD|IndiGo|t+1|9:00 PM|11:15 PM|135|0,2026-09-26,2026-09-26 09:01:52.729156,DEL,HYD,DEL -> HYD,IndiGo,IndiGo,IndiGo,t+1,t+1,1,1,2026-09-27,Economy,9:00 PM,11:15 PM,135,0,8142.86,407.14,450.0,350.0,9350.0,9350.0,ACTIVE,False,NORMAL,True
DEL -> HYD|IndiGo|t+1|9:55 AM|12:20 PM|145|0,2026-09-26,2026-09-26 09:01:52.729156,DEL,HYD,DEL -> HYD,IndiGo,IndiGo,IndiGo,t+1,t+1,1,1,2026-09-27,Economy,9:55 AM,12:20 PM,145,0,7689.52,384.48,450.0,350.0,8874.0,8874.0,ACTIVE,False,NORMAL,True
DEL -> HYD|Air India|t+15|10:00 PM|12:20 AM+1|140|0,2026-09-26,2026-09-26 09:03:35.317813,DEL,HYD,DEL -> HYD,Air India,Air India,Air India,t+15,t+15,15,15,2026-10-11,Economy,10:00 PM,12:20 AM+1,140,0,7594.29,379.71,450.0,350.0,8774.0,8774.0,NEW_INVENTORY,False,NORMAL,False
DEL -> HYD|Air India|t+15|10:30 AM|12:50 PM|140|0,2026-09-26,2026-09-26 09:03:35.317813,DEL,HYD,DEL -> HYD,Air India,Air India,Air India,t+15,t+15,15,15,2026-10-11,Economy,10:30 AM,12:50 PM,140,0,7804.76,390.24,450.0,350.0,8995.0,8995.0,DEPLETED_SUBSEQUENT_DAY,False,NORMAL,False
DEL -> HYD|Air India|t+15|12:30 PM|2:45 PM|135|0,2026-09-26,2026-09-26 09:03:35.317813,DEL,HYD,DEL -> HYD,Air India,Air India,Air India,t+15,t+15,15,15,2026-10-11,Economy,12:30 PM,2:45 PM,135,0,7804.76,390.24,450.0,350.0,8995.0,8995.0,ACTIVE,False,NORMAL,False
DEL -> HYD|Air India|t+15|2:00 AM|4:20 AM|140|0,2026-09-26,2026-09-26 09:03:35.317813,DEL,HYD,DEL -> HYD,Air India,Air India,Air India,t+15,t+15,15,15,2026-10-11,Economy,2:00 AM,4:20 AM,140,0,7594.29,379.71,450.0,350.0,8774.0,8774.0,ACTIVE,False,NORMAL,True
DEL -> HYD|Air India|t+15|2:30 PM|4:40 PM|130|0,2026-09-26,2026-09-26 09:03:35.317813,DEL,HYD,DEL -> HYD,Air India,Air India,Air India,t+15,t+15,15,15,2026-10-11,Economy,2:30 PM,4:40 PM,130,0,8569.52,428.48,450.0,350.0,9798.0,9798.0,ACTIVE,False,NORMAL,True
DEL -> HYD|Air India|t+15|3:30 PM|5:55 PM|145|0,2026-09-26,2026-09-26 09:03:35.317813,DEL,HYD,DEL -> HYD,Air India,Air India,Air India,t+15,t+15,15,15,2026-10-11,Economy,3:30 PM,5:55 PM,145,0,7804.76,390.24,450.0,350.0,8995.0,8995.0,ACTIVE,False,NORMAL,True
DEL -> HYD|Air India|t+15|6:00 AM|8:20 AM|140|0,2026-09-26,2026-09-26 09:03:35.317813,DEL,HYD,DEL -> HYD,Air India,Air India,Air India,t+15,t+15,15,15,2026-10-11,Economy,6:00 AM,8:20 AM,140,0,7734.29,386.71,450.0,350.0,8921.0,8921.0,ACTIVE,False,NORMAL,False
DEL -> HYD|Air India|t+15|6:00 PM|8:20 PM|140|0,2026-09-26,2026-09-26 09:03:35.317813,DEL,HYD,DEL -> HYD,Air India,Air India,Air India,t+15,t+15,15,15,2026-10-11,Economy,6:00 PM,8:20 PM,140,0,7804.76,390.24,450.0,350.0,8995.0,8995.0,ACTIVE,False,NORMAL,True
DEL -> HYD|Air India|t+15|7:00 AM|9:20 AM|140|0,2026-09-26,2026-09-26 09:03:35.317813,DEL,HYD,DEL -> HYD,Air India,Air India,Air India,t+15,t+15,15,15,2026-10-11,Economy,7:00 AM,9:20 AM,140,0,7594.29,379.71,450.0,350.0,8774.0,8774.0,NEW_INVENTORY,False,NORMAL,False
DEL -> HYD|Air India|t+15|7:30 PM|9:50 PM|140|0,2026-09-26,2026-09-26 09:03:35.317813,DEL,HYD,DEL -> HYD,Air India,Air India,Air India,t+15,t+15,15,15,2026-10-11,Economy,7:30 PM,9:50 PM,140,0,7734.29,386.71,450.0,350.0,8921.0,8921.0,ACTIVE,False,NORMAL,False
DEL -> HYD|Air India|t+15|8:30 PM|10:50 PM|140|0,2026-09-26,2026-09-26 09:03:35.317813,DEL,HYD,DEL -> HYD,Air India,Air India,Air India,t+15,t+15,15,15,2026-10-11,Economy,8:30 PM,10:50 PM,140,0,7804.76,390.24,450.0,350.0,8995.0,8995.0,ACTIVE,False,NORMAL,False
DEL -> HYD|Air India|t+15|9:40 AM|12:00 PM|140|0,2026-09-26,2026-09-26 09:03:35.317813,DEL,HYD,DEL -> HYD,Air India,Air India,Air India,t+15,t+15,15,15,2026-10-11,Economy,9:40 AM,12:00 PM,140,0,7944.76,397.24,450.0,350.0,9142.0,9142.0,ACTIVE,False,NORMAL,False
DEL -> HYD|Akasa Air|t+15|2:10 PM|4:30 PM|140|0,2026-09-26,2026-09-26 09:03:35.317813,DEL,HYD,DEL -> HYD,Akasa Air,Akasa Air,Akasa Air,t+15,t+15,15,15,2026-10-11,Economy,2:10 PM,4:30 PM,140,0,19265.71,963.29,450.0,350.0,21029.0,21029.0,ACTIVE,True,HIGH_SPIKE,True
DEL -> HYD|Akasa Air|t+15|8:40 PM|11:10 PM|150|0,2026-09-26,2026-09-26 09:03:35.317813,DEL,HYD,DEL -> HYD,Akasa Air,Akasa Air,Akasa Air,t+15,t+15,15,15,2026-10-11,Economy,8:40 PM,11:10 PM,150,0,9683.81,484.19,450.0,350.0,10968.0,10968.0,ACTIVE,False,NORMAL,True
DEL -> HYD|IndiGo|t+15|11:15 PM|1:30 AM+1|135|0,2026-09-26,2026-09-26 09:03:35.317813,DEL,HYD,DEL -> HYD,IndiGo,IndiGo,IndiGo,t+15,t+15,15,15,2026-10-11,Economy,11:15 PM,1:30 AM+1,135,0,7689.52,384.48,450.0,350.0,8874.0,8874.0,ACTIVE,False,NORMAL,True
DEL -> HYD|IndiGo|t+15|11:45 AM|2:00 PM|135|0,2026-09-26,2026-09-26 09:03:35.317813,DEL,HYD,DEL -> HYD,IndiGo,IndiGo,IndiGo,t+15,t+15,15,15,2026-10-11,Economy,11:45 AM,2:00 PM,135,0,7689.52,384.48,450.0,350.0,8874.0,8874.0,ACTIVE,False,NORMAL,True
DEL -> HYD|IndiGo|t+15|1:30 PM|3:45 PM|135|0,2026-09-26,2026-09-26 09:03:35.317813,DEL,HYD,DEL -> HYD,IndiGo,IndiGo,IndiGo,t+15,t+15,15,15,2026-10-11,Economy,1:30 PM,3:45 PM,135,0,8142.86,407.14,450.0,350.0,9350.0,9350.0,ACTIVE,False,NORMAL,True
DEL -> HYD|IndiGo|t+15|2:25 AM|4:40 AM|135|0,2026-09-26,2026-09-26 09:03:35.317813,DEL,HYD,DEL -> HYD,IndiGo,IndiGo,IndiGo,t+15,t+15,15,15,2026-10-11,Economy,2:25 AM,4:40 AM,135,0,7689.52,384.48,450.0,350.0,8874.0,8874.0,ACTIVE,False,NORMAL,True
DEL -> HYD|IndiGo|t+15|2:45 PM|5:05 PM|140|0,2026-09-26,2026-09-26 09:03:35.317813,DEL,HYD,DEL -> HYD,IndiGo,IndiGo,IndiGo,t+15,t+15,15,15,2026-10-11,Economy,2:45 PM,5:05 PM,140,0,8624.76,431.24,450.0,350.0,9856.0,9856.0,ACTIVE,False,NORMAL,True
DEL -> HYD|IndiGo|t+15|4:15 PM|6:30 PM|135|0,2026-09-26,2026-09-26 09:03:35.317813,DEL,HYD,DEL -> HYD,IndiGo,IndiGo,IndiGo,t+15,t+15,15,15,2026-10-11,Economy,4:15 PM,6:30 PM,135,0,7689.52,384.48,450.0,350.0,8874.0,8874.0,ACTIVE,False,NORMAL,True
DEL -> HYD|IndiGo|t+15|5:05 PM|10:30 PM|325|1,2026-09-26,2026-09-26 09:03:35.317813,DEL,HYD,DEL -> HYD,IndiGo,IndiGo,IndiGo,t+15,t+15,15,15,2026-10-11,Economy,5:05 PM,10:30 PM,325,1,6840.0,342.0,450.0,350.0,7982.0,7982.0,ACTIVE,False,NORMAL,False
DEL -> HYD|IndiGo|t+15|5:10 AM|10:15 AM|305|1,2026-09-26,2026-09-26 09:03:35.317813,DEL,HYD,DEL -> HYD,IndiGo,IndiGo,IndiGo,t+15,t+15,15,15,2026-10-11,Economy,5:10 AM,10:15 AM,305,1,6840.0,342.0,450.0,350.0,7982.0,7982.0,ACTIVE,False,NORMAL,False
DEL -> HYD|IndiGo|t+15|5:30 AM|7:50 AM|140|0,2026-09-26,2026-09-26 09:03:35.317813,DEL,HYD,DEL -> HYD,IndiGo,IndiGo,IndiGo,t+15,t+15,15,15,2026-10-11,Economy,5:30 AM,7:50 AM,140,0,7689.52,384.48,450.0,350.0,8874.0,8874.0,ACTIVE,False,NORMAL,True
DEL -> HYD|IndiGo|t+15|5:55 PM|8:15 PM|140|0,2026-09-26,2026-09-26 09:03:35.317813,DEL,HYD,DEL -> HYD,IndiGo,IndiGo,IndiGo,t+15,t+15,15,15,2026-10-11,Economy,5:55 PM,8:15 PM,140,0,7689.52,384.48,450.0,350.0,8874.0,8874.0,ACTIVE,False,NORMAL,True
DEL -> HYD|IndiGo|t+15|7:10 AM|9:20 AM|130|0,2026-09-26,2026-09-26 09:03:35.317813,DEL,HYD,DEL -> HYD,IndiGo,IndiGo,IndiGo,t+15,t+15,15,15,2026-10-11,Economy,7:10 AM,9:20 AM,130,0,7689.52,384.48,450.0,350.0,8874.0,8874.0,ACTIVE,False,NORMAL,True
DEL -> HYD|IndiGo|t+15|7:30 PM|12:45 AM+1|315|1,2026-09-26,2026-09-26 09:03:35.317813,DEL,HYD,DEL -> HYD,IndiGo,IndiGo,IndiGo,t+15,t+15,15,15,2026-10-11,Economy,7:30 PM,12:45 AM+1,315,1,6840.0,342.0,450.0,350.0,7982.0,7982.0,ACTIVE,False,NORMAL,False
DEL -> HYD|IndiGo|t+15|7:45 PM|10:05 PM|140|0,2026-09-26,2026-09-26 09:03:35.317813,DEL,HYD,DEL -> HYD,IndiGo,IndiGo,IndiGo,t+15,t+15,15,15,2026-10-11,Economy,7:45 PM,10:05 PM,140,0,7689.52,384.48,450.0,350.0,8874.0,8874.0,ACTIVE,False,NORMAL,True
DEL -> HYD|IndiGo|t+15|8:30 AM|10:45 AM|135|0,2026-09-26,2026-09-26 09:03:35.317813,DEL,HYD,DEL -> HYD,IndiGo,IndiGo,IndiGo,t+15,t+15,15,15,2026-10-11,Economy,8:30 AM,10:45 AM,135,0,7689.52,384.48,450.0,350.0,8874.0,8874.0,ACTIVE,False,NORMAL,True
DEL -> HYD|IndiGo|t+15|9:00 PM|11:15 PM|135|0,2026-09-26,2026-09-26 09:03:35.317813,DEL,HYD,DEL -> HYD,IndiGo,IndiGo,IndiGo,t+15,t+15,15,15,2026-10-11,Economy,9:00 PM,11:15 PM,135,0,7689.52,384.48,450.0,350.0,8874.0,8874.0,ACTIVE,False,NORMAL,True
DEL -> HYD|IndiGo|t+15|9:55 AM|12:20 PM|145|0,2026-09-26,2026-09-26 09:03:35.317813,DEL,HYD,DEL -> HYD,IndiGo,IndiGo,IndiGo,t+15,t+15,15,15,2026-10-11,Economy,9:55 AM,12:20 PM,145,0,7689.52,384.48,450.0,350.0,8874.0,8874.0,ACTIVE,False,NORMAL,True
DEL -> HYD|Air India|t+30|10:00 PM|12:15 AM+1|135|0,2026-09-26,2026-09-26 09:03:52.456977,DEL,HYD,DEL -> HYD,Air India,Air India,Air India,t+30,t+30,30,30,2026-10-26,Economy,10:00 PM,12:15 AM+1,135,0,8580.0,429.0,450.0,350.0,9809.0,9809.0,ACTIVE,False,NORMAL,False
DEL -> HYD|Air India|t+30|11:00 AM|1:15 PM|135|0,2026-09-26,2026-09-26 09:03:52.456977,DEL,HYD,DEL -> HYD,Air India,Air India,Air India,t+30,t+30,30,30,2026-10-26,Economy,11:00 AM,1:15 PM,135,0,9344.76,467.24,450.0,350.0,10612.0,10612.0,ACTIVE,False,NORMAL,False
DEL -> HYD|Air India|t+30|11:00 PM|1:15 AM+1|135|0,2026-09-26,2026-09-26 09:03:52.456977,DEL,HYD,DEL -> HYD,Air India,Air India,Air India,t+30,t+30,30,30,2026-10-26,Economy,11:00 PM,1:15 AM+1,135,0,8580.0,429.0,450.0,350.0,9809.0,9809.0,ACTIVE,False,NORMAL,False
DEL -> HYD|Air India|t+30|12:30 PM|2:45 PM|135|0,2026-09-26,2026-09-26 09:03:52.456977,DEL,HYD,DEL -> HYD,Air India,Air India,Air India,t+30,t+30,30,30,2026-10-26,Economy,12:30 PM,2:45 PM,135,0,9089.52,454.48,450.0,350.0,10344.0,10344.0,ACTIVE,False,NORMAL,True
DEL -> HYD|Air India|t+30|2:30 PM|4:45 PM|135|0,2026-09-26,2026-09-26 09:03:52.456977,DEL,HYD,DEL -> HYD,Air India,Air India,Air India,t+30,t+30,30,30,2026-10-26,Economy,2:30 PM,4:45 PM,135,0,9429.52,471.48,450.0,350.0,10701.0,10701.0,ACTIVE,False,NORMAL,False
DEL -> HYD|Air India|t+30|3:30 PM|5:45 PM|135|0,2026-09-26,2026-09-26 09:03:52.456977,DEL,HYD,DEL -> HYD,Air India,Air India,Air India,t+30,t+30,30,30,2026-10-26,Economy,3:30 PM,5:45 PM,135,0,9089.52,454.48,450.0,350.0,10344.0,10344.0,ACTIVE,False,NORMAL,False
DEL -> HYD|Air India|t+30|6:00 PM|8:15 PM|135|0,2026-09-26,2026-09-26 09:03:52.456977,DEL,HYD,DEL -> HYD,Air India,Air India,Air India,t+30,t+30,30,30,2026-10-26,Economy,6:00 PM,8:15 PM,135,0,9089.52,454.48,450.0,350.0,10344.0,10344.0,ACTIVE,False,NORMAL,False
DEL -> HYD|Air India|t+30|7:00 AM|9:15 AM|135|0,2026-09-26,2026-09-26 09:03:52.456977,DEL,HYD,DEL -> HYD,Air India,Air India,Air India,t+30,t+30,30,30,2026-10-26,Economy,7:00 AM,9:15 AM,135,0,9514.29,475.71,450.0,350.0,10790.0,10790.0,ACTIVE,False,NORMAL,False
DEL -> HYD|Air India|t+30|7:30 PM|9:45 PM|135|0,2026-09-26,2026-09-26 09:03:52.456977,DEL,HYD,DEL -> HYD,Air India,Air India,Air India,t+30,t+30,30,30,2026-10-26,Economy,7:30 PM,9:45 PM,135,0,8580.0,429.0,450.0,350.0,9809.0,9809.0,ACTIVE,False,NORMAL,False
DEL -> HYD|Air India|t+30|9:40 AM|11:55 AM|135|0,2026-09-26,2026-09-26 09:03:52.456977,DEL,HYD,DEL -> HYD,Air India,Air India,Air India,t+30,t+30,30,30,2026-10-26,Economy,9:40 AM,11:55 AM,135,0,9089.52,454.48,450.0,350.0,10344.0,10344.0,ACTIVE,False,NORMAL,False
DEL -> HYD|Akasa Air|t+30|2:20 PM|4:45 PM|145|0,2026-09-26,2026-09-26 09:03:52.456977,DEL,HYD,DEL -> HYD,Akasa Air,Akasa Air,Akasa Air,t+30,t+30,30,30,2026-10-26,Economy,2:20 PM,4:45 PM,145,0,9500.95,475.05,450.0,350.0,10776.0,10776.0,ACTIVE,False,NORMAL,False
DEL -> HYD|Akasa Air|t+30|8:35 PM|10:55 PM|140|0,2026-09-26,2026-09-26 09:03:52.456977,DEL,HYD,DEL -> HYD,Akasa Air,Akasa Air,Akasa Air,t+30,t+30,30,30,2026-10-26,Economy,8:35 PM,10:55 PM,140,0,8800.0,440.0,450.0,350.0,10040.0,10040.0,ACTIVE,False,NORMAL,False
DEL -> HYD|IndiGo|t+30|10:00 AM|12:15 PM|135|0,2026-09-26,2026-09-26 09:03:52.456977,DEL,HYD,DEL -> HYD,IndiGo,IndiGo,IndiGo,t+30,t+30,30,30,2026-10-26,Economy,10:00 AM,12:15 PM,135,0,16422.86,821.14,450.0,350.0,18044.0,18044.0,ACTIVE,True,HIGH_SPIKE,False
DEL -> HYD|IndiGo|t+30|10:30 PM|12:45 AM+1|135|0,2026-09-26,2026-09-26 09:03:52.456977,DEL,HYD,DEL -> HYD,IndiGo,IndiGo,IndiGo,t+30,t+30,30,30,2026-10-26,Economy,10:30 PM,12:45 AM+1,135,0,8626.67,431.33,450.0,350.0,9858.0,9858.0,ACTIVE,False,NORMAL,False
DEL -> HYD|IndiGo|t+30|11:45 AM|2:00 PM|135|0,2026-09-26,2026-09-26 09:03:52.456977,DEL,HYD,DEL -> HYD,IndiGo,IndiGo,IndiGo,t+30,t+30,30,30,2026-10-26,Economy,11:45 AM,2:00 PM,135,0,9140.0,457.0,450.0,350.0,10397.0,10397.0,ACTIVE,False,NORMAL,True
DEL -> HYD|IndiGo|t+30|1:00 PM|6:40 PM|340|1,2026-09-26,2026-09-26 12:10:24.462628,DEL,HYD,DEL -> HYD,IndiGo,IndiGo,IndiGo,t+30,t+30,30,30,2026-10-26,Economy,1:00 PM,6:40 PM,340,1,7836.19,391.81,450.0,350.0,9028.0,9028.0,DEPLETED_SUBSEQUENT_DAY,False,NORMAL,False
DEL -> HYD|IndiGo|t+30|1:30 PM|3:45 PM|135|0,2026-09-26,2026-09-26 09:03:52.456977,DEL,HYD,DEL -> HYD,IndiGo,IndiGo,IndiGo,t+30,t+30,30,30,2026-10-26,Economy,1:30 PM,3:45 PM,135,0,9140.0,457.0,450.0,350.0,10397.0,10397.0,ACTIVE,False,NORMAL,True
DEL -> HYD|IndiGo|t+30|2:25 AM|4:40 AM|135|0,2026-09-26,2026-09-26 09:03:52.456977,DEL,HYD,DEL -> HYD,IndiGo,IndiGo,IndiGo,t+30,t+30,30,30,2026-10-26,Economy,2:25 AM,4:40 AM,135,0,10879.05,543.95,450.0,350.0,12223.0,12223.0,ACTIVE,True,HIGH_SPIKE,True
DEL -> HYD|IndiGo|t+30|2:50 PM|5:05 PM|135|0,2026-09-26,2026-09-26 09:03:52.456977,DEL,HYD,DEL -> HYD,IndiGo,IndiGo,IndiGo,t+30,t+30,30,30,2026-10-26,Economy,2:50 PM,5:05 PM,135,0,9140.0,457.0,450.0,350.0,10397.0,10397.0,ACTIVE,False,NORMAL,False
DEL -> HYD|IndiGo|t+30|3:00 PM|8:55 PM|355|1,2026-09-26,2026-09-26 12:10:24.462628,DEL,HYD,DEL -> HYD,IndiGo,IndiGo,IndiGo,t+30,t+30,30,30,2026-10-26,Economy,3:00 PM,8:55 PM,355,1,7836.19,391.81,450.0,350.0,9028.0,9028.0,DEPLETED_SUBSEQUENT_DAY,False,NORMAL,False
DEL -> HYD|IndiGo|t+30|4:15 PM|6:30 PM|135|0,2026-09-26,2026-09-26 09:03:52.456977,DEL,HYD,DEL -> HYD,IndiGo,IndiGo,IndiGo,t+30,t+30,30,30,2026-10-26,Economy,4:15 PM,6:30 PM,135,0,9683.81,484.19,450.0,350.0,10968.0,10968.0,ACTIVE,False,NORMAL,True
DEL -> HYD|IndiGo|t+30|5:10 AM|10:30 AM|320|1,2026-09-26,2026-09-26 09:03:52.456977,DEL,HYD,DEL -> HYD,IndiGo,IndiGo,IndiGo,t+30,t+30,30,30,2026-10-26,Economy,5:10 AM,10:30 AM,320,1,6840.0,342.0,450.0,350.0,7982.0,7982.0,ACTIVE,True,LOW_ANOMALY,False
DEL -> HYD|IndiGo|t+30|5:15 AM|7:30 AM|135|0,2026-09-26,2026-09-26 09:03:52.456977,DEL,HYD,DEL -> HYD,IndiGo,IndiGo,IndiGo,t+30,t+30,30,30,2026-10-26,Economy,5:15 AM,7:30 AM,135,0,9140.0,457.0,450.0,350.0,10397.0,10397.0,ACTIVE,False,NORMAL,False
DEL -> HYD|IndiGo|t+30|5:15 PM|10:25 PM|310|1,2026-09-26,2026-09-26 09:03:52.456977,DEL,HYD,DEL -> HYD,IndiGo,IndiGo,IndiGo,t+30,t+30,30,30,2026-10-26,Economy,5:15 PM,10:25 PM,310,1,6914.29,345.71,450.0,350.0,8060.0,8060.0,ACTIVE,True,LOW_ANOMALY,False
DEL -> HYD|IndiGo|t+30|6:15 PM|8:30 PM|135|0,2026-09-26,2026-09-26 09:03:52.456977,DEL,HYD,DEL -> HYD,IndiGo,IndiGo,IndiGo,t+30,t+30,30,30,2026-10-26,Economy,6:15 PM,8:30 PM,135,0,9683.81,484.19,450.0,350.0,10968.0,10968.0,ACTIVE,False,NORMAL,False
DEL -> HYD|IndiGo|t+30|6:30 AM|11:55 AM|325|1,2026-09-26,2026-09-26 12:10:24.462628,DEL,HYD,DEL -> HYD,IndiGo,IndiGo,IndiGo,t+30,t+30,30,30,2026-10-26,Economy,6:30 AM,11:55 AM,325,1,7836.19,391.81,450.0,350.0,9028.0,9028.0,DEPLETED_SUBSEQUENT_DAY,False,NORMAL,False
DEL -> HYD|IndiGo|t+30|6:30 AM|8:45 AM|135|0,2026-09-26,2026-09-26 09:03:52.456977,DEL,HYD,DEL -> HYD,IndiGo,IndiGo,IndiGo,t+30,t+30,30,30,2026-10-26,Economy,6:30 AM,8:45 AM,135,0,15479.05,773.95,450.0,350.0,17053.0,17053.0,ACTIVE,True,HIGH_SPIKE,False
DEL -> HYD|IndiGo|t+30|7:25 AM|12:10 PM|285|1,2026-09-26,2026-09-26 09:03:52.456977,DEL,HYD,DEL -> HYD,IndiGo,IndiGo,IndiGo,t+30,t+30,30,30,2026-10-26,Economy,7:25 AM,12:10 PM,285,1,6914.29,345.71,450.0,350.0,8060.0,8060.0,NEW_INVENTORY,True,LOW_ANOMALY,False
DEL -> HYD|IndiGo|t+30|7:30 AM|1:25 PM|355|1,2026-09-26,2026-09-26 09:03:52.456977,DEL,HYD,DEL -> HYD,IndiGo,IndiGo,IndiGo,t+30,t+30,30,30,2026-10-26,Economy,7:30 AM,1:25 PM,355,1,6840.0,342.0,450.0,350.0,7982.0,7982.0,DEPLETED_SUBSEQUENT_DAY,True,LOW_ANOMALY,False
DEL -> HYD|IndiGo|t+30|7:40 PM|12:30 AM+1|290|1,2026-09-26,2026-09-26 09:03:52.456977,DEL,HYD,DEL -> HYD,IndiGo,IndiGo,IndiGo,t+30,t+30,30,30,2026-10-26,Economy,7:40 PM,12:30 AM+1,290,1,7040.0,352.0,450.0,350.0,8192.0,8192.0,NEW_INVENTORY,True,LOW_ANOMALY,False
DEL -> HYD|IndiGo|t+30|7:45 PM|10:00 PM|135|0,2026-09-26,2026-09-26 09:03:52.456977,DEL,HYD,DEL -> HYD,IndiGo,IndiGo,IndiGo,t+30,t+30,30,30,2026-10-26,Economy,7:45 PM,10:00 PM,135,0,8626.67,431.33,450.0,350.0,9858.0,9858.0,ACTIVE,False,NORMAL,False
DEL -> HYD|IndiGo|t+30|8:30 AM|10:45 AM|135|0,2026-09-26,2026-09-26 09:03:52.456977,DEL,HYD,DEL -> HYD,IndiGo,IndiGo,IndiGo,t+30,t+30,30,30,2026-10-26,Economy,8:30 AM,10:45 AM,135,0,9683.81,484.19,450.0,350.0,10968.0,10968.0,ACTIVE,False,NORMAL,True
DEL -> HYD|IndiGo|t+30|9:00 PM|11:15 PM|135|0,2026-09-26,2026-09-26 09:03:52.456977,DEL,HYD,DEL -> HYD,IndiGo,IndiGo,IndiGo,t+30,t+30,30,30,2026-10-26,Economy,9:00 PM,11:15 PM,135,0,9140.0,457.0,450.0,350.0,10397.0,10397.0,ACTIVE,False,NORMAL,True
DEL -> HYD|Air India|t+7|10:00 PM|12:20 AM+1|140|0,2026-09-26,2026-09-26 11:54:26.156680,DEL,HYD,DEL -> HYD,Air India,Air India,Air India,t+7,t+7,7,7,2026-10-03,Economy,10:00 PM,12:20 AM+1,140,0,7534.29,376.71,450.0,350.0,8711.0,8711.0,ACTIVE,False,NORMAL,False
DEL -> HYD|Air India|t+7|10:30 AM|12:50 PM|140|0,2026-09-26,2026-09-26 11:54:26.156680,DEL,HYD,DEL -> HYD,Air India,Air India,Air India,t+7,t+7,7,7,2026-10-03,Economy,10:30 AM,12:50 PM,140,0,7594.29,379.71,450.0,350.0,8774.0,8774.0,ACTIVE,False,NORMAL,False
DEL -> HYD|Air India|t+7|11:00 PM|1:20 AM+1|140|0,2026-09-26,2026-09-26 11:54:26.156680,DEL,HYD,DEL -> HYD,Air India,Air India,Air India,t+7,t+7,7,7,2026-10-03,Economy,11:00 PM,1:20 AM+1,140,0,7534.29,376.71,450.0,350.0,8711.0,8711.0,ACTIVE,False,NORMAL,False
DEL -> HYD|Air India|t+7|12:30 PM|2:45 PM|135|0,2026-09-26,2026-09-26 11:54:26.156680,DEL,HYD,DEL -> HYD,Air India,Air India,Air India,t+7,t+7,7,7,2026-10-03,Economy,12:30 PM,2:45 PM,135,0,7594.29,379.71,450.0,350.0,8774.0,8774.0,NEW_INVENTORY,False,NORMAL,False
DEL -> HYD|Air India|t+7|2:00 AM|4:20 AM|140|0,2026-09-26,2026-09-26 11:54:26.156680,DEL,HYD,DEL -> HYD,Air India,Air India,Air India,t+7,t+7,7,7,2026-10-03,Economy,2:00 AM,4:20 AM,140,0,9040.0,452.0,450.0,350.0,10292.0,10292.0,ACTIVE,False,NORMAL,True
DEL -> HYD|Air India|t+7|2:30 PM|4:40 PM|130|0,2026-09-26,2026-09-26 11:54:26.156680,DEL,HYD,DEL -> HYD,Air India,Air India,Air India,t+7,t+7,7,7,2026-10-03,Economy,2:30 PM,4:40 PM,130,0,7629.52,381.48,450.0,350.0,8811.0,8811.0,ACTIVE,False,NORMAL,True
DEL -> HYD|Air India|t+7|3:30 PM|5:55 PM|145|0,2026-09-26,2026-09-26 11:54:26.156680,DEL,HYD,DEL -> HYD,Air India,Air India,Air India,t+7,t+7,7,7,2026-10-03,Economy,3:30 PM,5:55 PM,145,0,7804.76,390.24,450.0,350.0,8995.0,8995.0,ACTIVE,False,NORMAL,True
DEL -> HYD|Air India|t+7|6:00 AM|8:20 AM|140|0,2026-09-26,2026-09-26 11:54:26.156680,DEL,HYD,DEL -> HYD,Air India,Air India,Air India,t+7,t+7,7,7,2026-10-03,Economy,6:00 AM,8:20 AM,140,0,7984.76,399.24,450.0,350.0,9184.0,9184.0,ACTIVE,False,NORMAL,False
DEL -> HYD|Air India|t+7|6:00 PM|8:20 PM|140|0,2026-09-26,2026-09-26 11:54:26.156680,DEL,HYD,DEL -> HYD,Air India,Air India,Air India,t+7,t+7,7,7,2026-10-03,Economy,6:00 PM,8:20 PM,140,0,7594.29,379.71,450.0,350.0,8774.0,8774.0,ACTIVE,False,NORMAL,True
DEL -> HYD|Air India|t+7|7:30 PM|9:50 PM|140|0,2026-09-26,2026-09-26 11:54:26.156680,DEL,HYD,DEL -> HYD,Air India,Air India,Air India,t+7,t+7,7,7,2026-10-03,Economy,7:30 PM,9:50 PM,140,0,7640.0,382.0,450.0,350.0,8822.0,8822.0,ACTIVE,False,NORMAL,False
DEL -> HYD|Air India|t+7|8:30 PM|10:50 PM|140|0,2026-09-26,2026-09-26 11:54:26.156680,DEL,HYD,DEL -> HYD,Air India,Air India,Air India,t+7,t+7,7,7,2026-10-03,Economy,8:30 PM,10:50 PM,140,0,7594.29,379.71,450.0,350.0,8774.0,8774.0,ACTIVE,False,NORMAL,True
DEL -> HYD|Air India|t+7|9:40 AM|12:00 PM|140|0,2026-09-26,2026-09-26 11:54:26.156680,DEL,HYD,DEL -> HYD,Air India,Air India,Air India,t+7,t+7,7,7,2026-10-03,Economy,9:40 AM,12:00 PM,140,0,7594.29,379.71,450.0,350.0,8774.0,8774.0,ACTIVE,False,NORMAL,True
DEL -> HYD|Akasa Air|t+7|2:10 PM|4:30 PM|140|0,2026-09-26,2026-09-26 11:54:26.156680,DEL,HYD,DEL -> HYD,Akasa Air,Akasa Air,Akasa Air,t+7,t+7,7,7,2026-10-03,Economy,2:10 PM,4:30 PM,140,0,7849.52,392.48,450.0,350.0,9042.0,9042.0,ACTIVE,False,NORMAL,True
DEL -> HYD|Akasa Air|t+7|8:40 PM|11:10 PM|150|0,2026-09-26,2026-09-26 11:54:26.156680,DEL,HYD,DEL -> HYD,Akasa Air,Akasa Air,Akasa Air,t+7,t+7,7,7,2026-10-03,Economy,8:40 PM,11:10 PM,150,0,7276.19,363.81,450.0,350.0,8440.0,8440.0,ACTIVE,False,NORMAL,True
DEL -> HYD|IndiGo|t+7|10:00 AM|2:50 PM|290|1,2026-09-26,2026-09-26 11:54:26.156680,DEL,HYD,DEL -> HYD,IndiGo,IndiGo,IndiGo,t+7,t+7,7,7,2026-10-03,Economy,10:00 AM,2:50 PM,290,1,6840.0,342.0,450.0,350.0,7982.0,7982.0,DEPLETED_SUBSEQUENT_DAY,False,NORMAL,False
DEL -> HYD|IndiGo|t+7|11:15 PM|1:30 AM+1|135|0,2026-09-26,2026-09-26 11:54:26.156680,DEL,HYD,DEL -> HYD,IndiGo,IndiGo,IndiGo,t+7,t+7,7,7,2026-10-03,Economy,11:15 PM,1:30 AM+1,135,0,7689.52,384.48,450.0,350.0,8874.0,8874.0,ACTIVE,False,NORMAL,True
DEL -> HYD|IndiGo|t+7|11:45 AM|2:00 PM|135|0,2026-09-26,2026-09-26 11:54:26.156680,DEL,HYD,DEL -> HYD,IndiGo,IndiGo,IndiGo,t+7,t+7,7,7,2026-10-03,Economy,11:45 AM,2:00 PM,135,0,7689.52,384.48,450.0,350.0,8874.0,8874.0,ACTIVE,False,NORMAL,True
DEL -> HYD|IndiGo|t+7|1:30 PM|3:45 PM|135|0,2026-09-26,2026-09-26 11:54:26.156680,DEL,HYD,DEL -> HYD,IndiGo,IndiGo,IndiGo,t+7,t+7,7,7,2026-10-03,Economy,1:30 PM,3:45 PM,135,0,8142.86,407.14,450.0,350.0,9350.0,9350.0,ACTIVE,False,NORMAL,True
DEL -> HYD|IndiGo|t+7|2:25 AM|4:40 AM|135|0,2026-09-26,2026-09-26 11:54:26.156680,DEL,HYD,DEL -> HYD,IndiGo,IndiGo,IndiGo,t+7,t+7,7,7,2026-10-03,Economy,2:25 AM,4:40 AM,135,0,9138.1,456.9,450.0,350.0,10395.0,10395.0,ACTIVE,False,NORMAL,True
DEL -> HYD|IndiGo|t+7|2:45 PM|5:05 PM|140|0,2026-09-26,2026-09-26 11:54:26.156680,DEL,HYD,DEL -> HYD,IndiGo,IndiGo,IndiGo,t+7,t+7,7,7,2026-10-03,Economy,2:45 PM,5:05 PM,140,0,7689.52,384.48,450.0,350.0,8874.0,8874.0,ACTIVE,False,NORMAL,True
DEL -> HYD|IndiGo|t+7|4:15 PM|6:30 PM|135|0,2026-09-26,2026-09-26 11:54:26.156680,DEL,HYD,DEL -> HYD,IndiGo,IndiGo,IndiGo,t+7,t+7,7,7,2026-10-03,Economy,4:15 PM,6:30 PM,135,0,7689.52,384.48,450.0,350.0,8874.0,8874.0,ACTIVE,False,NORMAL,True
DEL -> HYD|IndiGo|t+7|5:10 AM|10:15 AM|305|1,2026-09-26,2026-09-26 11:54:26.156680,DEL,HYD,DEL -> HYD,IndiGo,IndiGo,IndiGo,t+7,t+7,7,7,2026-10-03,Economy,5:10 AM,10:15 AM,305,1,6840.0,342.0,450.0,350.0,7982.0,7982.0,DEPLETED_SUBSEQUENT_DAY,False,NORMAL,False
DEL -> HYD|IndiGo|t+7|5:55 PM|8:15 PM|140|0,2026-09-26,2026-09-26 11:54:26.156680,DEL,HYD,DEL -> HYD,IndiGo,IndiGo,IndiGo,t+7,t+7,7,7,2026-10-03,Economy,5:55 PM,8:15 PM,140,0,7689.52,384.48,450.0,350.0,8874.0,8874.0,ACTIVE,False,NORMAL,True
DEL -> HYD|IndiGo|t+7|7:10 AM|9:20 AM|130|0,2026-09-26,2026-09-26 11:54:26.156680,DEL,HYD,DEL -> HYD,IndiGo,IndiGo,IndiGo,t+7,t+7,7,7,2026-10-03,Economy,7:10 AM,9:20 AM,130,0,7689.52,384.48,450.0,350.0,8874.0,8874.0,ACTIVE,False,NORMAL,True
DEL -> HYD|IndiGo|t+7|7:30 PM|12:45 AM+1|315|1,2026-09-26,2026-09-26 11:54:26.156680,DEL,HYD,DEL -> HYD,IndiGo,IndiGo,IndiGo,t+7,t+7,7,7,2026-10-03,Economy,7:30 PM,12:45 AM+1,315,1,6840.0,342.0,450.0,350.0,7982.0,7982.0,DEPLETED_SUBSEQUENT_DAY,False,NORMAL,False
DEL -> HYD|IndiGo|t+7|7:45 PM|10:05 PM|140|0,2026-09-26,2026-09-26 11:54:26.156680,DEL,HYD,DEL -> HYD,IndiGo,IndiGo,IndiGo,t+7,t+7,7,7,2026-10-03,Economy,7:45 PM,10:05 PM,140,0,7689.52,384.48,450.0,350.0,8874.0,8874.0,ACTIVE,False,NORMAL,True
DEL -> HYD|IndiGo|t+7|8:30 AM|10:45 AM|135|0,2026-09-26,2026-09-26 11:54:26.156680,DEL,HYD,DEL -> HYD,IndiGo,IndiGo,IndiGo,t+7,t+7,7,7,2026-10-03,Economy,8:30 AM,10:45 AM,135,0,7689.52,384.48,450.0,350.0,8874.0,8874.0,ACTIVE,False,NORMAL,True
DEL -> HYD|IndiGo|t+7|9:00 PM|11:15 PM|135|0,2026-09-26,2026-09-26 11:54:26.156680,DEL,HYD,DEL -> HYD,IndiGo,IndiGo,IndiGo,t+7,t+7,7,7,2026-10-03,Economy,9:00 PM,11:15 PM,135,0,7689.52,384.48,450.0,350.0,8874.0,8874.0,ACTIVE,False,NORMAL,True
DEL -> HYD|IndiGo|t+7|9:55 AM|12:20 PM|145|0,2026-09-26,2026-09-26 11:54:26.156680,DEL,HYD,DEL -> HYD,IndiGo,IndiGo,IndiGo,t+7,t+7,7,7,2026-10-03,Economy,9:55 AM,12:20 PM,145,0,7689.52,384.48,450.0,350.0,8874.0,8874.0,ACTIVE,False,NORMAL,True
DEL -> HYD|Air India|t+1|10:00 PM|12:20 AM+1|140|0,2026-09-27,2026-09-27 09:43:28.553576,DEL,HYD,DEL -> HYD,Air India,Air India,Air India,t+1,t+1,1,1,2026-09-28,Economy,10:00 PM,12:20 AM+1,140,0,7534.29,376.71,450.0,350.0,8711.0,8711.0,ACTIVE,False,NORMAL,True
DEL -> HYD|Air India|t+1|10:30 AM|12:50 PM|140|0,2026-09-27,2026-09-27 09:43:28.553576,DEL,HYD,DEL -> HYD,Air India,Air India,Air India,t+1,t+1,1,1,2026-09-28,Economy,10:30 AM,12:50 PM,140,0,21209.52,1060.48,450.0,350.0,23070.0,23070.0,ACTIVE,True,HIGH_SPIKE,False
DEL -> HYD|Air India|t+1|11:00 PM|1:20 AM+1|140|0,2026-09-27,2026-09-27 09:43:28.553576,DEL,HYD,DEL -> HYD,Air India,Air India,Air India,t+1,t+1,1,1,2026-09-28,Economy,11:00 PM,1:20 AM+1,140,0,7534.29,376.71,450.0,350.0,8711.0,8711.0,ACTIVE,False,NORMAL,True
DEL -> HYD|Air India|t+1|12:30 PM|2:45 PM|135|0,2026-09-27,2026-09-27 09:43:28.553576,DEL,HYD,DEL -> HYD,Air India,Air India,Air India,t+1,t+1,1,1,2026-09-28,Economy,12:30 PM,2:45 PM,135,0,8044.76,402.24,450.0,350.0,9247.0,9247.0,ACTIVE,False,NORMAL,False
DEL -> HYD|Air India|t+1|2:00 AM|4:20 AM|140|0,2026-09-27,2026-09-27 09:43:28.553576,DEL,HYD,DEL -> HYD,Air India,Air India,Air India,t+1,t+1,1,1,2026-09-28,Economy,2:00 AM,4:20 AM,140,0,8044.76,402.24,450.0,350.0,9247.0,9247.0,ACTIVE,False,NORMAL,True
DEL -> HYD|Air India|t+1|2:30 PM|4:40 PM|130|0,2026-09-27,2026-09-27 09:43:28.553576,DEL,HYD,DEL -> HYD,Air India,Air India,Air India,t+1,t+1,1,1,2026-09-28,Economy,2:30 PM,4:40 PM,130,0,7594.29,379.71,450.0,350.0,8774.0,8774.0,ACTIVE,False,NORMAL,True
DEL -> HYD|Air India|t+1|3:30 PM|5:55 PM|145|0,2026-09-27,2026-09-27 09:43:28.553576,DEL,HYD,DEL -> HYD,Air India,Air India,Air India,t+1,t+1,1,1,2026-09-28,Economy,3:30 PM,5:55 PM,145,0,7594.29,379.71,450.0,350.0,8774.0,8774.0,ACTIVE,False,NORMAL,False
DEL -> HYD|Air India|t+1|6:00 AM|8:20 AM|140|0,2026-09-27,2026-09-27 09:43:28.553576,DEL,HYD,DEL -> HYD,Air India,Air India,Air India,t+1,t+1,1,1,2026-09-28,Economy,6:00 AM,8:20 AM,140,0,7500.0,375.0,450.0,350.0,8675.0,8675.0,ACTIVE,False,NORMAL,False
DEL -> HYD|Air India|t+1|6:00 PM|8:20 PM|140|0,2026-09-27,2026-09-27 09:43:28.553576,DEL,HYD,DEL -> HYD,Air India,Air India,Air India,t+1,t+1,1,1,2026-09-28,Economy,6:00 PM,8:20 PM,140,0,8044.76,402.24,450.0,350.0,9247.0,9247.0,ACTIVE,False,NORMAL,True
DEL -> HYD|Air India|t+1|7:30 PM|9:50 PM|140|0,2026-09-27,2026-09-27 09:43:28.553576,DEL,HYD,DEL -> HYD,Air India,Air India,Air India,t+1,t+1,1,1,2026-09-28,Economy,7:30 PM,9:50 PM,140,0,7500.0,375.0,450.0,350.0,8675.0,8675.0,ACTIVE,False,NORMAL,False
DEL -> HYD|Air India|t+1|8:30 PM|10:50 PM|140|0,2026-09-27,2026-09-27 09:43:28.553576,DEL,HYD,DEL -> HYD,Air India,Air India,Air India,t+1,t+1,1,1,2026-09-28,Economy,8:30 PM,10:50 PM,140,0,7594.29,379.71,450.0,350.0,8774.0,8774.0,ACTIVE,False,NORMAL,True
DEL -> HYD|Air India|t+1|9:40 AM|12:00 PM|140|0,2026-09-27,2026-09-27 09:43:28.553576,DEL,HYD,DEL -> HYD,Air India,Air India,Air India,t+1,t+1,1,1,2026-09-28,Economy,9:40 AM,12:00 PM,140,0,20609.52,1030.48,450.0,350.0,22440.0,22440.0,ACTIVE,True,HIGH_SPIKE,True
DEL -> HYD|Akasa Air|t+1|2:10 PM|4:30 PM|140|0,2026-09-27,2026-09-27 09:43:28.553576,DEL,HYD,DEL -> HYD,Akasa Air,Akasa Air,Akasa Air,t+1,t+1,1,1,2026-09-28,Economy,2:10 PM,4:30 PM,140,0,7557.14,377.86,450.0,350.0,8735.0,8735.0,ACTIVE,False,NORMAL,True
DEL -> HYD|Akasa Air|t+1|8:40 PM|11:10 PM|150|0,2026-09-27,2026-09-27 09:43:28.553576,DEL,HYD,DEL -> HYD,Akasa Air,Akasa Air,Akasa Air,t+1,t+1,1,1,2026-09-28,Economy,8:40 PM,11:10 PM,150,0,7849.52,392.48,450.0,350.0,9042.0,9042.0,ACTIVE,False,NORMAL,True
DEL -> HYD|IndiGo|t+1|11:15 PM|1:30 AM+1|135|0,2026-09-27,2026-09-27 09:43:28.553576,DEL,HYD,DEL -> HYD,IndiGo,IndiGo,IndiGo,t+1,t+1,1,1,2026-09-28,Economy,11:15 PM,1:30 AM+1,135,0,7689.52,384.48,450.0,350.0,8874.0,8874.0,ACTIVE,False,NORMAL,True
DEL -> HYD|IndiGo|t+1|11:45 AM|2:00 PM|135|0,2026-09-27,2026-09-27 09:43:28.553576,DEL,HYD,DEL -> HYD,IndiGo,IndiGo,IndiGo,t+1,t+1,1,1,2026-09-28,Economy,11:45 AM,2:00 PM,135,0,8142.86,407.14,450.0,350.0,9350.0,9350.0,ACTIVE,False,NORMAL,True
DEL -> HYD|IndiGo|t+1|1:30 PM|3:45 PM|135|0,2026-09-27,2026-09-27 09:43:28.553576,DEL,HYD,DEL -> HYD,IndiGo,IndiGo,IndiGo,t+1,t+1,1,1,2026-09-28,Economy,1:30 PM,3:45 PM,135,0,7689.52,384.48,450.0,350.0,8874.0,8874.0,ACTIVE,False,NORMAL,True
DEL -> HYD|IndiGo|t+1|2:25 AM|4:40 AM|135|0,2026-09-27,2026-09-27 09:43:28.553576,DEL,HYD,DEL -> HYD,IndiGo,IndiGo,IndiGo,t+1,t+1,1,1,2026-09-28,Economy,2:25 AM,4:40 AM,135,0,7689.52,384.48,450.0,350.0,8874.0,8874.0,NEW_INVENTORY,False,NORMAL,False
DEL -> HYD|IndiGo|t+1|2:45 PM|5:05 PM|140|0,2026-09-27,2026-09-27 09:43:28.553576,DEL,HYD,DEL -> HYD,IndiGo,IndiGo,IndiGo,t+1,t+1,1,1,2026-09-28,Economy,2:45 PM,5:05 PM,140,0,7689.52,384.48,450.0,350.0,8874.0,8874.0,DEPLETED_SUBSEQUENT_DAY,False,NORMAL,False
DEL -> HYD|IndiGo|t+1|4:15 PM|6:30 PM|135|0,2026-09-27,2026-09-27 09:43:28.553576,DEL,HYD,DEL -> HYD,IndiGo,IndiGo,IndiGo,t+1,t+1,1,1,2026-09-28,Economy,4:15 PM,6:30 PM,135,0,7689.52,384.48,450.0,350.0,8874.0,8874.0,ACTIVE,False,NORMAL,True
DEL -> HYD|IndiGo|t+1|4:40 PM|10:40 PM|360|1,2026-09-27,2026-09-27 09:43:28.553576,DEL,HYD,DEL -> HYD,IndiGo,IndiGo,IndiGo,t+1,t+1,1,1,2026-09-28,Economy,4:40 PM,10:40 PM,360,1,7240.0,362.0,450.0,350.0,8402.0,8402.0,DEPLETED_SUBSEQUENT_DAY,False,NORMAL,False
DEL -> HYD|IndiGo|t+1|5:55 PM|8:15 PM|140|0,2026-09-27,2026-09-27 09:43:28.553576,DEL,HYD,DEL -> HYD,IndiGo,IndiGo,IndiGo,t+1,t+1,1,1,2026-09-28,Economy,5:55 PM,8:15 PM,140,0,7689.52,384.48,450.0,350.0,8874.0,8874.0,ACTIVE,False,NORMAL,True
DEL -> HYD|IndiGo|t+1|7:10 AM|9:20 AM|130|0,2026-09-27,2026-09-27 09:43:28.553576,DEL,HYD,DEL -> HYD,IndiGo,IndiGo,IndiGo,t+1,t+1,1,1,2026-09-28,Economy,7:10 AM,9:20 AM,130,0,20834.29,1041.71,450.0,350.0,22676.0,22676.0,ACTIVE,True,HIGH_SPIKE,False
DEL -> HYD|IndiGo|t+1|7:45 PM|10:05 PM|140|0,2026-09-27,2026-09-27 09:43:28.553576,DEL,HYD,DEL -> HYD,IndiGo,IndiGo,IndiGo,t+1,t+1,1,1,2026-09-28,Economy,7:45 PM,10:05 PM,140,0,7689.52,384.48,450.0,350.0,8874.0,8874.0,ACTIVE,False,NORMAL,True
DEL -> HYD|IndiGo|t+1|8:30 AM|10:45 AM|135|0,2026-09-27,2026-09-27 09:43:28.553576,DEL,HYD,DEL -> HYD,IndiGo,IndiGo,IndiGo,t+1,t+1,1,1,2026-09-28,Economy,8:30 AM,10:45 AM,135,0,16420.95,821.05,450.0,350.0,18042.0,18042.0,ACTIVE,True,HIGH_SPIKE,True
DEL -> HYD|IndiGo|t+1|9:00 PM|11:15 PM|135|0,2026-09-27,2026-09-27 09:43:28.553576,DEL,HYD,DEL -> HYD,IndiGo,IndiGo,IndiGo,t+1,t+1,1,1,2026-09-28,Economy,9:00 PM,11:15 PM,135,0,7689.52,384.48,450.0,350.0,8874.0,8874.0,ACTIVE,False,NORMAL,True
DEL -> HYD|IndiGo|t+1|9:55 AM|12:20 PM|145|0,2026-09-27,2026-09-27 09:43:28.553576,DEL,HYD,DEL -> HYD,IndiGo,IndiGo,IndiGo,t+1,t+1,1,1,2026-09-28,Economy,9:55 AM,12:20 PM,145,0,10260.95,513.05,450.0,350.0,11574.0,11574.0,ACTIVE,False,NORMAL,True
DEL -> HYD|Air India|t+15|10:00 PM|12:20 AM+1|140|0,2026-09-27,2026-09-27 09:43:51.822151,DEL,HYD,DEL -> HYD,Air India,Air India,Air India,t+15,t+15,15,15,2026-10-12,Economy,10:00 PM,12:20 AM+1,140,0,8529.52,426.48,450.0,350.0,9756.0,9756.0,ACTIVE,False,NORMAL,False
DEL -> HYD|Air India|t+15|11:00 PM|1:20 AM+1|140|0,2026-09-27,2026-09-27 09:43:51.822151,DEL,HYD,DEL -> HYD,Air India,Air India,Air India,t+15,t+15,15,15,2026-10-12,Economy,11:00 PM,1:20 AM+1,140,0,9040.0,452.0,450.0,350.0,10292.0,10292.0,NEW_INVENTORY,False,NORMAL,False
DEL -> HYD|Air India|t+15|12:30 PM|2:45 PM|135|0,2026-09-27,2026-09-27 09:43:51.822151,DEL,HYD,DEL -> HYD,Air India,Air India,Air India,t+15,t+15,15,15,2026-10-12,Economy,12:30 PM,2:45 PM,135,0,8044.76,402.24,450.0,350.0,9247.0,9247.0,ACTIVE,False,NORMAL,False
DEL -> HYD|Air India|t+15|2:00 AM|4:20 AM|140|0,2026-09-27,2026-09-27 09:43:51.822151,DEL,HYD,DEL -> HYD,Air India,Air India,Air India,t+15,t+15,15,15,2026-10-12,Economy,2:00 AM,4:20 AM,140,0,7594.29,379.71,450.0,350.0,8774.0,8774.0,ACTIVE,False,NORMAL,True
DEL -> HYD|Air India|t+15|2:30 PM|4:40 PM|130|0,2026-09-27,2026-09-27 09:43:51.822151,DEL,HYD,DEL -> HYD,Air India,Air India,Air India,t+15,t+15,15,15,2026-10-12,Economy,2:30 PM,4:40 PM,130,0,8344.76,417.24,450.0,350.0,9562.0,9562.0,ACTIVE,False,NORMAL,True
DEL -> HYD|Air India|t+15|3:30 PM|5:55 PM|145|0,2026-09-27,2026-09-27 09:43:51.822151,DEL,HYD,DEL -> HYD,Air India,Air India,Air India,t+15,t+15,15,15,2026-10-12,Economy,3:30 PM,5:55 PM,145,0,7594.29,379.71,450.0,350.0,8774.0,8774.0,ACTIVE,False,NORMAL,True
DEL -> HYD|Air India|t+15|6:00 AM|8:20 AM|140|0,2026-09-27,2026-09-27 09:43:51.822151,DEL,HYD,DEL -> HYD,Air India,Air India,Air India,t+15,t+15,15,15,2026-10-12,Economy,6:00 AM,8:20 AM,140,0,8084.76,404.24,450.0,350.0,9289.0,9289.0,ACTIVE,False,NORMAL,False
DEL -> HYD|Air India|t+15|6:00 PM|8:20 PM|140|0,2026-09-27,2026-09-27 09:43:51.822151,DEL,HYD,DEL -> HYD,Air India,Air India,Air India,t+15,t+15,15,15,2026-10-12,Economy,6:00 PM,8:20 PM,140,0,9040.0,452.0,450.0,350.0,10292.0,10292.0,ACTIVE,False,NORMAL,True
DEL -> HYD|Air India|t+15|7:00 AM|9:20 AM|140|0,2026-09-27,2026-09-27 09:43:51.822151,DEL,HYD,DEL -> HYD,Air India,Air India,Air India,t+15,t+15,15,15,2026-10-12,Economy,7:00 AM,9:20 AM,140,0,8420.0,421.0,450.0,350.0,9641.0,9641.0,ACTIVE,False,NORMAL,False
DEL -> HYD|Air India|t+15|7:30 PM|9:50 PM|140|0,2026-09-27,2026-09-27 09:43:51.822151,DEL,HYD,DEL -> HYD,Air India,Air India,Air India,t+15,t+15,15,15,2026-10-12,Economy,7:30 PM,9:50 PM,140,0,9209.52,460.48,450.0,350.0,10470.0,10470.0,ACTIVE,False,NORMAL,False
DEL -> HYD|Air India|t+15|8:30 PM|10:50 PM|140|0,2026-09-27,2026-09-27 09:43:51.822151,DEL,HYD,DEL -> HYD,Air India,Air India,Air India,t+15,t+15,15,15,2026-10-12,Economy,8:30 PM,10:50 PM,140,0,8529.52,426.48,450.0,350.0,9756.0,9756.0,ACTIVE,False,NORMAL,False
DEL -> HYD|Air India|t+15|9:40 AM|12:00 PM|140|0,2026-09-27,2026-09-27 09:43:51.822151,DEL,HYD,DEL -> HYD,Air India,Air India,Air India,t+15,t+15,15,15,2026-10-12,Economy,9:40 AM,12:00 PM,140,0,7594.29,379.71,450.0,350.0,8774.0,8774.0,ACTIVE,False,NORMAL,False
DEL -> HYD|Akasa Air|t+15|2:10 PM|4:30 PM|140|0,2026-09-27,2026-09-27 09:43:51.822151,DEL,HYD,DEL -> HYD,Akasa Air,Akasa Air,Akasa Air,t+15,t+15,15,15,2026-10-12,Economy,2:10 PM,4:30 PM,140,0,7557.14,377.86,450.0,350.0,8735.0,8735.0,ACTIVE,False,NORMAL,True
DEL -> HYD|Akasa Air|t+15|8:40 PM|11:10 PM|150|0,2026-09-27,2026-09-27 09:43:51.822151,DEL,HYD,DEL -> HYD,Akasa Air,Akasa Air,Akasa Air,t+15,t+15,15,15,2026-10-12,Economy,8:40 PM,11:10 PM,150,0,8634.29,431.71,450.0,350.0,9866.0,9866.0,ACTIVE,False,NORMAL,True
DEL -> HYD|IndiGo|t+15|10:00 AM|2:50 PM|290|1,2026-09-27,2026-09-27 09:43:51.822151,DEL,HYD,DEL -> HYD,IndiGo,IndiGo,IndiGo,t+15,t+15,15,15,2026-10-12,Economy,10:00 AM,2:50 PM,290,1,6840.0,342.0,450.0,350.0,7982.0,7982.0,DEPLETED_SUBSEQUENT_DAY,False,NORMAL,False
DEL -> HYD|IndiGo|t+15|11:15 PM|1:30 AM+1|135|0,2026-09-27,2026-09-27 09:43:51.822151,DEL,HYD,DEL -> HYD,IndiGo,IndiGo,IndiGo,t+15,t+15,15,15,2026-10-12,Economy,11:15 PM,1:30 AM+1,135,0,9681.9,484.1,450.0,350.0,10966.0,10966.0,ACTIVE,False,NORMAL,True
DEL -> HYD|IndiGo|t+15|11:45 AM|2:00 PM|135|0,2026-09-27,2026-09-27 09:43:51.822151,DEL,HYD,DEL -> HYD,IndiGo,IndiGo,IndiGo,t+15,t+15,15,15,2026-10-12,Economy,11:45 AM,2:00 PM,135,0,7689.52,384.48,450.0,350.0,8874.0,8874.0,ACTIVE,False,NORMAL,True
DEL -> HYD|IndiGo|t+15|1:30 PM|3:45 PM|135|0,2026-09-27,2026-09-27 09:43:51.822151,DEL,HYD,DEL -> HYD,IndiGo,IndiGo,IndiGo,t+15,t+15,15,15,2026-10-12,Economy,1:30 PM,3:45 PM,135,0,7689.52,384.48,450.0,350.0,8874.0,8874.0,ACTIVE,False,NORMAL,True
DEL -> HYD|IndiGo|t+15|2:25 AM|4:40 AM|135|0,2026-09-27,2026-09-27 09:43:51.822151,DEL,HYD,DEL -> HYD,IndiGo,IndiGo,IndiGo,t+15,t+15,15,15,2026-10-12,Economy,2:25 AM,4:40 AM,135,0,7689.52,384.48,450.0,350.0,8874.0,8874.0,ACTIVE,False,NORMAL,True
DEL -> HYD|IndiGo|t+15|2:45 PM|5:05 PM|140|0,2026-09-27,2026-09-27 09:43:51.822151,DEL,HYD,DEL -> HYD,IndiGo,IndiGo,IndiGo,t+15,t+15,15,15,2026-10-12,Economy,2:45 PM,5:05 PM,140,0,7689.52,384.48,450.0,350.0,8874.0,8874.0,ACTIVE,False,NORMAL,True
DEL -> HYD|IndiGo|t+15|4:15 PM|6:30 PM|135|0,2026-09-27,2026-09-27 09:43:51.822151,DEL,HYD,DEL -> HYD,IndiGo,IndiGo,IndiGo,t+15,t+15,15,15,2026-10-12,Economy,4:15 PM,6:30 PM,135,0,8624.76,431.24,450.0,350.0,9856.0,9856.0,ACTIVE,False,NORMAL,True
DEL -> HYD|IndiGo|t+15|5:05 PM|10:30 PM|325|1,2026-09-27,2026-09-27 09:43:51.822151,DEL,HYD,DEL -> HYD,IndiGo,IndiGo,IndiGo,t+15,t+15,15,15,2026-10-12,Economy,5:05 PM,10:30 PM,325,1,6840.0,342.0,450.0,350.0,7982.0,7982.0,DEPLETED_SUBSEQUENT_DAY,False,NORMAL,False
DEL -> HYD|IndiGo|t+15|5:10 AM|10:15 AM|305|1,2026-09-27,2026-09-27 09:43:51.822151,DEL,HYD,DEL -> HYD,IndiGo,IndiGo,IndiGo,t+15,t+15,15,15,2026-10-12,Economy,5:10 AM,10:15 AM,305,1,6840.0,342.0,450.0,350.0,7982.0,7982.0,DEPLETED_SUBSEQUENT_DAY,False,NORMAL,False
DEL -> HYD|IndiGo|t+15|5:30 AM|7:50 AM|140|0,2026-09-27,2026-09-27 09:43:51.822151,DEL,HYD,DEL -> HYD,IndiGo,IndiGo,IndiGo,t+15,t+15,15,15,2026-10-12,Economy,5:30 AM,7:50 AM,140,0,7689.52,384.48,450.0,350.0,8874.0,8874.0,ACTIVE,False,NORMAL,True
DEL -> HYD|IndiGo|t+15|5:55 PM|8:15 PM|140|0,2026-09-27,2026-09-27 09:43:51.822151,DEL,HYD,DEL -> HYD,IndiGo,IndiGo,IndiGo,t+15,t+15,15,15,2026-10-12,Economy,5:55 PM,8:15 PM,140,0,13753.33,687.67,450.0,350.0,15241.0,15241.0,ACTIVE,True,HIGH_SPIKE,True
DEL -> HYD|IndiGo|t+15|7:10 AM|9:20 AM|130|0,2026-09-27,2026-09-27 09:43:51.822151,DEL,HYD,DEL -> HYD,IndiGo,IndiGo,IndiGo,t+15,t+15,15,15,2026-10-12,Economy,7:10 AM,9:20 AM,130,0,8142.86,407.14,450.0,350.0,9350.0,9350.0,ACTIVE,False,NORMAL,True
DEL -> HYD|IndiGo|t+15|7:30 PM|12:45 AM+1|315|1,2026-09-27,2026-09-27 09:43:51.822151,DEL,HYD,DEL -> HYD,IndiGo,IndiGo,IndiGo,t+15,t+15,15,15,2026-10-12,Economy,7:30 PM,12:45 AM+1,315,1,6840.0,342.0,450.0,350.0,7982.0,7982.0,DEPLETED_SUBSEQUENT_DAY,False,NORMAL,False
DEL -> HYD|IndiGo|t+15|7:45 PM|10:05 PM|140|0,2026-09-27,2026-09-27 09:43:51.822151,DEL,HYD,DEL -> HYD,IndiGo,IndiGo,IndiGo,t+15,t+15,15,15,2026-10-12,Economy,7:45 PM,10:05 PM,140,0,10260.95,513.05,450.0,350.0,11574.0,11574.0,ACTIVE,False,NORMAL,True
DEL -> HYD|IndiGo|t+15|8:30 AM|10:45 AM|135|0,2026-09-27,2026-09-27 09:43:51.822151,DEL,HYD,DEL -> HYD,IndiGo,IndiGo,IndiGo,t+15,t+15,15,15,2026-10-12,Economy,8:30 AM,10:45 AM,135,0,7689.52,384.48,450.0,350.0,8874.0,8874.0,ACTIVE,False,NORMAL,True
DEL -> HYD|IndiGo|t+15|9:00 PM|11:15 PM|135|0,2026-09-27,2026-09-27 09:43:51.822151,DEL,HYD,DEL -> HYD,IndiGo,IndiGo,IndiGo,t+15,t+15,15,15,2026-10-12,Economy,9:00 PM,11:15 PM,135,0,8624.76,431.24,450.0,350.0,9856.0,9856.0,ACTIVE,False,NORMAL,True
DEL -> HYD|IndiGo|t+15|9:55 AM|12:20 PM|145|0,2026-09-27,2026-09-27 09:43:51.822151,DEL,HYD,DEL -> HYD,IndiGo,IndiGo,IndiGo,t+15,t+15,15,15,2026-10-12,Economy,9:55 AM,12:20 PM,145,0,7689.52,384.48,450.0,350.0,8874.0,8874.0,ACTIVE,False,NORMAL,True
DEL -> HYD|Air India|t+30|10:00 PM|12:15 AM+1|135|0,2026-09-27,2026-09-27 09:44:03.501260,DEL,HYD,DEL -> HYD,Air India,Air India,Air India,t+30,t+30,30,30,2026-10-27,Economy,10:00 PM,12:15 AM+1,135,0,8580.0,429.0,450.0,350.0,9809.0,9809.0,ACTIVE,False,NORMAL,False
DEL -> HYD|Air India|t+30|11:00 AM|1:15 PM|135|0,2026-09-27,2026-09-27 09:44:03.501260,DEL,HYD,DEL -> HYD,Air India,Air India,Air India,t+30,t+30,30,30,2026-10-27,Economy,11:00 AM,1:15 PM,135,0,8094.29,404.71,450.0,350.0,9299.0,9299.0,ACTIVE,False,NORMAL,False
DEL -> HYD|Air India|t+30|11:00 PM|1:15 AM+1|135|0,2026-09-27,2026-09-27 09:44:03.501260,DEL,HYD,DEL -> HYD,Air India,Air India,Air India,t+30,t+30,30,30,2026-10-27,Economy,11:00 PM,1:15 AM+1,135,0,8580.0,429.0,450.0,350.0,9809.0,9809.0,ACTIVE,False,NORMAL,False
DEL -> HYD|Air India|t+30|12:30 PM|2:45 PM|135|0,2026-09-27,2026-09-27 09:44:03.501260,DEL,HYD,DEL -> HYD,Air India,Air India,Air India,t+30,t+30,30,30,2026-10-27,Economy,12:30 PM,2:45 PM,135,0,8580.0,429.0,450.0,350.0,9809.0,9809.0,ACTIVE,False,NORMAL,True
DEL -> HYD|Air India|t+30|2:30 PM|4:45 PM|135|0,2026-09-27,2026-09-27 09:44:03.501260,DEL,HYD,DEL -> HYD,Air India,Air India,Air India,t+30,t+30,30,30,2026-10-27,Economy,2:30 PM,4:45 PM,135,0,8900.0,445.0,450.0,350.0,10145.0,10145.0,ACTIVE,False,NORMAL,False
DEL -> HYD|Air India|t+30|3:30 PM|5:45 PM|135|0,2026-09-27,2026-09-27 09:44:03.501260,DEL,HYD,DEL -> HYD,Air India,Air India,Air India,t+30,t+30,30,30,2026-10-27,Economy,3:30 PM,5:45 PM,135,0,8580.0,429.0,450.0,350.0,9809.0,9809.0,ACTIVE,False,NORMAL,False
DEL -> HYD|Air India|t+30|6:00 PM|8:15 PM|135|0,2026-09-27,2026-09-27 09:44:03.501260,DEL,HYD,DEL -> HYD,Air India,Air India,Air India,t+30,t+30,30,30,2026-10-27,Economy,6:00 PM,8:15 PM,135,0,8580.0,429.0,450.0,350.0,9809.0,9809.0,ACTIVE,False,NORMAL,False
DEL -> HYD|Air India|t+30|7:00 AM|9:15 AM|135|0,2026-09-27,2026-09-27 09:44:03.501260,DEL,HYD,DEL -> HYD,Air India,Air India,Air India,t+30,t+30,30,30,2026-10-27,Economy,7:00 AM,9:15 AM,135,0,8580.0,429.0,450.0,350.0,9809.0,9809.0,ACTIVE,False,NORMAL,False
DEL -> HYD|Air India|t+30|7:30 PM|9:45 PM|135|0,2026-09-27,2026-09-27 09:44:03.501260,DEL,HYD,DEL -> HYD,Air India,Air India,Air India,t+30,t+30,30,30,2026-10-27,Economy,7:30 PM,9:45 PM,135,0,9089.52,454.48,450.0,350.0,10344.0,10344.0,ACTIVE,False,NORMAL,False
DEL -> HYD|Air India|t+30|9:40 AM|11:55 AM|135|0,2026-09-27,2026-09-27 09:44:03.501260,DEL,HYD,DEL -> HYD,Air India,Air India,Air India,t+30,t+30,30,30,2026-10-27,Economy,9:40 AM,11:55 AM,135,0,8094.29,404.71,450.0,350.0,9299.0,9299.0,ACTIVE,False,NORMAL,False
DEL -> HYD|Akasa Air|t+30|2:20 PM|4:45 PM|145|0,2026-09-27,2026-09-27 09:44:03.501260,DEL,HYD,DEL -> HYD,Akasa Air,Akasa Air,Akasa Air,t+30,t+30,30,30,2026-10-27,Economy,2:20 PM,4:45 PM,145,0,8634.29,431.71,450.0,350.0,9866.0,9866.0,ACTIVE,False,NORMAL,False
DEL -> HYD|Akasa Air|t+30|8:35 PM|10:55 PM|140|0,2026-09-27,2026-09-27 09:44:03.501260,DEL,HYD,DEL -> HYD,Akasa Air,Akasa Air,Akasa Air,t+30,t+30,30,30,2026-10-27,Economy,8:35 PM,10:55 PM,140,0,8634.29,431.71,450.0,350.0,9866.0,9866.0,ACTIVE,False,NORMAL,False
DEL -> HYD|IndiGo|t+30|10:00 AM|12:15 PM|135|0,2026-09-27,2026-09-27 09:44:03.501260,DEL,HYD,DEL -> HYD,IndiGo,IndiGo,IndiGo,t+30,t+30,30,30,2026-10-27,Economy,10:00 AM,12:15 PM,135,0,8144.76,407.24,450.0,350.0,9352.0,9352.0,ACTIVE,False,NORMAL,False
DEL -> HYD|IndiGo|t+30|10:30 PM|12:45 AM+1|135|0,2026-09-27,2026-09-27 09:44:03.501260,DEL,HYD,DEL -> HYD,IndiGo,IndiGo,IndiGo,t+30,t+30,30,30,2026-10-27,Economy,10:30 PM,12:45 AM+1,135,0,8626.67,431.33,450.0,350.0,9858.0,9858.0,ACTIVE,False,NORMAL,False
DEL -> HYD|IndiGo|t+30|11:45 AM|2:00 PM|135|0,2026-09-27,2026-09-27 09:44:03.501260,DEL,HYD,DEL -> HYD,IndiGo,IndiGo,IndiGo,t+30,t+30,30,30,2026-10-27,Economy,11:45 AM,2:00 PM,135,0,8626.67,431.33,450.0,350.0,9858.0,9858.0,ACTIVE,False,NORMAL,True
DEL -> HYD|IndiGo|t+30|1:30 PM|3:45 PM|135|0,2026-09-27,2026-09-27 09:44:03.501260,DEL,HYD,DEL -> HYD,IndiGo,IndiGo,IndiGo,t+30,t+30,30,30,2026-10-27,Economy,1:30 PM,3:45 PM,135,0,8626.67,431.33,450.0,350.0,9858.0,9858.0,ACTIVE,False,NORMAL,True
DEL -> HYD|IndiGo|t+30|2:25 AM|4:40 AM|135|0,2026-09-27,2026-09-27 09:44:03.501260,DEL,HYD,DEL -> HYD,IndiGo,IndiGo,IndiGo,t+30,t+30,30,30,2026-10-27,Economy,2:25 AM,4:40 AM,135,0,8626.67,431.33,450.0,350.0,9858.0,9858.0,ACTIVE,False,NORMAL,True
DEL -> HYD|IndiGo|t+30|2:50 PM|5:05 PM|135|0,2026-09-27,2026-09-27 09:44:03.501260,DEL,HYD,DEL -> HYD,IndiGo,IndiGo,IndiGo,t+30,t+30,30,30,2026-10-27,Economy,2:50 PM,5:05 PM,135,0,8626.67,431.33,450.0,350.0,9858.0,9858.0,ACTIVE,False,NORMAL,False
DEL -> HYD|IndiGo|t+30|4:15 PM|6:30 PM|135|0,2026-09-27,2026-09-27 09:44:03.501260,DEL,HYD,DEL -> HYD,IndiGo,IndiGo,IndiGo,t+30,t+30,30,30,2026-10-27,Economy,4:15 PM,6:30 PM,135,0,9140.0,457.0,450.0,350.0,10397.0,10397.0,ACTIVE,False,NORMAL,True
DEL -> HYD|IndiGo|t+30|5:05 AM|9:40 AM|275|1,2026-09-27,2026-09-27 09:44:03.501260,DEL,HYD,DEL -> HYD,IndiGo,IndiGo,IndiGo,t+30,t+30,30,30,2026-10-27,Economy,5:05 AM,9:40 AM,275,1,6914.29,345.71,450.0,350.0,8060.0,8060.0,DEPLETED_SUBSEQUENT_DAY,True,LOW_ANOMALY,False
DEL -> HYD|IndiGo|t+30|5:10 AM|10:30 AM|320|1,2026-09-27,2026-09-27 09:44:03.501260,DEL,HYD,DEL -> HYD,IndiGo,IndiGo,IndiGo,t+30,t+30,30,30,2026-10-27,Economy,5:10 AM,10:30 AM,320,1,6840.0,342.0,450.0,350.0,7982.0,7982.0,DEPLETED_SUBSEQUENT_DAY,True,LOW_ANOMALY,False
DEL -> HYD|IndiGo|t+30|5:15 AM|7:30 AM|135|0,2026-09-27,2026-09-27 09:44:03.501260,DEL,HYD,DEL -> HYD,IndiGo,IndiGo,IndiGo,t+30,t+30,30,30,2026-10-27,Economy,5:15 AM,7:30 AM,135,0,8144.76,407.24,450.0,350.0,9352.0,9352.0,ACTIVE,False,NORMAL,False
DEL -> HYD|IndiGo|t+30|5:15 PM|10:25 PM|310|1,2026-09-27,2026-09-27 09:44:03.501260,DEL,HYD,DEL -> HYD,IndiGo,IndiGo,IndiGo,t+30,t+30,30,30,2026-10-27,Economy,5:15 PM,10:25 PM,310,1,6914.29,345.71,450.0,350.0,8060.0,8060.0,ACTIVE,True,LOW_ANOMALY,False
DEL -> HYD|IndiGo|t+30|6:10 PM|10:50 PM|280|1,2026-09-27,2026-09-27 09:44:03.501260,DEL,HYD,DEL -> HYD,IndiGo,IndiGo,IndiGo,t+30,t+30,30,30,2026-10-27,Economy,6:10 PM,10:50 PM,280,1,7040.0,352.0,450.0,350.0,8192.0,8192.0,NEW_INVENTORY,True,LOW_ANOMALY,False
DEL -> HYD|IndiGo|t+30|6:15 PM|8:30 PM|135|0,2026-09-27,2026-09-27 09:44:03.501260,DEL,HYD,DEL -> HYD,IndiGo,IndiGo,IndiGo,t+30,t+30,30,30,2026-10-27,Economy,6:15 PM,8:30 PM,135,0,8626.67,431.33,450.0,350.0,9858.0,9858.0,ACTIVE,False,NORMAL,False
DEL -> HYD|IndiGo|t+30|6:30 AM|11:05 AM|275|1,2026-09-27,2026-09-27 09:44:03.501260,DEL,HYD,DEL -> HYD,IndiGo,IndiGo,IndiGo,t+30,t+30,30,30,2026-10-27,Economy,6:30 AM,11:05 AM,275,1,6714.29,335.71,450.0,350.0,7850.0,7850.0,NEW_INVENTORY,True,LOW_ANOMALY,False
DEL -> HYD|IndiGo|t+30|6:30 AM|8:45 AM|135|0,2026-09-27,2026-09-27 09:44:03.501260,DEL,HYD,DEL -> HYD,IndiGo,IndiGo,IndiGo,t+30,t+30,30,30,2026-10-27,Economy,6:30 AM,8:45 AM,135,0,8626.67,431.33,450.0,350.0,9858.0,9858.0,ACTIVE,False,NORMAL,False
DEL -> HYD|IndiGo|t+30|7:25 AM|12:10 PM|285|1,2026-09-27,2026-09-27 09:44:03.501260,DEL,HYD,DEL -> HYD,IndiGo,IndiGo,IndiGo,t+30,t+30,30,30,2026-10-27,Economy,7:25 AM,12:10 PM,285,1,6914.29,345.71,450.0,350.0,8060.0,8060.0,DEPLETED_SUBSEQUENT_DAY,True,LOW_ANOMALY,False
DEL -> HYD|IndiGo|t+30|7:40 PM|12:30 AM+1|290|1,2026-09-27,2026-09-27 09:44:03.501260,DEL,HYD,DEL -> HYD,IndiGo,IndiGo,IndiGo,t+30,t+30,30,30,2026-10-27,Economy,7:40 PM,12:30 AM+1,290,1,7040.0,352.0,450.0,350.0,8192.0,8192.0,ACTIVE,True,LOW_ANOMALY,False
DEL -> HYD|IndiGo|t+30|7:45 PM|10:00 PM|135|0,2026-09-27,2026-09-27 09:44:03.501260,DEL,HYD,DEL -> HYD,IndiGo,IndiGo,IndiGo,t+30,t+30,30,30,2026-10-27,Economy,7:45 PM,10:00 PM,135,0,9140.0,457.0,450.0,350.0,10397.0,10397.0,ACTIVE,False,NORMAL,False
DEL -> HYD|IndiGo|t+30|8:30 AM|10:45 AM|135|0,2026-09-27,2026-09-27 09:44:03.501260,DEL,HYD,DEL -> HYD,IndiGo,IndiGo,IndiGo,t+30,t+30,30,30,2026-10-27,Economy,8:30 AM,10:45 AM,135,0,8626.67,431.33,450.0,350.0,9858.0,9858.0,ACTIVE,False,NORMAL,True
DEL -> HYD|IndiGo|t+30|9:00 PM|11:15 PM|135|0,2026-09-27,2026-09-27 09:44:03.501260,DEL,HYD,DEL -> HYD,IndiGo,IndiGo,IndiGo,t+30,t+30,30,30,2026-10-27,Economy,9:00 PM,11:15 PM,135,0,8626.67,431.33,450.0,350.0,9858.0,9858.0,ACTIVE,False,NORMAL,True
DEL -> HYD|Air India|t+7|10:00 PM|12:20 AM+1|140|0,2026-09-27,2026-09-27 09:43:40.072629,DEL,HYD,DEL -> HYD,Air India,Air India,Air India,t+7,t+7,7,7,2026-10-04,Economy,10:00 PM,12:20 AM+1,140,0,9589.52,479.48,450.0,350.0,10869.0,10869.0,ACTIVE,False,NORMAL,False
DEL -> HYD|Air India|t+7|10:30 AM|12:50 PM|140|0,2026-09-27,2026-09-27 09:43:40.072629,DEL,HYD,DEL -> HYD,Air India,Air India,Air India,t+7,t+7,7,7,2026-10-04,Economy,10:30 AM,12:50 PM,140,0,21209.52,1060.48,450.0,350.0,23070.0,23070.0,DEPLETED_SUBSEQUENT_DAY,True,HIGH_SPIKE,False
DEL -> HYD|Air India|t+7|11:00 PM|1:20 AM+1|140|0,2026-09-27,2026-09-27 09:43:40.072629,DEL,HYD,DEL -> HYD,Air India,Air India,Air India,t+7,t+7,7,7,2026-10-04,Economy,11:00 PM,1:20 AM+1,140,0,10784.76,539.24,450.0,350.0,12124.0,12124.0,ACTIVE,False,NORMAL,False
DEL -> HYD|Air India|t+7|12:30 PM|2:45 PM|135|0,2026-09-27,2026-09-27 09:43:40.072629,DEL,HYD,DEL -> HYD,Air India,Air India,Air India,t+7,t+7,7,7,2026-10-04,Economy,12:30 PM,2:45 PM,135,0,15534.29,776.71,450.0,350.0,17111.0,17111.0,ACTIVE,True,HIGH_SPIKE,False
DEL -> HYD|Air India|t+7|2:00 AM|4:20 AM|140|0,2026-09-27,2026-09-27 09:43:40.072629,DEL,HYD,DEL -> HYD,Air India,Air India,Air India,t+7,t+7,7,7,2026-10-04,Economy,2:00 AM,4:20 AM,140,0,7534.29,376.71,450.0,350.0,8711.0,8711.0,ACTIVE,False,NORMAL,True
DEL -> HYD|Air India|t+7|2:30 PM|4:40 PM|130|0,2026-09-27,2026-09-27 09:43:40.072629,DEL,HYD,DEL -> HYD,Air India,Air India,Air India,t+7,t+7,7,7,2026-10-04,Economy,2:30 PM,4:40 PM,130,0,12194.29,609.71,450.0,350.0,13604.0,13604.0,ACTIVE,True,HIGH_SPIKE,True
DEL -> HYD|Air India|t+7|3:30 PM|5:55 PM|145|0,2026-09-27,2026-09-27 09:43:40.072629,DEL,HYD,DEL -> HYD,Air India,Air India,Air India,t+7,t+7,7,7,2026-10-04,Economy,3:30 PM,5:55 PM,145,0,11764.76,588.24,450.0,350.0,13153.0,13153.0,ACTIVE,True,HIGH_SPIKE,True
DEL -> HYD|Air India|t+7|6:00 AM|8:20 AM|140|0,2026-09-27,2026-09-27 09:43:40.072629,DEL,HYD,DEL -> HYD,Air India,Air India,Air India,t+7,t+7,7,7,2026-10-04,Economy,6:00 AM,8:20 AM,140,0,7640.0,382.0,450.0,350.0,8822.0,8822.0,ACTIVE,False,NORMAL,False
DEL -> HYD|Air India|t+7|6:00 PM|8:20 PM|140|0,2026-09-27,2026-09-27 09:43:40.072629,DEL,HYD,DEL -> HYD,Air India,Air India,Air India,t+7,t+7,7,7,2026-10-04,Economy,6:00 PM,8:20 PM,140,0,11089.52,554.48,450.0,350.0,12444.0,12444.0,ACTIVE,False,NORMAL,True
DEL -> HYD|Air India|t+7|7:30 PM|9:50 PM|140|0,2026-09-27,2026-09-27 09:43:40.072629,DEL,HYD,DEL -> HYD,Air India,Air India,Air India,t+7,t+7,7,7,2026-10-04,Economy,7:30 PM,9:50 PM,140,0,13009.52,650.48,450.0,350.0,14460.0,14460.0,ACTIVE,True,HIGH_SPIKE,False
DEL -> HYD|Air India|t+7|8:30 PM|10:50 PM|140|0,2026-09-27,2026-09-27 09:43:40.072629,DEL,HYD,DEL -> HYD,Air India,Air India,Air India,t+7,t+7,7,7,2026-10-04,Economy,8:30 PM,10:50 PM,140,0,9860.0,493.0,450.0,350.0,11153.0,11153.0,ACTIVE,False,NORMAL,True
DEL -> HYD|Air India|t+7|9:40 AM|12:00 PM|140|0,2026-09-27,2026-09-27 09:43:40.072629,DEL,HYD,DEL -> HYD,Air India,Air India,Air India,t+7,t+7,7,7,2026-10-04,Economy,9:40 AM,12:00 PM,140,0,21609.52,1080.48,450.0,350.0,23490.0,23490.0,ACTIVE,True,HIGH_SPIKE,True
DEL -> HYD|Akasa Air|t+7|2:10 PM|4:30 PM|140|0,2026-09-27,2026-09-27 09:43:40.072629,DEL,HYD,DEL -> HYD,Akasa Air,Akasa Air,Akasa Air,t+7,t+7,7,7,2026-10-04,Economy,2:10 PM,4:30 PM,140,0,11291.43,564.57,450.0,350.0,12656.0,12656.0,ACTIVE,True,HIGH_SPIKE,True
DEL -> HYD|Akasa Air|t+7|8:40 PM|11:10 PM|150|0,2026-09-27,2026-09-27 09:43:40.072629,DEL,HYD,DEL -> HYD,Akasa Air,Akasa Air,Akasa Air,t+7,t+7,7,7,2026-10-04,Economy,8:40 PM,11:10 PM,150,0,10457.14,522.86,450.0,350.0,11780.0,11780.0,ACTIVE,False,NORMAL,True
DEL -> HYD|IndiGo|t+7|11:15 PM|1:30 AM+1|135|0,2026-09-27,2026-09-27 09:43:40.072629,DEL,HYD,DEL -> HYD,IndiGo,IndiGo,IndiGo,t+7,t+7,7,7,2026-10-04,Economy,11:15 PM,1:30 AM+1,135,0,10877.14,543.86,450.0,350.0,12221.0,12221.0,ACTIVE,False,NORMAL,True
DEL -> HYD|IndiGo|t+7|11:45 AM|2:00 PM|135|0,2026-09-27,2026-09-27 09:43:40.072629,DEL,HYD,DEL -> HYD,IndiGo,IndiGo,IndiGo,t+7,t+7,7,7,2026-10-04,Economy,11:45 AM,2:00 PM,135,0,18493.33,924.67,450.0,350.0,20218.0,20218.0,ACTIVE,True,HIGH_SPIKE,True
DEL -> HYD|IndiGo|t+7|1:30 PM|3:45 PM|135|0,2026-09-27,2026-09-27 09:43:40.072629,DEL,HYD,DEL -> HYD,IndiGo,IndiGo,IndiGo,t+7,t+7,7,7,2026-10-04,Economy,1:30 PM,3:45 PM,135,0,15477.14,773.86,450.0,350.0,17051.0,17051.0,ACTIVE,True,HIGH_SPIKE,True
DEL -> HYD|IndiGo|t+7|2:20 AM|7:35 AM|315|1,2026-09-27,2026-09-27 09:43:40.072629,DEL,HYD,DEL -> HYD,IndiGo,IndiGo,IndiGo,t+7,t+7,7,7,2026-10-04,Economy,2:20 AM,7:35 AM,315,1,7511.43,375.57,450.0,350.0,8687.0,8687.0,DEPLETED_SUBSEQUENT_DAY,False,NORMAL,False
DEL -> HYD|IndiGo|t+7|2:25 AM|4:40 AM|135|0,2026-09-27,2026-09-27 09:43:40.072629,DEL,HYD,DEL -> HYD,IndiGo,IndiGo,IndiGo,t+7,t+7,7,7,2026-10-04,Economy,2:25 AM,4:40 AM,135,0,7689.52,384.48,450.0,350.0,8874.0,8874.0,ACTIVE,False,NORMAL,True
DEL -> HYD|IndiGo|t+7|2:45 PM|5:05 PM|140|0,2026-09-27,2026-09-27 09:43:40.072629,DEL,HYD,DEL -> HYD,IndiGo,IndiGo,IndiGo,t+7,t+7,7,7,2026-10-04,Economy,2:45 PM,5:05 PM,140,0,12226.67,611.33,450.0,350.0,13638.0,13638.0,ACTIVE,True,HIGH_SPIKE,True
DEL -> HYD|IndiGo|t+7|4:15 PM|6:30 PM|135|0,2026-09-27,2026-09-27 09:43:40.072629,DEL,HYD,DEL -> HYD,IndiGo,IndiGo,IndiGo,t+7,t+7,7,7,2026-10-04,Economy,4:15 PM,6:30 PM,135,0,11530.48,576.52,450.0,350.0,12907.0,12907.0,ACTIVE,True,HIGH_SPIKE,True
DEL -> HYD|IndiGo|t+7|5:10 AM|10:20 AM|310|1,2026-09-27,2026-09-27 09:43:40.072629,DEL,HYD,DEL -> HYD,IndiGo,IndiGo,IndiGo,t+7,t+7,7,7,2026-10-04,Economy,5:10 AM,10:20 AM,310,1,7636.19,381.81,450.0,350.0,8818.0,8818.0,DEPLETED_SUBSEQUENT_DAY,False,NORMAL,False
DEL -> HYD|IndiGo|t+7|5:30 AM|7:50 AM|140|0,2026-09-27,2026-09-27 09:43:40.072629,DEL,HYD,DEL -> HYD,IndiGo,IndiGo,IndiGo,t+7,t+7,7,7,2026-10-04,Economy,5:30 AM,7:50 AM,140,0,7689.52,384.48,450.0,350.0,8874.0,8874.0,NEW_INVENTORY,False,NORMAL,False
DEL -> HYD|IndiGo|t+7|5:55 PM|8:15 PM|140|0,2026-09-27,2026-09-27 09:43:40.072629,DEL,HYD,DEL -> HYD,IndiGo,IndiGo,IndiGo,t+7,t+7,7,7,2026-10-04,Economy,5:55 PM,8:15 PM,140,0,11530.48,576.52,450.0,350.0,12907.0,12907.0,ACTIVE,True,HIGH_SPIKE,True
DEL -> HYD|IndiGo|t+7|6:10 AM|11:15 AM|305|1,2026-09-27,2026-09-27 09:43:40.072629,DEL,HYD,DEL -> HYD,IndiGo,IndiGo,IndiGo,t+7,t+7,7,7,2026-10-04,Economy,6:10 AM,11:15 AM,305,1,7636.19,381.81,450.0,350.0,8818.0,8818.0,DEPLETED_SUBSEQUENT_DAY,False,NORMAL,False
DEL -> HYD|IndiGo|t+7|6:10 PM|11:00 PM|290|1,2026-09-27,2026-09-27 09:43:40.072629,DEL,HYD,DEL -> HYD,IndiGo,IndiGo,IndiGo,t+7,t+7,7,7,2026-10-04,Economy,6:10 PM,11:00 PM,290,1,8292.38,414.62,450.0,350.0,9507.0,9507.0,DEPLETED_SUBSEQUENT_DAY,False,NORMAL,False
DEL -> HYD|IndiGo|t+7|7:10 AM|9:20 AM|130|0,2026-09-27,2026-09-27 09:43:40.072629,DEL,HYD,DEL -> HYD,IndiGo,IndiGo,IndiGo,t+7,t+7,7,7,2026-10-04,Economy,7:10 AM,9:20 AM,130,0,9681.9,484.1,450.0,350.0,10966.0,10966.0,ACTIVE,False,NORMAL,True
DEL -> HYD|IndiGo|t+7|7:45 PM|10:05 PM|140|0,2026-09-27,2026-09-27 09:43:40.072629,DEL,HYD,DEL -> HYD,IndiGo,IndiGo,IndiGo,t+7,t+7,7,7,2026-10-04,Economy,7:45 PM,10:05 PM,140,0,16420.95,821.05,450.0,350.0,18042.0,18042.0,ACTIVE,True,HIGH_SPIKE,True
DEL -> HYD|IndiGo|t+7|8:10 AM|1:10 PM|300|1,2026-09-27,2026-09-27 09:43:40.072629,DEL,HYD,DEL -> HYD,IndiGo,IndiGo,IndiGo,t+7,t+7,7,7,2026-10-04,Economy,8:10 AM,1:10 PM,300,1,7636.19,381.81,450.0,350.0,8818.0,8818.0,DEPLETED_SUBSEQUENT_DAY,False,NORMAL,False
DEL -> HYD|IndiGo|t+7|8:30 AM|10:45 AM|135|0,2026-09-27,2026-09-27 09:43:40.072629,DEL,HYD,DEL -> HYD,IndiGo,IndiGo,IndiGo,t+7,t+7,7,7,2026-10-04,Economy,8:30 AM,10:45 AM,135,0,12226.67,611.33,450.0,350.0,13638.0,13638.0,ACTIVE,True,HIGH_SPIKE,True
DEL -> HYD|IndiGo|t+7|9:00 PM|11:15 PM|135|0,2026-09-27,2026-09-27 09:43:40.072629,DEL,HYD,DEL -> HYD,IndiGo,IndiGo,IndiGo,t+7,t+7,7,7,2026-10-04,Economy,9:00 PM,11:15 PM,135,0,10260.95,513.05,450.0,350.0,11574.0,11574.0,ACTIVE,False,NORMAL,True
DEL -> HYD|IndiGo|t+7|9:55 AM|12:20 PM|145|0,2026-09-27,2026-09-27 09:43:40.072629,DEL,HYD,DEL -> HYD,IndiGo,IndiGo,IndiGo,t+7,t+7,7,7,2026-10-04,Economy,9:55 AM,12:20 PM,145,0,19627.62,981.38,450.0,350.0,21409.0,21409.0,ACTIVE,True,HIGH_SPIKE,True
DEL -> HYD|Air India|t+1|10:00 PM|12:20 AM+1|140|0,2026-09-28,2026-09-28 10:41:23.986617,DEL,HYD,DEL -> HYD,Air India,Air India,Air India,t+1,t+1,1,1,2026-09-29,Economy,10:00 PM,12:20 AM+1,140,0,7534.29,376.71,450.0,350.0,8711.0,8711.0,ACTIVE,False,NORMAL,True
DEL -> HYD|Air India|t+1|10:30 AM|12:50 PM|140|0,2026-09-28,2026-09-28 10:41:23.986617,DEL,HYD,DEL -> HYD,Air India,Air India,Air India,t+1,t+1,1,1,2026-09-29,Economy,10:30 AM,12:50 PM,140,0,7619.52,380.98,450.0,350.0,8800.5,8800.5,ACTIVE,False,NORMAL,False
DEL -> HYD|Air India|t+1|11:00 PM|1:20 AM+1|140|0,2026-09-28,2026-09-28 10:41:23.986617,DEL,HYD,DEL -> HYD,Air India,Air India,Air India,t+1,t+1,1,1,2026-09-29,Economy,11:00 PM,1:20 AM+1,140,0,7534.29,376.71,450.0,350.0,8711.0,8711.0,ACTIVE,False,NORMAL,True
DEL -> HYD|Air India|t+1|12:30 PM|2:45 PM|135|0,2026-09-28,2026-09-28 10:41:23.986617,DEL,HYD,DEL -> HYD,Air India,Air India,Air India,t+1,t+1,1,1,2026-09-29,Economy,12:30 PM,2:45 PM,135,0,7844.76,392.24,450.0,350.0,9037.0,9037.0,DEPLETED_SUBSEQUENT_DAY,False,NORMAL,False
DEL -> HYD|Air India|t+1|2:00 AM|4:20 AM|140|0,2026-09-28,2026-09-28 10:41:23.986617,DEL,HYD,DEL -> HYD,Air India,Air India,Air India,t+1,t+1,1,1,2026-09-29,Economy,2:00 AM,4:20 AM,140,0,7564.29,378.21,450.0,350.0,8742.5,8742.5,ACTIVE,False,NORMAL,True
DEL -> HYD|Air India|t+1|2:30 PM|4:40 PM|130|0,2026-09-28,2026-09-28 10:41:23.986617,DEL,HYD,DEL -> HYD,Air India,Air India,Air India,t+1,t+1,1,1,2026-09-29,Economy,2:30 PM,4:40 PM,130,0,7619.52,380.98,450.0,350.0,8800.5,8800.5,ACTIVE,False,NORMAL,True
DEL -> HYD|Air India|t+1|3:30 PM|5:55 PM|145|0,2026-09-28,2026-09-28 10:41:23.986617,DEL,HYD,DEL -> HYD,Air India,Air India,Air India,t+1,t+1,1,1,2026-09-29,Economy,3:30 PM,5:55 PM,145,0,7619.52,380.98,450.0,350.0,8800.5,8800.5,ACTIVE,False,NORMAL,False
DEL -> HYD|Air India|t+1|6:00 AM|8:20 AM|140|0,2026-09-28,2026-09-28 10:41:23.986617,DEL,HYD,DEL -> HYD,Air India,Air India,Air India,t+1,t+1,1,1,2026-09-29,Economy,6:00 AM,8:20 AM,140,0,7500.0,375.0,450.0,350.0,8675.0,8675.0,DEPLETED_SUBSEQUENT_DAY,False,NORMAL,False
DEL -> HYD|Air India|t+1|6:00 PM|8:20 PM|140|0,2026-09-28,2026-09-28 10:41:23.986617,DEL,HYD,DEL -> HYD,Air India,Air India,Air India,t+1,t+1,1,1,2026-09-29,Economy,6:00 PM,8:20 PM,140,0,7844.76,392.24,450.0,350.0,9037.0,9037.0,ACTIVE,False,NORMAL,True
DEL -> HYD|Air India|t+1|7:30 PM|9:50 PM|140|0,2026-09-28,2026-09-28 10:41:23.986617,DEL,HYD,DEL -> HYD,Air India,Air India,Air India,t+1,t+1,1,1,2026-09-29,Economy,7:30 PM,9:50 PM,140,0,8167.14,408.36,450.0,350.0,9375.5,9375.5,DEPLETED_SUBSEQUENT_DAY,False,NORMAL,False
DEL -> HYD|Air India|t+1|8:30 PM|10:50 PM|140|0,2026-09-28,2026-09-28 10:41:23.986617,DEL,HYD,DEL -> HYD,Air India,Air India,Air India,t+1,t+1,1,1,2026-09-29,Economy,8:30 PM,10:50 PM,140,0,8342.38,417.12,450.0,350.0,9559.5,9559.5,ACTIVE,False,NORMAL,True
DEL -> HYD|Air India|t+1|9:40 AM|12:00 PM|140|0,2026-09-28,2026-09-28 10:41:23.986617,DEL,HYD,DEL -> HYD,Air India,Air India,Air India,t+1,t+1,1,1,2026-09-29,Economy,9:40 AM,12:00 PM,140,0,7844.29,392.21,450.0,350.0,9036.5,9036.5,ACTIVE,False,NORMAL,True
DEL -> HYD|Akasa Air|t+1|2:10 PM|4:30 PM|140|0,2026-09-28,2026-09-28 10:41:23.986617,DEL,HYD,DEL -> HYD,Akasa Air,Akasa Air,Akasa Air,t+1,t+1,1,1,2026-09-29,Economy,2:10 PM,4:30 PM,140,0,8311.43,415.57,450.0,350.0,9527.0,9527.0,ACTIVE,False,NORMAL,True
DEL -> HYD|Akasa Air|t+1|8:40 PM|11:10 PM|150|0,2026-09-28,2026-09-28 10:41:23.986617,DEL,HYD,DEL -> HYD,Akasa Air,Akasa Air,Akasa Air,t+1,t+1,1,1,2026-09-29,Economy,8:40 PM,11:10 PM,150,0,8232.86,411.64,450.0,350.0,9444.5,9444.5,ACTIVE,False,NORMAL,True
DEL -> HYD|IndiGo|t+1|11:15 PM|1:30 AM+1|135|0,2026-09-28,2026-09-28 10:41:23.986617,DEL,HYD,DEL -> HYD,IndiGo,IndiGo,IndiGo,t+1,t+1,1,1,2026-09-29,Economy,11:15 PM,1:30 AM+1,135,0,7689.52,384.48,450.0,350.0,8874.0,8874.0,ACTIVE,False,NORMAL,True
DEL -> HYD|IndiGo|t+1|11:45 AM|2:00 PM|135|0,2026-09-28,2026-09-28 10:41:23.986617,DEL,HYD,DEL -> HYD,IndiGo,IndiGo,IndiGo,t+1,t+1,1,1,2026-09-29,Economy,11:45 AM,2:00 PM,135,0,7689.52,384.48,450.0,350.0,8874.0,8874.0,ACTIVE,False,NORMAL,True
DEL -> HYD|IndiGo|t+1|12:20 PM|4:45 PM|265|1,2026-09-28,2026-09-28 10:41:23.986617,DEL,HYD,DEL -> HYD,IndiGo,IndiGo,IndiGo,t+1,t+1,1,1,2026-09-29,Economy,12:20 PM,4:45 PM,265,1,6840.0,342.0,450.0,350.0,7982.0,7982.0,DEPLETED_SUBSEQUENT_DAY,False,NORMAL,False
DEL -> HYD|IndiGo|t+1|1:30 PM|3:45 PM|135|0,2026-09-28,2026-09-28 10:41:23.986617,DEL,HYD,DEL -> HYD,IndiGo,IndiGo,IndiGo,t+1,t+1,1,1,2026-09-29,Economy,1:30 PM,3:45 PM,135,0,7689.52,384.48,450.0,350.0,8874.0,8874.0,ACTIVE,False,NORMAL,True
DEL -> HYD|IndiGo|t+1|2:25 AM|4:40 AM|135|0,2026-09-28,2026-09-28 10:41:23.986617,DEL,HYD,DEL -> HYD,IndiGo,IndiGo,IndiGo,t+1,t+1,1,1,2026-09-29,Economy,2:25 AM,4:40 AM,135,0,7689.52,384.48,450.0,350.0,8874.0,8874.0,ACTIVE,False,NORMAL,False
DEL -> HYD|IndiGo|t+1|3:50 PM|9:10 PM|320|1,2026-09-28,2026-09-28 16:56:09.212807,DEL,HYD,DEL -> HYD,IndiGo,IndiGo,IndiGo,t+1,t+1,1,1,2026-09-29,Economy,3:50 PM,9:10 PM,320,1,6914.29,345.71,450.0,350.0,8060.0,8060.0,DEPLETED_SUBSEQUENT_DAY,False,NORMAL,False
DEL -> HYD|IndiGo|t+1|4:15 PM|6:30 PM|135|0,2026-09-28,2026-09-28 10:41:23.986617,DEL,HYD,DEL -> HYD,IndiGo,IndiGo,IndiGo,t+1,t+1,1,1,2026-09-29,Economy,4:15 PM,6:30 PM,135,0,7689.52,384.48,450.0,350.0,8874.0,8874.0,ACTIVE,False,NORMAL,True
DEL -> HYD|IndiGo|t+1|4:40 PM|10:45 PM|365|1,2026-09-28,2026-09-28 16:56:09.212807,DEL,HYD,DEL -> HYD,IndiGo,IndiGo,IndiGo,t+1,t+1,1,1,2026-09-29,Economy,4:40 PM,10:45 PM,365,1,6914.29,345.71,450.0,350.0,8060.0,8060.0,DEPLETED_SUBSEQUENT_DAY,False,NORMAL,False
DEL -> HYD|IndiGo|t+1|5:10 AM|10:15 AM|305|1,2026-09-28,2026-09-28 10:41:23.986617,DEL,HYD,DEL -> HYD,IndiGo,IndiGo,IndiGo,t+1,t+1,1,1,2026-09-29,Economy,5:10 AM,10:15 AM,305,1,6840.0,342.0,450.0,350.0,7982.0,7982.0,DEPLETED_SUBSEQUENT_DAY,False,NORMAL,False
DEL -> HYD|IndiGo|t+1|5:55 PM|8:15 PM|140|0,2026-09-28,2026-09-28 10:41:23.986617,DEL,HYD,DEL -> HYD,IndiGo,IndiGo,IndiGo,t+1,t+1,1,1,2026-09-29,Economy,5:55 PM,8:15 PM,140,0,7689.52,384.48,450.0,350.0,8874.0,8874.0,ACTIVE,False,NORMAL,True
DEL -> HYD|IndiGo|t+1|7:10 AM|9:20 AM|130|0,2026-09-28,2026-09-28 10:41:23.986617,DEL,HYD,DEL -> HYD,IndiGo,IndiGo,IndiGo,t+1,t+1,1,1,2026-09-29,Economy,7:10 AM,9:20 AM,130,0,8881.43,444.07,450.0,350.0,10125.5,10125.5,ACTIVE,False,NORMAL,False
DEL -> HYD|IndiGo|t+1|7:45 PM|10:05 PM|140|0,2026-09-28,2026-09-28 10:41:23.986617,DEL,HYD,DEL -> HYD,IndiGo,IndiGo,IndiGo,t+1,t+1,1,1,2026-09-29,Economy,7:45 PM,10:05 PM,140,0,7689.52,384.48,450.0,350.0,8874.0,8874.0,ACTIVE,False,NORMAL,True
DEL -> HYD|IndiGo|t+1|8:30 AM|10:45 AM|135|0,2026-09-28,2026-09-28 10:41:23.986617,DEL,HYD,DEL -> HYD,IndiGo,IndiGo,IndiGo,t+1,t+1,1,1,2026-09-29,Economy,8:30 AM,10:45 AM,135,0,8881.43,444.07,450.0,350.0,10125.5,10125.5,ACTIVE,False,NORMAL,True
DEL -> HYD|IndiGo|t+1|9:00 PM|11:15 PM|135|0,2026-09-28,2026-09-28 10:41:23.986617,DEL,HYD,DEL -> HYD,IndiGo,IndiGo,IndiGo,t+1,t+1,1,1,2026-09-29,Economy,9:00 PM,11:15 PM,135,0,7689.52,384.48,450.0,350.0,8874.0,8874.0,ACTIVE,False,NORMAL,True
DEL -> HYD|IndiGo|t+1|9:55 AM|12:20 PM|145|0,2026-09-28,2026-09-28 10:41:23.986617,DEL,HYD,DEL -> HYD,IndiGo,IndiGo,IndiGo,t+1,t+1,1,1,2026-09-29,Economy,9:55 AM,12:20 PM,145,0,7689.52,384.48,450.0,350.0,8874.0,8874.0,ACTIVE,False,NORMAL,True
DEL -> HYD|Air India|t+15|10:00 PM|12:20 AM+1|140|0,2026-09-28,2026-09-28 10:41:46.579464,DEL,HYD,DEL -> HYD,Air India,Air India,Air India,t+15,t+15,15,15,2026-10-13,Economy,10:00 PM,12:20 AM+1,140,0,8554.76,427.74,450.0,350.0,9782.5,9782.5,ACTIVE,False,NORMAL,False
DEL -> HYD|Air India|t+15|10:30 AM|12:50 PM|140|0,2026-09-28,2026-09-28 10:41:46.579464,DEL,HYD,DEL -> HYD,Air India,Air India,Air India,t+15,t+15,15,15,2026-10-13,Economy,10:30 AM,12:50 PM,140,0,8069.52,403.48,450.0,350.0,9273.0,9273.0,NEW_INVENTORY,False,NORMAL,False
DEL -> HYD|Air India|t+15|11:00 PM|1:20 AM+1|140|0,2026-09-28,2026-09-28 10:41:46.579464,DEL,HYD,DEL -> HYD,Air India,Air India,Air India,t+15,t+15,15,15,2026-10-13,Economy,11:00 PM,1:20 AM+1,140,0,8554.76,427.74,450.0,350.0,9782.5,9782.5,ACTIVE,False,NORMAL,False
DEL -> HYD|Air India|t+15|12:30 PM|2:45 PM|135|0,2026-09-28,2026-09-28 10:41:46.579464,DEL,HYD,DEL -> HYD,Air India,Air India,Air India,t+15,t+15,15,15,2026-10-13,Economy,12:30 PM,2:45 PM,135,0,7619.52,380.98,450.0,350.0,8800.5,8800.5,ACTIVE,False,NORMAL,False
DEL -> HYD|Air India|t+15|2:00 AM|4:20 AM|140|0,2026-09-28,2026-09-28 10:41:46.579464,DEL,HYD,DEL -> HYD,Air India,Air India,Air India,t+15,t+15,15,15,2026-10-13,Economy,2:00 AM,4:20 AM,140,0,8069.52,403.48,450.0,350.0,9273.0,9273.0,ACTIVE,False,NORMAL,True
DEL -> HYD|Air India|t+15|2:30 PM|4:40 PM|130|0,2026-09-28,2026-09-28 10:41:46.579464,DEL,HYD,DEL -> HYD,Air India,Air India,Air India,t+15,t+15,15,15,2026-10-13,Economy,2:30 PM,4:40 PM,130,0,7899.52,394.98,450.0,350.0,9094.5,9094.5,ACTIVE,False,NORMAL,True
DEL -> HYD|Air India|t+15|3:30 PM|5:55 PM|145|0,2026-09-28,2026-09-28 10:41:46.579464,DEL,HYD,DEL -> HYD,Air India,Air India,Air India,t+15,t+15,15,15,2026-10-13,Economy,3:30 PM,5:55 PM,145,0,7619.52,380.98,450.0,350.0,8800.5,8800.5,ACTIVE,False,NORMAL,True
DEL -> HYD|Air India|t+15|6:00 AM|8:20 AM|140|0,2026-09-28,2026-09-28 10:41:46.579464,DEL,HYD,DEL -> HYD,Air India,Air India,Air India,t+15,t+15,15,15,2026-10-13,Economy,6:00 AM,8:20 AM,140,0,9769.52,488.48,450.0,350.0,11058.0,11058.0,DEPLETED_SUBSEQUENT_DAY,False,NORMAL,False
DEL -> HYD|Air India|t+15|6:00 PM|8:20 PM|140|0,2026-09-28,2026-09-28 10:41:46.579464,DEL,HYD,DEL -> HYD,Air India,Air India,Air India,t+15,t+15,15,15,2026-10-13,Economy,6:00 PM,8:20 PM,140,0,8069.52,403.48,450.0,350.0,9273.0,9273.0,ACTIVE,False,NORMAL,True
DEL -> HYD|Air India|t+15|7:00 AM|9:20 AM|140|0,2026-09-28,2026-09-28 10:41:46.579464,DEL,HYD,DEL -> HYD,Air India,Air India,Air India,t+15,t+15,15,15,2026-10-13,Economy,7:00 AM,9:20 AM,140,0,14327.14,716.36,450.0,350.0,15843.5,15843.5,ACTIVE,True,HIGH_SPIKE,False
DEL -> HYD|Air India|t+15|7:30 PM|9:50 PM|140|0,2026-09-28,2026-09-28 10:41:46.579464,DEL,HYD,DEL -> HYD,Air India,Air India,Air India,t+15,t+15,15,15,2026-10-13,Economy,7:30 PM,9:50 PM,140,0,9209.52,460.48,450.0,350.0,10470.0,10470.0,DEPLETED_SUBSEQUENT_DAY,False,NORMAL,False
DEL -> HYD|Air India|t+15|8:30 PM|10:50 PM|140|0,2026-09-28,2026-09-28 10:41:46.579464,DEL,HYD,DEL -> HYD,Air India,Air India,Air India,t+15,t+15,15,15,2026-10-13,Economy,8:30 PM,10:50 PM,140,0,9064.76,453.24,450.0,350.0,10318.0,10318.0,ACTIVE,False,NORMAL,False
DEL -> HYD|Air India|t+15|9:40 AM|12:00 PM|140|0,2026-09-28,2026-09-28 10:41:46.579464,DEL,HYD,DEL -> HYD,Air India,Air India,Air India,t+15,t+15,15,15,2026-10-13,Economy,9:40 AM,12:00 PM,140,0,8069.52,403.48,450.0,350.0,9273.0,9273.0,DEPLETED_SUBSEQUENT_DAY,False,NORMAL,False
DEL -> HYD|Akasa Air|t+15|2:10 PM|4:30 PM|140|0,2026-09-28,2026-09-28 10:41:46.579464,DEL,HYD,DEL -> HYD,Akasa Air,Akasa Air,Akasa Air,t+15,t+15,15,15,2026-10-13,Economy,2:10 PM,4:30 PM,140,0,7557.14,377.86,450.0,350.0,8735.0,8735.0,ACTIVE,False,NORMAL,True
DEL -> HYD|Akasa Air|t+15|8:40 PM|11:10 PM|150|0,2026-09-28,2026-09-28 10:41:46.579464,DEL,HYD,DEL -> HYD,Akasa Air,Akasa Air,Akasa Air,t+15,t+15,15,15,2026-10-13,Economy,8:40 PM,11:10 PM,150,0,8000.0,400.0,450.0,350.0,9200.0,9200.0,ACTIVE,False,NORMAL,True
DEL -> HYD|IndiGo|t+15|11:15 PM|1:30 AM+1|135|0,2026-09-28,2026-09-28 10:41:46.579464,DEL,HYD,DEL -> HYD,IndiGo,IndiGo,IndiGo,t+15,t+15,15,15,2026-10-13,Economy,11:15 PM,1:30 AM+1,135,0,8142.86,407.14,450.0,350.0,9350.0,9350.0,ACTIVE,False,NORMAL,True
DEL -> HYD|IndiGo|t+15|11:45 AM|2:00 PM|135|0,2026-09-28,2026-09-28 10:41:46.579464,DEL,HYD,DEL -> HYD,IndiGo,IndiGo,IndiGo,t+15,t+15,15,15,2026-10-13,Economy,11:45 AM,2:00 PM,135,0,7689.52,384.48,450.0,350.0,8874.0,8874.0,ACTIVE,False,NORMAL,True
DEL -> HYD|IndiGo|t+15|1:30 PM|3:45 PM|135|0,2026-09-28,2026-09-28 10:41:46.579464,DEL,HYD,DEL -> HYD,IndiGo,IndiGo,IndiGo,t+15,t+15,15,15,2026-10-13,Economy,1:30 PM,3:45 PM,135,0,7689.52,384.48,450.0,350.0,8874.0,8874.0,ACTIVE,False,NORMAL,True
DEL -> HYD|IndiGo|t+15|2:25 AM|4:40 AM|135|0,2026-09-28,2026-09-28 10:41:46.579464,DEL,HYD,DEL -> HYD,IndiGo,IndiGo,IndiGo,t+15,t+15,15,15,2026-10-13,Economy,2:25 AM,4:40 AM,135,0,8142.86,407.14,450.0,350.0,9350.0,9350.0,ACTIVE,False,NORMAL,True
DEL -> HYD|IndiGo|t+15|2:45 PM|5:05 PM|140|0,2026-09-28,2026-09-28 10:41:46.579464,DEL,HYD,DEL -> HYD,IndiGo,IndiGo,IndiGo,t+15,t+15,15,15,2026-10-13,Economy,2:45 PM,5:05 PM,140,0,7689.52,384.48,450.0,350.0,8874.0,8874.0,ACTIVE,False,NORMAL,True
DEL -> HYD|IndiGo|t+15|4:15 PM|6:30 PM|135|0,2026-09-28,2026-09-28 10:41:46.579464,DEL,HYD,DEL -> HYD,IndiGo,IndiGo,IndiGo,t+15,t+15,15,15,2026-10-13,Economy,4:15 PM,6:30 PM,135,0,7689.52,384.48,450.0,350.0,8874.0,8874.0,ACTIVE,False,NORMAL,True
DEL -> HYD|IndiGo|t+15|5:30 AM|7:50 AM|140|0,2026-09-28,2026-09-28 10:41:46.579464,DEL,HYD,DEL -> HYD,IndiGo,IndiGo,IndiGo,t+15,t+15,15,15,2026-10-13,Economy,5:30 AM,7:50 AM,140,0,7916.19,395.81,450.0,350.0,9112.0,9112.0,ACTIVE,False,NORMAL,True
DEL -> HYD|IndiGo|t+15|5:55 PM|8:15 PM|140|0,2026-09-28,2026-09-28 10:41:46.579464,DEL,HYD,DEL -> HYD,IndiGo,IndiGo,IndiGo,t+15,t+15,15,15,2026-10-13,Economy,5:55 PM,8:15 PM,140,0,8142.86,407.14,450.0,350.0,9350.0,9350.0,ACTIVE,False,NORMAL,True
DEL -> HYD|IndiGo|t+15|6:15 PM|11:50 PM|335|1,2026-09-28,2026-09-28 10:41:46.579464,DEL,HYD,DEL -> HYD,IndiGo,IndiGo,IndiGo,t+15,t+15,15,15,2026-10-13,Economy,6:15 PM,11:50 PM,335,1,7240.0,362.0,450.0,350.0,8402.0,8402.0,DEPLETED_SUBSEQUENT_DAY,False,NORMAL,False
DEL -> HYD|IndiGo|t+15|7:10 AM|9:20 AM|130|0,2026-09-28,2026-09-28 10:41:46.579464,DEL,HYD,DEL -> HYD,IndiGo,IndiGo,IndiGo,t+15,t+15,15,15,2026-10-13,Economy,7:10 AM,9:20 AM,130,0,7689.52,384.48,450.0,350.0,8874.0,8874.0,ACTIVE,False,NORMAL,True
DEL -> HYD|IndiGo|t+15|7:45 PM|10:05 PM|140|0,2026-09-28,2026-09-28 10:41:46.579464,DEL,HYD,DEL -> HYD,IndiGo,IndiGo,IndiGo,t+15,t+15,15,15,2026-10-13,Economy,7:45 PM,10:05 PM,140,0,12226.67,611.33,450.0,350.0,13638.0,13638.0,ACTIVE,False,NORMAL,True
DEL -> HYD|IndiGo|t+15|8:30 AM|10:45 AM|135|0,2026-09-28,2026-09-28 10:41:46.579464,DEL,HYD,DEL -> HYD,IndiGo,IndiGo,IndiGo,t+15,t+15,15,15,2026-10-13,Economy,8:30 AM,10:45 AM,135,0,7689.52,384.48,450.0,350.0,8874.0,8874.0,ACTIVE,False,NORMAL,True
DEL -> HYD|IndiGo|t+15|9:00 PM|11:15 PM|135|0,2026-09-28,2026-09-28 10:41:46.579464,DEL,HYD,DEL -> HYD,IndiGo,IndiGo,IndiGo,t+15,t+15,15,15,2026-10-13,Economy,9:00 PM,11:15 PM,135,0,9681.9,484.1,450.0,350.0,10966.0,10966.0,ACTIVE,False,NORMAL,True
DEL -> HYD|IndiGo|t+15|9:55 AM|12:20 PM|145|0,2026-09-28,2026-09-28 10:41:46.579464,DEL,HYD,DEL -> HYD,IndiGo,IndiGo,IndiGo,t+15,t+15,15,15,2026-10-13,Economy,9:55 AM,12:20 PM,145,0,8142.86,407.14,450.0,350.0,9350.0,9350.0,ACTIVE,False,NORMAL,True
DEL -> HYD|Air India|t+30|10:00 PM|12:15 AM+1|135|0,2026-09-28,2026-09-28 10:41:58.034796,DEL,HYD,DEL -> HYD,Air India,Air India,Air India,t+30,t+30,30,30,2026-10-28,Economy,10:00 PM,12:15 AM+1,135,0,8580.0,429.0,450.0,350.0,9809.0,9809.0,ACTIVE,False,NORMAL,False
DEL -> HYD|Air India|t+30|11:00 AM|1:15 PM|135|0,2026-09-28,2026-09-28 10:41:58.034796,DEL,HYD,DEL -> HYD,Air India,Air India,Air India,t+30,t+30,30,30,2026-10-28,Economy,11:00 AM,1:15 PM,135,0,8337.14,416.86,450.0,350.0,9554.0,9554.0,ACTIVE,False,NORMAL,False
DEL -> HYD|Air India|t+30|11:00 PM|1:15 AM+1|135|0,2026-09-28,2026-09-28 10:41:58.034796,DEL,HYD,DEL -> HYD,Air India,Air India,Air India,t+30,t+30,30,30,2026-10-28,Economy,11:00 PM,1:15 AM+1,135,0,8580.0,429.0,450.0,350.0,9809.0,9809.0,ACTIVE,False,NORMAL,False
DEL -> HYD|Air India|t+30|12:30 PM|2:45 PM|135|0,2026-09-28,2026-09-28 10:41:58.034796,DEL,HYD,DEL -> HYD,Air India,Air India,Air India,t+30,t+30,30,30,2026-10-28,Economy,12:30 PM,2:45 PM,135,0,8094.29,404.71,450.0,350.0,9299.0,9299.0,ACTIVE,False,NORMAL,True
DEL -> HYD|Air India|t+30|2:30 PM|4:45 PM|135|0,2026-09-28,2026-09-28 10:41:58.034796,DEL,HYD,DEL -> HYD,Air India,Air India,Air India,t+30,t+30,30,30,2026-10-28,Economy,2:30 PM,4:45 PM,135,0,8394.29,419.71,450.0,350.0,9614.0,9614.0,ACTIVE,False,NORMAL,False
DEL -> HYD|Air India|t+30|3:30 PM|5:45 PM|135|0,2026-09-28,2026-09-28 10:41:58.034796,DEL,HYD,DEL -> HYD,Air India,Air India,Air India,t+30,t+30,30,30,2026-10-28,Economy,3:30 PM,5:45 PM,135,0,8094.29,404.71,450.0,350.0,9299.0,9299.0,ACTIVE,False,NORMAL,False
DEL -> HYD|Air India|t+30|6:00 PM|8:15 PM|135|0,2026-09-28,2026-09-28 10:41:58.034796,DEL,HYD,DEL -> HYD,Air India,Air India,Air India,t+30,t+30,30,30,2026-10-28,Economy,6:00 PM,8:15 PM,135,0,8580.0,429.0,450.0,350.0,9809.0,9809.0,ACTIVE,False,NORMAL,False
DEL -> HYD|Air India|t+30|7:00 AM|9:15 AM|135|0,2026-09-28,2026-09-28 10:41:58.034796,DEL,HYD,DEL -> HYD,Air India,Air India,Air India,t+30,t+30,30,30,2026-10-28,Economy,7:00 AM,9:15 AM,135,0,9089.52,454.48,450.0,350.0,10344.0,10344.0,ACTIVE,False,NORMAL,False
DEL -> HYD|Air India|t+30|7:30 PM|9:45 PM|135|0,2026-09-28,2026-09-28 10:41:58.034796,DEL,HYD,DEL -> HYD,Air India,Air India,Air India,t+30,t+30,30,30,2026-10-28,Economy,7:30 PM,9:45 PM,135,0,9089.52,454.48,450.0,350.0,10344.0,10344.0,ACTIVE,False,NORMAL,False
DEL -> HYD|Air India|t+30|9:40 AM|11:55 AM|135|0,2026-09-28,2026-09-28 10:41:58.034796,DEL,HYD,DEL -> HYD,Air India,Air India,Air India,t+30,t+30,30,30,2026-10-28,Economy,9:40 AM,11:55 AM,135,0,8094.29,404.71,450.0,350.0,9299.0,9299.0,ACTIVE,False,NORMAL,False
DEL -> HYD|Akasa Air|t+30|2:20 PM|4:45 PM|145|0,2026-09-28,2026-09-28 10:41:58.034796,DEL,HYD,DEL -> HYD,Akasa Air,Akasa Air,Akasa Air,t+30,t+30,30,30,2026-10-28,Economy,2:20 PM,4:45 PM,145,0,8391.43,419.57,450.0,350.0,9611.0,9611.0,ACTIVE,False,NORMAL,False
DEL -> HYD|Akasa Air|t+30|8:35 PM|10:55 PM|140|0,2026-09-28,2026-09-28 10:41:58.034796,DEL,HYD,DEL -> HYD,Akasa Air,Akasa Air,Akasa Air,t+30,t+30,30,30,2026-10-28,Economy,8:35 PM,10:55 PM,140,0,8472.86,423.64,450.0,350.0,9696.5,9696.5,ACTIVE,False,NORMAL,False
DEL -> HYD|IndiGo|t+30|10:00 AM|12:15 PM|135|0,2026-09-28,2026-09-28 10:41:58.034796,DEL,HYD,DEL -> HYD,IndiGo,IndiGo,IndiGo,t+30,t+30,30,30,2026-10-28,Economy,10:00 AM,12:15 PM,135,0,8144.76,407.24,450.0,350.0,9352.0,9352.0,ACTIVE,False,NORMAL,False
DEL -> HYD|IndiGo|t+30|10:30 PM|12:45 AM+1|135|0,2026-09-28,2026-09-28 10:41:58.034796,DEL,HYD,DEL -> HYD,IndiGo,IndiGo,IndiGo,t+30,t+30,30,30,2026-10-28,Economy,10:30 PM,12:45 AM+1,135,0,8385.71,419.29,450.0,350.0,9605.0,9605.0,ACTIVE,False,NORMAL,False
DEL -> HYD|IndiGo|t+30|11:35 AM|5:05 PM|330|1,2026-09-28,2026-09-28 10:41:58.034796,DEL,HYD,DEL -> HYD,IndiGo,IndiGo,IndiGo,t+30,t+30,30,30,2026-10-28,Economy,11:35 AM,5:05 PM,330,1,6914.29,345.71,450.0,350.0,8060.0,8060.0,DEPLETED_SUBSEQUENT_DAY,True,LOW_ANOMALY,False
DEL -> HYD|IndiGo|t+30|11:45 AM|2:00 PM|135|0,2026-09-28,2026-09-28 10:41:58.034796,DEL,HYD,DEL -> HYD,IndiGo,IndiGo,IndiGo,t+30,t+30,30,30,2026-10-28,Economy,11:45 AM,2:00 PM,135,0,8626.67,431.33,450.0,350.0,9858.0,9858.0,ACTIVE,False,NORMAL,True
DEL -> HYD|IndiGo|t+30|1:00 PM|6:40 PM|340|1,2026-09-28,2026-09-28 16:57:02.590854,DEL,HYD,DEL -> HYD,IndiGo,IndiGo,IndiGo,t+30,t+30,30,30,2026-10-28,Economy,1:00 PM,6:40 PM,340,1,7240.0,362.0,450.0,350.0,8402.0,8402.0,DEPLETED_SUBSEQUENT_DAY,False,NORMAL,False
DEL -> HYD|IndiGo|t+30|1:30 PM|3:45 PM|135|0,2026-09-28,2026-09-28 10:41:58.034796,DEL,HYD,DEL -> HYD,IndiGo,IndiGo,IndiGo,t+30,t+30,30,30,2026-10-28,Economy,1:30 PM,3:45 PM,135,0,8144.76,407.24,450.0,350.0,9352.0,9352.0,ACTIVE,False,NORMAL,True
DEL -> HYD|IndiGo|t+30|2:25 AM|4:40 AM|135|0,2026-09-28,2026-09-28 10:41:58.034796,DEL,HYD,DEL -> HYD,IndiGo,IndiGo,IndiGo,t+30,t+30,30,30,2026-10-28,Economy,2:25 AM,4:40 AM,135,0,8144.76,407.24,450.0,350.0,9352.0,9352.0,ACTIVE,False,NORMAL,True
DEL -> HYD|IndiGo|t+30|2:50 PM|5:05 PM|135|0,2026-09-28,2026-09-28 10:41:58.034796,DEL,HYD,DEL -> HYD,IndiGo,IndiGo,IndiGo,t+30,t+30,30,30,2026-10-28,Economy,2:50 PM,5:05 PM,135,0,8144.76,407.24,450.0,350.0,9352.0,9352.0,ACTIVE,False,NORMAL,False
DEL -> HYD|IndiGo|t+30|3:45 PM|8:40 PM|295|1,2026-09-28,2026-09-28 10:41:58.034796,DEL,HYD,DEL -> HYD,IndiGo,IndiGo,IndiGo,t+30,t+30,30,30,2026-10-28,Economy,3:45 PM,8:40 PM,295,1,6914.29,345.71,450.0,350.0,8060.0,8060.0,DEPLETED_SUBSEQUENT_DAY,True,LOW_ANOMALY,False
DEL -> HYD|IndiGo|t+30|4:15 PM|6:30 PM|135|0,2026-09-28,2026-09-28 10:41:58.034796,DEL,HYD,DEL -> HYD,IndiGo,IndiGo,IndiGo,t+30,t+30,30,30,2026-10-28,Economy,4:15 PM,6:30 PM,135,0,8626.67,431.33,450.0,350.0,9858.0,9858.0,ACTIVE,False,NORMAL,True
DEL -> HYD|IndiGo|t+30|5:15 AM|7:30 AM|135|0,2026-09-28,2026-09-28 10:41:58.034796,DEL,HYD,DEL -> HYD,IndiGo,IndiGo,IndiGo,t+30,t+30,30,30,2026-10-28,Economy,5:15 AM,7:30 AM,135,0,7918.57,395.93,450.0,350.0,9114.5,9114.5,ACTIVE,False,NORMAL,False
DEL -> HYD|IndiGo|t+30|5:15 PM|10:25 PM|310|1,2026-09-28,2026-09-28 10:41:58.034796,DEL,HYD,DEL -> HYD,IndiGo,IndiGo,IndiGo,t+30,t+30,30,30,2026-10-28,Economy,5:15 PM,10:25 PM,310,1,6914.29,345.71,450.0,350.0,8060.0,8060.0,DEPLETED_SUBSEQUENT_DAY,True,LOW_ANOMALY,False
DEL -> HYD|IndiGo|t+30|6:10 PM|10:50 PM|280|1,2026-09-28,2026-09-28 10:41:58.034796,DEL,HYD,DEL -> HYD,IndiGo,IndiGo,IndiGo,t+30,t+30,30,30,2026-10-28,Economy,6:10 PM,10:50 PM,280,1,7040.0,352.0,450.0,350.0,8192.0,8192.0,DEPLETED_SUBSEQUENT_DAY,True,LOW_ANOMALY,False
DEL -> HYD|IndiGo|t+30|6:15 PM|8:30 PM|135|0,2026-09-28,2026-09-28 10:41:58.034796,DEL,HYD,DEL -> HYD,IndiGo,IndiGo,IndiGo,t+30,t+30,30,30,2026-10-28,Economy,6:15 PM,8:30 PM,135,0,8626.67,431.33,450.0,350.0,9858.0,9858.0,ACTIVE,False,NORMAL,False
DEL -> HYD|IndiGo|t+30|6:30 AM|11:05 AM|275|1,2026-09-28,2026-09-28 10:41:58.034796,DEL,HYD,DEL -> HYD,IndiGo,IndiGo,IndiGo,t+30,t+30,30,30,2026-10-28,Economy,6:30 AM,11:05 AM,275,1,6714.29,335.71,450.0,350.0,7850.0,7850.0,DEPLETED_SUBSEQUENT_DAY,True,LOW_ANOMALY,False
DEL -> HYD|IndiGo|t+30|6:30 AM|11:55 AM|325|1,2026-09-28,2026-09-28 16:57:02.590854,DEL,HYD,DEL -> HYD,IndiGo,IndiGo,IndiGo,t+30,t+30,30,30,2026-10-28,Economy,6:30 AM,11:55 AM,325,1,7240.0,362.0,450.0,350.0,8402.0,8402.0,DEPLETED_SUBSEQUENT_DAY,False,NORMAL,False
DEL -> HYD|IndiGo|t+30|6:30 AM|8:45 AM|135|0,2026-09-28,2026-09-28 10:41:58.034796,DEL,HYD,DEL -> HYD,IndiGo,IndiGo,IndiGo,t+30,t+30,30,30,2026-10-28,Economy,6:30 AM,8:45 AM,135,0,8642.38,432.12,450.0,350.0,9874.5,9874.5,ACTIVE,False,NORMAL,False
DEL -> HYD|IndiGo|t+30|7:30 AM|12:10 PM|280|1,2026-09-28,2026-09-28 10:41:58.034796,DEL,HYD,DEL -> HYD,IndiGo,IndiGo,IndiGo,t+30,t+30,30,30,2026-10-28,Economy,7:30 AM,12:10 PM,280,1,6840.0,342.0,450.0,350.0,7982.0,7982.0,DEPLETED_SUBSEQUENT_DAY,True,LOW_ANOMALY,False
DEL -> HYD|IndiGo|t+30|7:40 PM|12:30 AM+1|290|1,2026-09-28,2026-09-28 10:41:58.034796,DEL,HYD,DEL -> HYD,IndiGo,IndiGo,IndiGo,t+30,t+30,30,30,2026-10-28,Economy,7:40 PM,12:30 AM+1,290,1,7040.0,352.0,450.0,350.0,8192.0,8192.0,DEPLETED_SUBSEQUENT_DAY,True,LOW_ANOMALY,False
DEL -> HYD|IndiGo|t+30|7:45 PM|10:00 PM|135|0,2026-09-28,2026-09-28 10:41:58.034796,DEL,HYD,DEL -> HYD,IndiGo,IndiGo,IndiGo,t+30,t+30,30,30,2026-10-28,Economy,7:45 PM,10:00 PM,135,0,10262.86,513.14,450.0,350.0,11576.0,11576.0,ACTIVE,False,NORMAL,False
DEL -> HYD|IndiGo|t+30|8:30 AM|10:45 AM|135|0,2026-09-28,2026-09-28 10:41:58.034796,DEL,HYD,DEL -> HYD,IndiGo,IndiGo,IndiGo,t+30,t+30,30,30,2026-10-28,Economy,8:30 AM,10:45 AM,135,0,9140.0,457.0,450.0,350.0,10397.0,10397.0,ACTIVE,False,NORMAL,True
DEL -> HYD|IndiGo|t+30|9:00 AM|2:15 PM|315|1,2026-09-28,2026-09-28 16:57:02.590854,DEL,HYD,DEL -> HYD,IndiGo,IndiGo,IndiGo,t+30,t+30,30,30,2026-10-28,Economy,9:00 AM,2:15 PM,315,1,7240.0,362.0,450.0,350.0,8402.0,8402.0,DEPLETED_SUBSEQUENT_DAY,False,NORMAL,False
DEL -> HYD|IndiGo|t+30|9:00 PM|11:15 PM|135|0,2026-09-28,2026-09-28 10:41:58.034796,DEL,HYD,DEL -> HYD,IndiGo,IndiGo,IndiGo,t+30,t+30,30,30,2026-10-28,Economy,9:00 PM,11:15 PM,135,0,8626.67,431.33,450.0,350.0,9858.0,9858.0,ACTIVE,False,NORMAL,True
DEL -> HYD|Air India|t+7|10:00 PM|12:20 AM+1|140|0,2026-09-28,2026-09-28 10:41:35.414737,DEL,HYD,DEL -> HYD,Air India,Air India,Air India,t+7,t+7,7,7,2026-10-05,Economy,10:00 PM,12:20 AM+1,140,0,7534.29,376.71,450.0,350.0,8711.0,8711.0,ACTIVE,False,NORMAL,False
DEL -> HYD|Air India|t+7|11:00 PM|1:20 AM+1|140|0,2026-09-28,2026-09-28 10:41:35.414737,DEL,HYD,DEL -> HYD,Air India,Air India,Air India,t+7,t+7,7,7,2026-10-05,Economy,11:00 PM,1:20 AM+1,140,0,7534.29,376.71,450.0,350.0,8711.0,8711.0,ACTIVE,False,NORMAL,False
DEL -> HYD|Air India|t+7|12:30 PM|2:45 PM|135|0,2026-09-28,2026-09-28 10:41:35.414737,DEL,HYD,DEL -> HYD,Air India,Air India,Air India,t+7,t+7,7,7,2026-10-05,Economy,12:30 PM,2:45 PM,135,0,8554.76,427.74,450.0,350.0,9782.5,9782.5,ACTIVE,False,NORMAL,False
DEL -> HYD|Air India|t+7|2:00 AM|4:20 AM|140|0,2026-09-28,2026-09-28 10:41:35.414737,DEL,HYD,DEL -> HYD,Air India,Air India,Air India,t+7,t+7,7,7,2026-10-05,Economy,2:00 AM,4:20 AM,140,0,9044.76,452.24,450.0,350.0,10297.0,10297.0,ACTIVE,False,NORMAL,True
DEL -> HYD|Air India|t+7|2:30 PM|4:40 PM|130|0,2026-09-28,2026-09-28 10:41:35.414737,DEL,HYD,DEL -> HYD,Air India,Air India,Air India,t+7,t+7,7,7,2026-10-05,Economy,2:30 PM,4:40 PM,130,0,8387.14,419.36,450.0,350.0,9606.5,9606.5,ACTIVE,False,NORMAL,True
DEL -> HYD|Air India|t+7|3:30 PM|5:55 PM|145|0,2026-09-28,2026-09-28 10:41:35.414737,DEL,HYD,DEL -> HYD,Air India,Air India,Air India,t+7,t+7,7,7,2026-10-05,Economy,3:30 PM,5:55 PM,145,0,7844.76,392.24,450.0,350.0,9037.0,9037.0,ACTIVE,False,NORMAL,True
DEL -> HYD|Air India|t+7|6:00 AM|8:20 AM|140|0,2026-09-28,2026-09-28 10:41:35.414737,DEL,HYD,DEL -> HYD,Air India,Air India,Air India,t+7,t+7,7,7,2026-10-05,Economy,6:00 AM,8:20 AM,140,0,9089.52,454.48,450.0,350.0,10344.0,10344.0,DEPLETED_SUBSEQUENT_DAY,False,NORMAL,False
DEL -> HYD|Air India|t+7|6:00 PM|8:20 PM|140|0,2026-09-28,2026-09-28 10:41:35.414737,DEL,HYD,DEL -> HYD,Air India,Air India,Air India,t+7,t+7,7,7,2026-10-05,Economy,6:00 PM,8:20 PM,140,0,8554.76,427.74,450.0,350.0,9782.5,9782.5,ACTIVE,False,NORMAL,True
DEL -> HYD|Air India|t+7|7:00 AM|9:20 AM|140|0,2026-09-28,2026-09-28 10:41:35.414737,DEL,HYD,DEL -> HYD,Air India,Air India,Air India,t+7,t+7,7,7,2026-10-05,Economy,7:00 AM,9:20 AM,140,0,20206.67,1010.33,450.0,350.0,22017.0,22017.0,NEW_INVENTORY,True,HIGH_SPIKE,False
DEL -> HYD|Air India|t+7|7:30 PM|9:50 PM|140|0,2026-09-28,2026-09-28 10:41:35.414737,DEL,HYD,DEL -> HYD,Air India,Air India,Air India,t+7,t+7,7,7,2026-10-05,Economy,7:30 PM,9:50 PM,140,0,8689.52,434.48,450.0,350.0,9924.0,9924.0,DEPLETED_SUBSEQUENT_DAY,False,NORMAL,False
DEL -> HYD|Air India|t+7|8:30 PM|10:50 PM|140|0,2026-09-28,2026-09-28 10:41:35.414737,DEL,HYD,DEL -> HYD,Air India,Air India,Air India,t+7,t+7,7,7,2026-10-05,Economy,8:30 PM,10:50 PM,140,0,7619.52,380.98,450.0,350.0,8800.5,8800.5,ACTIVE,False,NORMAL,True
DEL -> HYD|Air India|t+7|9:40 AM|12:00 PM|140|0,2026-09-28,2026-09-28 10:41:35.414737,DEL,HYD,DEL -> HYD,Air India,Air India,Air India,t+7,t+7,7,7,2026-10-05,Economy,9:40 AM,12:00 PM,140,0,15100.0,755.0,450.0,350.0,16655.0,16655.0,ACTIVE,True,HIGH_SPIKE,True
DEL -> HYD|Akasa Air|t+7|2:10 PM|4:30 PM|140|0,2026-09-28,2026-09-28 10:41:35.414737,DEL,HYD,DEL -> HYD,Akasa Air,Akasa Air,Akasa Air,t+7,t+7,7,7,2026-10-05,Economy,2:10 PM,4:30 PM,140,0,7632.86,381.64,450.0,350.0,8814.5,8814.5,ACTIVE,False,NORMAL,True
DEL -> HYD|Akasa Air|t+7|8:40 PM|11:10 PM|150|0,2026-09-28,2026-09-28 10:41:35.414737,DEL,HYD,DEL -> HYD,Akasa Air,Akasa Air,Akasa Air,t+7,t+7,7,7,2026-10-05,Economy,8:40 PM,11:10 PM,150,0,8154.29,407.71,450.0,350.0,9362.0,9362.0,ACTIVE,False,NORMAL,True
DEL -> HYD|IndiGo|t+7|11:15 PM|1:30 AM+1|135|0,2026-09-28,2026-09-28 10:41:35.414737,DEL,HYD,DEL -> HYD,IndiGo,IndiGo,IndiGo,t+7,t+7,7,7,2026-10-05,Economy,11:15 PM,1:30 AM+1,135,0,7689.52,384.48,450.0,350.0,8874.0,8874.0,ACTIVE,False,NORMAL,True
DEL -> HYD|IndiGo|t+7|11:45 AM|2:00 PM|135|0,2026-09-28,2026-09-28 10:41:35.414737,DEL,HYD,DEL -> HYD,IndiGo,IndiGo,IndiGo,t+7,t+7,7,7,2026-10-05,Economy,11:45 AM,2:00 PM,135,0,8142.86,407.14,450.0,350.0,9350.0,9350.0,ACTIVE,False,NORMAL,True
DEL -> HYD|IndiGo|t+7|12:10 PM|5:50 PM|340|1,2026-09-28,2026-09-28 10:41:35.414737,DEL,HYD,DEL -> HYD,IndiGo,IndiGo,IndiGo,t+7,t+7,7,7,2026-10-05,Economy,12:10 PM,5:50 PM,340,1,7240.0,362.0,450.0,350.0,8402.0,8402.0,DEPLETED_SUBSEQUENT_DAY,False,NORMAL,False
DEL -> HYD|IndiGo|t+7|1:30 PM|3:45 PM|135|0,2026-09-28,2026-09-28 10:41:35.414737,DEL,HYD,DEL -> HYD,IndiGo,IndiGo,IndiGo,t+7,t+7,7,7,2026-10-05,Economy,1:30 PM,3:45 PM,135,0,8624.76,431.24,450.0,350.0,9856.0,9856.0,ACTIVE,False,NORMAL,True
DEL -> HYD|IndiGo|t+7|2:25 AM|4:40 AM|135|0,2026-09-28,2026-09-28 10:41:35.414737,DEL,HYD,DEL -> HYD,IndiGo,IndiGo,IndiGo,t+7,t+7,7,7,2026-10-05,Economy,2:25 AM,4:40 AM,135,0,10260.95,513.05,450.0,350.0,11574.0,11574.0,ACTIVE,False,NORMAL,True
DEL -> HYD|IndiGo|t+7|2:45 PM|5:05 PM|140|0,2026-09-28,2026-09-28 10:41:35.414737,DEL,HYD,DEL -> HYD,IndiGo,IndiGo,IndiGo,t+7,t+7,7,7,2026-10-05,Economy,2:45 PM,5:05 PM,140,0,7689.52,384.48,450.0,350.0,8874.0,8874.0,ACTIVE,False,NORMAL,True
DEL -> HYD|IndiGo|t+7|4:15 PM|6:30 PM|135|0,2026-09-28,2026-09-28 10:41:35.414737,DEL,HYD,DEL -> HYD,IndiGo,IndiGo,IndiGo,t+7,t+7,7,7,2026-10-05,Economy,4:15 PM,6:30 PM,135,0,7689.52,384.48,450.0,350.0,8874.0,8874.0,ACTIVE,False,NORMAL,True
DEL -> HYD|IndiGo|t+7|5:30 AM|7:50 AM|140|0,2026-09-28,2026-09-28 10:41:35.414737,DEL,HYD,DEL -> HYD,IndiGo,IndiGo,IndiGo,t+7,t+7,7,7,2026-10-05,Economy,5:30 AM,7:50 AM,140,0,8624.76,431.24,450.0,350.0,9856.0,9856.0,ACTIVE,False,NORMAL,False
DEL -> HYD|IndiGo|t+7|5:55 PM|8:15 PM|140|0,2026-09-28,2026-09-28 10:41:35.414737,DEL,HYD,DEL -> HYD,IndiGo,IndiGo,IndiGo,t+7,t+7,7,7,2026-10-05,Economy,5:55 PM,8:15 PM,140,0,8624.76,431.24,450.0,350.0,9856.0,9856.0,ACTIVE,False,NORMAL,True
DEL -> HYD|IndiGo|t+7|6:15 PM|11:50 PM|335|1,2026-09-28,2026-09-28 10:41:35.414737,DEL,HYD,DEL -> HYD,IndiGo,IndiGo,IndiGo,t+7,t+7,7,7,2026-10-05,Economy,6:15 PM,11:50 PM,335,1,7240.0,362.0,450.0,350.0,8402.0,8402.0,DEPLETED_SUBSEQUENT_DAY,False,NORMAL,False
DEL -> HYD|IndiGo|t+7|7:10 AM|9:20 AM|130|0,2026-09-28,2026-09-28 10:41:35.414737,DEL,HYD,DEL -> HYD,IndiGo,IndiGo,IndiGo,t+7,t+7,7,7,2026-10-05,Economy,7:10 AM,9:20 AM,130,0,11530.48,576.52,450.0,350.0,12907.0,12907.0,ACTIVE,True,HIGH_SPIKE,True
DEL -> HYD|IndiGo|t+7|7:45 PM|10:05 PM|140|0,2026-09-28,2026-09-28 10:41:35.414737,DEL,HYD,DEL -> HYD,IndiGo,IndiGo,IndiGo,t+7,t+7,7,7,2026-10-05,Economy,7:45 PM,10:05 PM,140,0,7689.52,384.48,450.0,350.0,8874.0,8874.0,ACTIVE,False,NORMAL,True
DEL -> HYD|IndiGo|t+7|8:30 AM|10:45 AM|135|0,2026-09-28,2026-09-28 10:41:35.414737,DEL,HYD,DEL -> HYD,IndiGo,IndiGo,IndiGo,t+7,t+7,7,7,2026-10-05,Economy,8:30 AM,10:45 AM,135,0,10569.05,528.45,450.0,350.0,11897.5,11897.5,ACTIVE,False,NORMAL,True
DEL -> HYD|IndiGo|t+7|9:00 PM|11:15 PM|135|0,2026-09-28,2026-09-28 10:41:35.414737,DEL,HYD,DEL -> HYD,IndiGo,IndiGo,IndiGo,t+7,t+7,7,7,2026-10-05,Economy,9:00 PM,11:15 PM,135,0,7689.52,384.48,450.0,350.0,8874.0,8874.0,ACTIVE,False,NORMAL,True
DEL -> HYD|IndiGo|t+7|9:55 AM|12:20 PM|145|0,2026-09-28,2026-09-28 10:41:35.414737,DEL,HYD,DEL -> HYD,IndiGo,IndiGo,IndiGo,t+7,t+7,7,7,2026-10-05,Economy,9:55 AM,12:20 PM,145,0,9138.1,456.9,450.0,350.0,10395.0,10395.0,ACTIVE,False,NORMAL,True
DEL -> HYD|Air India|t+1|10:00 PM|12:20 AM+1|140|0,2026-10-01,2026-10-01 10:34:08.358083,DEL,HYD,DEL -> HYD,Air India,Air India,Air India,t+1,t+1,1,1,2026-10-02,Economy,10:00 PM,12:20 AM+1,140,0,7534.29,376.71,450.0,350.0,8711.0,8711.0,ACTIVE,False,NORMAL,True
DEL -> HYD|Air India|t+1|10:30 AM|12:50 PM|140|0,2026-10-01,2026-10-01 10:34:08.358083,DEL,HYD,DEL -> HYD,Air India,Air India,Air India,t+1,t+1,1,1,2026-10-02,Economy,10:30 AM,12:50 PM,140,0,7644.76,382.24,450.0,350.0,8827.0,8827.0,DEPLETED_SUBSEQUENT_DAY,False,NORMAL,False
DEL -> HYD|Air India|t+1|11:00 PM|1:20 AM+1|140|0,2026-10-01,2026-10-01 10:34:08.358083,DEL,HYD,DEL -> HYD,Air India,Air India,Air India,t+1,t+1,1,1,2026-10-02,Economy,11:00 PM,1:20 AM+1,140,0,7534.29,376.71,450.0,350.0,8711.0,8711.0,ACTIVE,False,NORMAL,True
DEL -> HYD|Air India|t+1|2:00 AM|4:20 AM|140|0,2026-10-01,2026-10-01 10:34:08.358083,DEL,HYD,DEL -> HYD,Air India,Air India,Air India,t+1,t+1,1,1,2026-10-02,Economy,2:00 AM,4:20 AM,140,0,7534.29,376.71,450.0,350.0,8711.0,8711.0,ACTIVE,False,NORMAL,True
DEL -> HYD|Air India|t+1|2:30 PM|4:40 PM|130|0,2026-10-01,2026-10-01 10:34:08.358083,DEL,HYD,DEL -> HYD,Air India,Air India,Air India,t+1,t+1,1,1,2026-10-02,Economy,2:30 PM,4:40 PM,130,0,8569.52,428.48,450.0,350.0,9798.0,9798.0,ACTIVE,False,NORMAL,True
DEL -> HYD|Air India|t+1|3:30 PM|5:55 PM|145|0,2026-10-01,2026-10-01 10:34:08.358083,DEL,HYD,DEL -> HYD,Air India,Air India,Air India,t+1,t+1,1,1,2026-10-02,Economy,3:30 PM,5:55 PM,145,0,7644.76,382.24,450.0,350.0,8827.0,8827.0,ACTIVE,False,NORMAL,False
DEL -> HYD|Air India|t+1|6:00 PM|8:20 PM|140|0,2026-10-01,2026-10-01 10:34:08.358083,DEL,HYD,DEL -> HYD,Air India,Air India,Air India,t+1,t+1,1,1,2026-10-02,Economy,6:00 PM,8:20 PM,140,0,7634.29,381.71,450.0,350.0,8816.0,8816.0,ACTIVE,False,NORMAL,True
DEL -> HYD|Air India|t+1|7:00 AM|9:20 AM|140|0,2026-10-01,2026-10-01 10:34:08.358083,DEL,HYD,DEL -> HYD,Air India,Air India,Air India,t+1,t+1,1,1,2026-10-02,Economy,7:00 AM,9:20 AM,140,0,20609.52,1030.48,450.0,350.0,22440.0,22440.0,DEPLETED_SUBSEQUENT_DAY,True,HIGH_SPIKE,False
DEL -> HYD|Air India|t+1|8:30 PM|10:50 PM|140|0,2026-10-01,2026-10-01 10:34:08.358083,DEL,HYD,DEL -> HYD,Air India,Air India,Air India,t+1,t+1,1,1,2026-10-02,Economy,8:30 PM,10:50 PM,140,0,7644.76,382.24,450.0,350.0,8827.0,8827.0,ACTIVE,False,NORMAL,True
DEL -> HYD|Air India|t+1|9:40 AM|12:00 PM|140|0,2026-10-01,2026-10-01 10:34:08.358083,DEL,HYD,DEL -> HYD,Air India,Air India,Air India,t+1,t+1,1,1,2026-10-02,Economy,9:40 AM,12:00 PM,140,0,7644.76,382.24,450.0,350.0,8827.0,8827.0,ACTIVE,False,NORMAL,True
DEL -> HYD|Akasa Air|t+1|2:10 PM|4:30 PM|140|0,2026-10-01,2026-10-01 10:34:08.358083,DEL,HYD,DEL -> HYD,Akasa Air,Akasa Air,Akasa Air,t+1,t+1,1,1,2026-10-02,Economy,2:10 PM,4:30 PM,140,0,7557.14,377.86,450.0,350.0,8735.0,8735.0,ACTIVE,False,NORMAL,True
DEL -> HYD|Akasa Air|t+1|8:40 PM|11:10 PM|150|0,2026-10-01,2026-10-01 10:34:08.358083,DEL,HYD,DEL -> HYD,Akasa Air,Akasa Air,Akasa Air,t+1,t+1,1,1,2026-10-02,Economy,8:40 PM,11:10 PM,150,0,7849.52,392.48,450.0,350.0,9042.0,9042.0,ACTIVE,False,NORMAL,True
DEL -> HYD|IndiGo|t+1|11:15 PM|1:30 AM+1|135|0,2026-10-01,2026-10-01 10:34:08.358083,DEL,HYD,DEL -> HYD,IndiGo,IndiGo,IndiGo,t+1,t+1,1,1,2026-10-02,Economy,11:15 PM,1:30 AM+1,135,0,7689.52,384.48,450.0,350.0,8874.0,8874.0,ACTIVE,False,NORMAL,True
DEL -> HYD|IndiGo|t+1|11:45 AM|2:00 PM|135|0,2026-10-01,2026-10-01 10:34:08.358083,DEL,HYD,DEL -> HYD,IndiGo,IndiGo,IndiGo,t+1,t+1,1,1,2026-10-02,Economy,11:45 AM,2:00 PM,135,0,7689.52,384.48,450.0,350.0,8874.0,8874.0,ACTIVE,False,NORMAL,True
DEL -> HYD|IndiGo|t+1|1:30 PM|3:45 PM|135|0,2026-10-01,2026-10-01 10:34:08.358083,DEL,HYD,DEL -> HYD,IndiGo,IndiGo,IndiGo,t+1,t+1,1,1,2026-10-02,Economy,1:30 PM,3:45 PM,135,0,7689.52,384.48,450.0,350.0,8874.0,8874.0,ACTIVE,False,NORMAL,True
DEL -> HYD|IndiGo|t+1|2:25 AM|4:40 AM|135|0,2026-10-01,2026-10-01 10:34:08.358083,DEL,HYD,DEL -> HYD,IndiGo,IndiGo,IndiGo,t+1,t+1,1,1,2026-10-02,Economy,2:25 AM,4:40 AM,135,0,7689.52,384.48,450.0,350.0,8874.0,8874.0,ACTIVE,False,NORMAL,False
DEL -> HYD|IndiGo|t+1|2:45 PM|5:05 PM|140|0,2026-10-01,2026-10-01 10:34:08.358083,DEL,HYD,DEL -> HYD,IndiGo,IndiGo,IndiGo,t+1,t+1,1,1,2026-10-02,Economy,2:45 PM,5:05 PM,140,0,7689.52,384.48,450.0,350.0,8874.0,8874.0,NEW_INVENTORY,False,NORMAL,False
DEL -> HYD|IndiGo|t+1|4:15 PM|6:30 PM|135|0,2026-10-01,2026-10-01 10:34:08.358083,DEL,HYD,DEL -> HYD,IndiGo,IndiGo,IndiGo,t+1,t+1,1,1,2026-10-02,Economy,4:15 PM,6:30 PM,135,0,7689.52,384.48,450.0,350.0,8874.0,8874.0,ACTIVE,False,NORMAL,True
DEL -> HYD|IndiGo|t+1|5:30 AM|7:50 AM|140|0,2026-10-01,2026-10-01 10:34:08.358083,DEL,HYD,DEL -> HYD,IndiGo,IndiGo,IndiGo,t+1,t+1,1,1,2026-10-02,Economy,5:30 AM,7:50 AM,140,0,7689.52,384.48,450.0,350.0,8874.0,8874.0,DEPLETED_SUBSEQUENT_DAY,False,NORMAL,False
DEL -> HYD|IndiGo|t+1|5:55 PM|8:15 PM|140|0,2026-10-01,2026-10-01 10:34:08.358083,DEL,HYD,DEL -> HYD,IndiGo,IndiGo,IndiGo,t+1,t+1,1,1,2026-10-02,Economy,5:55 PM,8:15 PM,140,0,7689.52,384.48,450.0,350.0,8874.0,8874.0,ACTIVE,False,NORMAL,True
DEL -> HYD|IndiGo|t+1|7:10 AM|9:20 AM|130|0,2026-10-01,2026-10-01 10:34:08.358083,DEL,HYD,DEL -> HYD,IndiGo,IndiGo,IndiGo,t+1,t+1,1,1,2026-10-02,Economy,7:10 AM,9:20 AM,130,0,7689.52,384.48,450.0,350.0,8874.0,8874.0,ACTIVE,False,NORMAL,False
DEL -> HYD|IndiGo|t+1|7:45 PM|10:05 PM|140|0,2026-10-01,2026-10-01 10:34:08.358083,DEL,HYD,DEL -> HYD,IndiGo,IndiGo,IndiGo,t+1,t+1,1,1,2026-10-02,Economy,7:45 PM,10:05 PM,140,0,7689.52,384.48,450.0,350.0,8874.0,8874.0,ACTIVE,False,NORMAL,True
DEL -> HYD|IndiGo|t+1|8:30 AM|10:45 AM|135|0,2026-10-01,2026-10-01 10:34:08.358083,DEL,HYD,DEL -> HYD,IndiGo,IndiGo,IndiGo,t+1,t+1,1,1,2026-10-02,Economy,8:30 AM,10:45 AM,135,0,7689.52,384.48,450.0,350.0,8874.0,8874.0,ACTIVE,False,NORMAL,True
DEL -> HYD|IndiGo|t+1|9:00 PM|11:15 PM|135|0,2026-10-01,2026-10-01 10:34:08.358083,DEL,HYD,DEL -> HYD,IndiGo,IndiGo,IndiGo,t+1,t+1,1,1,2026-10-02,Economy,9:00 PM,11:15 PM,135,0,7689.52,384.48,450.0,350.0,8874.0,8874.0,ACTIVE,False,NORMAL,True
DEL -> HYD|IndiGo|t+1|9:55 AM|12:20 PM|145|0,2026-10-01,2026-10-01 10:34:08.358083,DEL,HYD,DEL -> HYD,IndiGo,IndiGo,IndiGo,t+1,t+1,1,1,2026-10-02,Economy,9:55 AM,12:20 PM,145,0,7689.52,384.48,450.0,350.0,8874.0,8874.0,ACTIVE,False,NORMAL,True
DEL -> HYD|Air India|t+15|10:00 PM|12:20 AM+1|140|0,2026-10-01,2026-10-01 10:34:28.859334,DEL,HYD,DEL -> HYD,Air India,Air India,Air India,t+15,t+15,15,15,2026-10-16,Economy,10:00 PM,12:20 AM+1,140,0,9089.52,454.48,450.0,350.0,10344.0,10344.0,ACTIVE,False,NORMAL,False
DEL -> HYD|Air India|t+15|10:30 AM|12:50 PM|140|0,2026-10-01,2026-10-01 10:34:28.859334,DEL,HYD,DEL -> HYD,Air India,Air India,Air India,t+15,t+15,15,15,2026-10-16,Economy,10:30 AM,12:50 PM,140,0,8580.0,429.0,450.0,350.0,9809.0,9809.0,ACTIVE,False,NORMAL,False
DEL -> HYD|Air India|t+15|11:00 PM|1:20 AM+1|140|0,2026-10-01,2026-10-01 10:34:28.859334,DEL,HYD,DEL -> HYD,Air India,Air India,Air India,t+15,t+15,15,15,2026-10-16,Economy,11:00 PM,1:20 AM+1,140,0,8580.0,429.0,450.0,350.0,9809.0,9809.0,ACTIVE,False,NORMAL,False
DEL -> HYD|Air India|t+15|12:30 PM|2:45 PM|135|0,2026-10-01,2026-10-01 10:34:28.859334,DEL,HYD,DEL -> HYD,Air India,Air India,Air India,t+15,t+15,15,15,2026-10-16,Economy,12:30 PM,2:45 PM,135,0,8580.0,429.0,450.0,350.0,9809.0,9809.0,ACTIVE,False,NORMAL,False
DEL -> HYD|Air India|t+15|2:00 AM|4:20 AM|140|0,2026-10-01,2026-10-01 10:34:28.859334,DEL,HYD,DEL -> HYD,Air India,Air India,Air India,t+15,t+15,15,15,2026-10-16,Economy,2:00 AM,4:20 AM,140,0,8580.0,429.0,450.0,350.0,9809.0,9809.0,ACTIVE,False,NORMAL,True
DEL -> HYD|Air India|t+15|2:30 PM|4:40 PM|130|0,2026-10-01,2026-10-01 10:34:28.859334,DEL,HYD,DEL -> HYD,Air India,Air India,Air India,t+15,t+15,15,15,2026-10-16,Economy,2:30 PM,4:40 PM,130,0,8900.0,445.0,450.0,350.0,10145.0,10145.0,ACTIVE,False,NORMAL,True
DEL -> HYD|Air India|t+15|3:30 PM|5:55 PM|145|0,2026-10-01,2026-10-01 10:34:28.859334,DEL,HYD,DEL -> HYD,Air India,Air India,Air India,t+15,t+15,15,15,2026-10-16,Economy,3:30 PM,5:55 PM,145,0,8580.0,429.0,450.0,350.0,9809.0,9809.0,ACTIVE,False,NORMAL,True
DEL -> HYD|Air India|t+15|6:00 PM|8:20 PM|140|0,2026-10-01,2026-10-01 10:34:28.859334,DEL,HYD,DEL -> HYD,Air India,Air India,Air India,t+15,t+15,15,15,2026-10-16,Economy,6:00 PM,8:20 PM,140,0,9344.76,467.24,450.0,350.0,10612.0,10612.0,ACTIVE,False,NORMAL,True
DEL -> HYD|Air India|t+15|7:00 AM|9:20 AM|140|0,2026-10-01,2026-10-01 10:34:28.859334,DEL,HYD,DEL -> HYD,Air India,Air India,Air India,t+15,t+15,15,15,2026-10-16,Economy,7:00 AM,9:20 AM,140,0,8094.29,404.71,450.0,350.0,9299.0,9299.0,DEPLETED_SUBSEQUENT_DAY,False,NORMAL,False
DEL -> HYD|Air India|t+15|8:30 PM|10:50 PM|140|0,2026-10-01,2026-10-01 10:34:28.859334,DEL,HYD,DEL -> HYD,Air India,Air India,Air India,t+15,t+15,15,15,2026-10-16,Economy,8:30 PM,10:50 PM,140,0,15100.0,755.0,450.0,350.0,16655.0,16655.0,ACTIVE,True,HIGH_SPIKE,False
DEL -> HYD|Akasa Air|t+15|2:10 PM|4:30 PM|140|0,2026-10-01,2026-10-01 10:34:28.859334,DEL,HYD,DEL -> HYD,Akasa Air,Akasa Air,Akasa Air,t+15,t+15,15,15,2026-10-16,Economy,2:10 PM,4:30 PM,140,0,8800.0,440.0,450.0,350.0,10040.0,10040.0,ACTIVE,False,NORMAL,True
DEL -> HYD|Akasa Air|t+15|8:40 PM|11:10 PM|150|0,2026-10-01,2026-10-01 10:34:28.859334,DEL,HYD,DEL -> HYD,Akasa Air,Akasa Air,Akasa Air,t+15,t+15,15,15,2026-10-16,Economy,8:40 PM,11:10 PM,150,0,9143.81,457.19,450.0,350.0,10401.0,10401.0,ACTIVE,False,NORMAL,True
DEL -> HYD|IndiGo|t+15|11:15 PM|1:30 AM+1|135|0,2026-10-01,2026-10-01 10:34:28.859334,DEL,HYD,DEL -> HYD,IndiGo,IndiGo,IndiGo,t+15,t+15,15,15,2026-10-16,Economy,11:15 PM,1:30 AM+1,135,0,10260.95,513.05,450.0,350.0,11574.0,11574.0,ACTIVE,False,NORMAL,True
DEL -> HYD|IndiGo|t+15|11:45 AM|2:00 PM|135|0,2026-10-01,2026-10-01 10:34:28.859334,DEL,HYD,DEL -> HYD,IndiGo,IndiGo,IndiGo,t+15,t+15,15,15,2026-10-16,Economy,11:45 AM,2:00 PM,135,0,9681.9,484.1,450.0,350.0,10966.0,10966.0,ACTIVE,False,NORMAL,True
DEL -> HYD|IndiGo|t+15|1:30 PM|3:45 PM|135|0,2026-10-01,2026-10-01 10:34:28.859334,DEL,HYD,DEL -> HYD,IndiGo,IndiGo,IndiGo,t+15,t+15,15,15,2026-10-16,Economy,1:30 PM,3:45 PM,135,0,8624.76,431.24,450.0,350.0,9856.0,9856.0,ACTIVE,False,NORMAL,True
DEL -> HYD|IndiGo|t+15|2:25 AM|4:40 AM|135|0,2026-10-01,2026-10-01 10:34:28.859334,DEL,HYD,DEL -> HYD,IndiGo,IndiGo,IndiGo,t+15,t+15,15,15,2026-10-16,Economy,2:25 AM,4:40 AM,135,0,9138.1,456.9,450.0,350.0,10395.0,10395.0,ACTIVE,False,NORMAL,True
DEL -> HYD|IndiGo|t+15|2:45 PM|5:05 PM|140|0,2026-10-01,2026-10-01 10:34:28.859334,DEL,HYD,DEL -> HYD,IndiGo,IndiGo,IndiGo,t+15,t+15,15,15,2026-10-16,Economy,2:45 PM,5:05 PM,140,0,8624.76,431.24,450.0,350.0,9856.0,9856.0,ACTIVE,False,NORMAL,True
DEL -> HYD|IndiGo|t+15|4:15 PM|6:30 PM|135|0,2026-10-01,2026-10-01 10:34:28.859334,DEL,HYD,DEL -> HYD,IndiGo,IndiGo,IndiGo,t+15,t+15,15,15,2026-10-16,Economy,4:15 PM,6:30 PM,135,0,10877.14,543.86,450.0,350.0,12221.0,12221.0,ACTIVE,False,NORMAL,True
DEL -> HYD|IndiGo|t+15|5:30 AM|7:50 AM|140|0,2026-10-01,2026-10-01 10:34:28.859334,DEL,HYD,DEL -> HYD,IndiGo,IndiGo,IndiGo,t+15,t+15,15,15,2026-10-16,Economy,5:30 AM,7:50 AM,140,0,7689.52,384.48,450.0,350.0,8874.0,8874.0,ACTIVE,False,NORMAL,True
DEL -> HYD|IndiGo|t+15|5:55 PM|8:15 PM|140|0,2026-10-01,2026-10-01 10:34:28.859334,DEL,HYD,DEL -> HYD,IndiGo,IndiGo,IndiGo,t+15,t+15,15,15,2026-10-16,Economy,5:55 PM,8:15 PM,140,0,12226.67,611.33,450.0,350.0,13638.0,13638.0,ACTIVE,False,NORMAL,True
DEL -> HYD|IndiGo|t+15|7:10 AM|9:20 AM|130|0,2026-10-01,2026-10-01 10:34:28.859334,DEL,HYD,DEL -> HYD,IndiGo,IndiGo,IndiGo,t+15,t+15,15,15,2026-10-16,Economy,7:10 AM,9:20 AM,130,0,8142.86,407.14,450.0,350.0,9350.0,9350.0,ACTIVE,False,NORMAL,True
DEL -> HYD|IndiGo|t+15|7:45 PM|10:05 PM|140|0,2026-10-01,2026-10-01 10:34:28.859334,DEL,HYD,DEL -> HYD,IndiGo,IndiGo,IndiGo,t+15,t+15,15,15,2026-10-16,Economy,7:45 PM,10:05 PM,140,0,10877.14,543.86,450.0,350.0,12221.0,12221.0,ACTIVE,False,NORMAL,True
DEL -> HYD|IndiGo|t+15|8:30 AM|10:45 AM|135|0,2026-10-01,2026-10-01 10:34:28.859334,DEL,HYD,DEL -> HYD,IndiGo,IndiGo,IndiGo,t+15,t+15,15,15,2026-10-16,Economy,8:30 AM,10:45 AM,135,0,8624.76,431.24,450.0,350.0,9856.0,9856.0,ACTIVE,False,NORMAL,True
DEL -> HYD|IndiGo|t+15|9:00 PM|11:15 PM|135|0,2026-10-01,2026-10-01 10:34:28.859334,DEL,HYD,DEL -> HYD,IndiGo,IndiGo,IndiGo,t+15,t+15,15,15,2026-10-16,Economy,9:00 PM,11:15 PM,135,0,10260.95,513.05,450.0,350.0,11574.0,11574.0,ACTIVE,False,NORMAL,True
DEL -> HYD|IndiGo|t+15|9:55 AM|12:20 PM|145|0,2026-10-01,2026-10-01 10:34:28.859334,DEL,HYD,DEL -> HYD,IndiGo,IndiGo,IndiGo,t+15,t+15,15,15,2026-10-16,Economy,9:55 AM,12:20 PM,145,0,9138.1,456.9,450.0,350.0,10395.0,10395.0,ACTIVE,False,NORMAL,True
DEL -> HYD|Air India|t+30|10:00 PM|12:15 AM+1|135|0,2026-10-01,2026-10-01 10:34:39.525785,DEL,HYD,DEL -> HYD,Air India,Air India,Air India,t+30,t+30,30,30,2026-10-31,Economy,10:00 PM,12:15 AM+1,135,0,8094.29,404.71,450.0,350.0,9299.0,9299.0,ACTIVE,False,NORMAL,False
DEL -> HYD|Air India|t+30|11:00 AM|1:15 PM|135|0,2026-10-01,2026-10-01 10:34:39.525785,DEL,HYD,DEL -> HYD,Air India,Air India,Air India,t+30,t+30,30,30,2026-10-31,Economy,11:00 AM,1:15 PM,135,0,8580.0,429.0,450.0,350.0,9809.0,9809.0,ACTIVE,False,NORMAL,False
DEL -> HYD|Air India|t+30|11:00 PM|1:15 AM+1|135|0,2026-10-01,2026-10-01 10:34:39.525785,DEL,HYD,DEL -> HYD,Air India,Air India,Air India,t+30,t+30,30,30,2026-10-31,Economy,11:00 PM,1:15 AM+1,135,0,8580.0,429.0,450.0,350.0,9809.0,9809.0,ACTIVE,False,NORMAL,False
DEL -> HYD|Air India|t+30|12:30 PM|2:45 PM|135|0,2026-10-01,2026-10-01 10:34:39.525785,DEL,HYD,DEL -> HYD,Air India,Air India,Air India,t+30,t+30,30,30,2026-10-31,Economy,12:30 PM,2:45 PM,135,0,8580.0,429.0,450.0,350.0,9809.0,9809.0,ACTIVE,False,NORMAL,True
DEL -> HYD|Air India|t+30|2:30 PM|4:45 PM|135|0,2026-10-01,2026-10-01 10:34:39.525785,DEL,HYD,DEL -> HYD,Air India,Air India,Air India,t+30,t+30,30,30,2026-10-31,Economy,2:30 PM,4:45 PM,135,0,8900.0,445.0,450.0,350.0,10145.0,10145.0,ACTIVE,False,NORMAL,False
DEL -> HYD|Air India|t+30|3:30 PM|5:45 PM|135|0,2026-10-01,2026-10-01 10:34:39.525785,DEL,HYD,DEL -> HYD,Air India,Air India,Air India,t+30,t+30,30,30,2026-10-31,Economy,3:30 PM,5:45 PM,135,0,8820.0,441.0,450.0,350.0,10061.0,10061.0,ACTIVE,False,NORMAL,False
DEL -> HYD|Air India|t+30|6:00 PM|8:15 PM|135|0,2026-10-01,2026-10-01 10:34:39.525785,DEL,HYD,DEL -> HYD,Air India,Air India,Air India,t+30,t+30,30,30,2026-10-31,Economy,6:00 PM,8:15 PM,135,0,8580.0,429.0,450.0,350.0,9809.0,9809.0,ACTIVE,False,NORMAL,False
DEL -> HYD|Air India|t+30|7:00 AM|9:15 AM|135|0,2026-10-01,2026-10-01 10:34:39.525785,DEL,HYD,DEL -> HYD,Air India,Air India,Air India,t+30,t+30,30,30,2026-10-31,Economy,7:00 AM,9:15 AM,135,0,7644.76,382.24,450.0,350.0,8827.0,8827.0,ACTIVE,False,NORMAL,False
DEL -> HYD|Air India|t+30|7:30 PM|9:45 PM|135|0,2026-10-01,2026-10-01 10:34:39.525785,DEL,HYD,DEL -> HYD,Air India,Air India,Air India,t+30,t+30,30,30,2026-10-31,Economy,7:30 PM,9:45 PM,135,0,8580.0,429.0,450.0,350.0,9809.0,9809.0,ACTIVE,False,NORMAL,False
DEL -> HYD|Air India|t+30|9:40 AM|11:55 AM|135|0,2026-10-01,2026-10-01 10:34:39.525785,DEL,HYD,DEL -> HYD,Air India,Air India,Air India,t+30,t+30,30,30,2026-10-31,Economy,9:40 AM,11:55 AM,135,0,8580.0,429.0,450.0,350.0,9809.0,9809.0,ACTIVE,False,NORMAL,False
DEL -> HYD|Akasa Air|t+30|2:20 PM|4:45 PM|145|0,2026-10-01,2026-10-01 10:34:39.525785,DEL,HYD,DEL -> HYD,Akasa Air,Akasa Air,Akasa Air,t+30,t+30,30,30,2026-10-31,Economy,2:20 PM,4:45 PM,145,0,8634.29,431.71,450.0,350.0,9866.0,9866.0,ACTIVE,False,NORMAL,False
DEL -> HYD|Akasa Air|t+30|8:35 PM|10:55 PM|140|0,2026-10-01,2026-10-01 10:34:39.525785,DEL,HYD,DEL -> HYD,Akasa Air,Akasa Air,Akasa Air,t+30,t+30,30,30,2026-10-31,Economy,8:35 PM,10:55 PM,140,0,8471.43,423.57,450.0,350.0,9695.0,9695.0,ACTIVE,False,NORMAL,False
DEL -> HYD|IndiGo|t+30|10:00 AM|12:15 PM|135|0,2026-10-01,2026-10-01 10:34:39.525785,DEL,HYD,DEL -> HYD,IndiGo,IndiGo,IndiGo,t+30,t+30,30,30,2026-10-31,Economy,10:00 AM,12:15 PM,135,0,9140.0,457.0,450.0,350.0,10397.0,10397.0,ACTIVE,False,NORMAL,False
DEL -> HYD|IndiGo|t+30|10:30 PM|12:45 AM+1|135|0,2026-10-01,2026-10-01 10:34:39.525785,DEL,HYD,DEL -> HYD,IndiGo,IndiGo,IndiGo,t+30,t+30,30,30,2026-10-31,Economy,10:30 PM,12:45 AM+1,135,0,8626.67,431.33,450.0,350.0,9858.0,9858.0,ACTIVE,False,NORMAL,False
DEL -> HYD|IndiGo|t+30|11:45 AM|2:00 PM|135|0,2026-10-01,2026-10-01 10:34:39.525785,DEL,HYD,DEL -> HYD,IndiGo,IndiGo,IndiGo,t+30,t+30,30,30,2026-10-31,Economy,11:45 AM,2:00 PM,135,0,8626.67,431.33,450.0,350.0,9858.0,9858.0,ACTIVE,False,NORMAL,True
DEL -> HYD|IndiGo|t+30|1:30 PM|3:45 PM|135|0,2026-10-01,2026-10-01 10:34:39.525785,DEL,HYD,DEL -> HYD,IndiGo,IndiGo,IndiGo,t+30,t+30,30,30,2026-10-31,Economy,1:30 PM,3:45 PM,135,0,8626.67,431.33,450.0,350.0,9858.0,9858.0,ACTIVE,False,NORMAL,True
DEL -> HYD|IndiGo|t+30|2:25 AM|4:40 AM|135|0,2026-10-01,2026-10-01 10:34:39.525785,DEL,HYD,DEL -> HYD,IndiGo,IndiGo,IndiGo,t+30,t+30,30,30,2026-10-31,Economy,2:25 AM,4:40 AM,135,0,8144.76,407.24,450.0,350.0,9352.0,9352.0,ACTIVE,False,NORMAL,True
DEL -> HYD|IndiGo|t+30|2:50 PM|5:05 PM|135|0,2026-10-01,2026-10-01 10:34:39.525785,DEL,HYD,DEL -> HYD,IndiGo,IndiGo,IndiGo,t+30,t+30,30,30,2026-10-31,Economy,2:50 PM,5:05 PM,135,0,8626.67,431.33,450.0,350.0,9858.0,9858.0,ACTIVE,False,NORMAL,False
DEL -> HYD|IndiGo|t+30|4:15 PM|6:30 PM|135|0,2026-10-01,2026-10-01 10:34:39.525785,DEL,HYD,DEL -> HYD,IndiGo,IndiGo,IndiGo,t+30,t+30,30,30,2026-10-31,Economy,4:15 PM,6:30 PM,135,0,8626.67,431.33,450.0,350.0,9858.0,9858.0,ACTIVE,False,NORMAL,True
DEL -> HYD|IndiGo|t+30|5:15 AM|7:30 AM|135|0,2026-10-01,2026-10-01 10:34:39.525785,DEL,HYD,DEL -> HYD,IndiGo,IndiGo,IndiGo,t+30,t+30,30,30,2026-10-31,Economy,5:15 AM,7:30 AM,135,0,7692.38,384.62,450.0,350.0,8877.0,8877.0,ACTIVE,False,NORMAL,False
DEL -> HYD|IndiGo|t+30|6:15 PM|8:30 PM|135|0,2026-10-01,2026-10-01 10:34:39.525785,DEL,HYD,DEL -> HYD,IndiGo,IndiGo,IndiGo,t+30,t+30,30,30,2026-10-31,Economy,6:15 PM,8:30 PM,135,0,8626.67,431.33,450.0,350.0,9858.0,9858.0,ACTIVE,False,NORMAL,False
DEL -> HYD|IndiGo|t+30|6:30 AM|8:45 AM|135|0,2026-10-01,2026-10-01 10:34:39.525785,DEL,HYD,DEL -> HYD,IndiGo,IndiGo,IndiGo,t+30,t+30,30,30,2026-10-31,Economy,6:30 AM,8:45 AM,135,0,7692.38,384.62,450.0,350.0,8877.0,8877.0,ACTIVE,False,NORMAL,False
DEL -> HYD|IndiGo|t+30|7:45 PM|10:00 PM|135|0,2026-10-01,2026-10-01 10:34:39.525785,DEL,HYD,DEL -> HYD,IndiGo,IndiGo,IndiGo,t+30,t+30,30,30,2026-10-31,Economy,7:45 PM,10:00 PM,135,0,9140.0,457.0,450.0,350.0,10397.0,10397.0,ACTIVE,False,NORMAL,False
DEL -> HYD|IndiGo|t+30|8:30 AM|10:45 AM|135|0,2026-10-01,2026-10-01 10:34:39.525785,DEL,HYD,DEL -> HYD,IndiGo,IndiGo,IndiGo,t+30,t+30,30,30,2026-10-31,Economy,8:30 AM,10:45 AM,135,0,8626.67,431.33,450.0,350.0,9858.0,9858.0,ACTIVE,False,NORMAL,True
DEL -> HYD|IndiGo|t+30|9:00 PM|11:15 PM|135|0,2026-10-01,2026-10-01 10:34:39.525785,DEL,HYD,DEL -> HYD,IndiGo,IndiGo,IndiGo,t+30,t+30,30,30,2026-10-31,Economy,9:00 PM,11:15 PM,135,0,8144.76,407.24,450.0,350.0,9352.0,9352.0,ACTIVE,False,NORMAL,True
DEL -> HYD|Air India|t+7|10:00 PM|12:20 AM+1|140|0,2026-10-01,2026-10-01 10:34:18.662902,DEL,HYD,DEL -> HYD,Air India,Air India,Air India,t+7,t+7,7,7,2026-10-08,Economy,10:00 PM,12:20 AM+1,140,0,7534.29,376.71,450.0,350.0,8711.0,8711.0,DEPLETED_SUBSEQUENT_DAY,False,NORMAL,False
DEL -> HYD|Air India|t+7|10:30 AM|12:50 PM|140|0,2026-10-01,2026-10-01 10:34:18.662902,DEL,HYD,DEL -> HYD,Air India,Air India,Air India,t+7,t+7,7,7,2026-10-08,Economy,10:30 AM,12:50 PM,140,0,7644.76,382.24,450.0,350.0,8827.0,8827.0,NEW_INVENTORY,False,NORMAL,False
DEL -> HYD|Air India|t+7|11:00 PM|1:20 AM+1|140|0,2026-10-01,2026-10-01 10:34:18.662902,DEL,HYD,DEL -> HYD,Air India,Air India,Air India,t+7,t+7,7,7,2026-10-08,Economy,11:00 PM,1:20 AM+1,140,0,7534.29,376.71,450.0,350.0,8711.0,8711.0,ACTIVE,False,NORMAL,False
DEL -> HYD|Air India|t+7|12:30 PM|2:45 PM|135|0,2026-10-01,2026-10-01 10:34:18.662902,DEL,HYD,DEL -> HYD,Air India,Air India,Air India,t+7,t+7,7,7,2026-10-08,Economy,12:30 PM,2:45 PM,135,0,7644.76,382.24,450.0,350.0,8827.0,8827.0,ACTIVE,False,NORMAL,False
DEL -> HYD|Air India|t+7|2:00 AM|4:20 AM|140|0,2026-10-01,2026-10-01 10:34:18.662902,DEL,HYD,DEL -> HYD,Air India,Air India,Air India,t+7,t+7,7,7,2026-10-08,Economy,2:00 AM,4:20 AM,140,0,7534.29,376.71,450.0,350.0,8711.0,8711.0,ACTIVE,False,NORMAL,True
DEL -> HYD|Air India|t+7|2:30 PM|4:40 PM|130|0,2026-10-01,2026-10-01 10:34:18.662902,DEL,HYD,DEL -> HYD,Air India,Air India,Air India,t+7,t+7,7,7,2026-10-08,Economy,2:30 PM,4:40 PM,130,0,7924.76,396.24,450.0,350.0,9121.0,9121.0,ACTIVE,False,NORMAL,True
DEL -> HYD|Air India|t+7|3:30 PM|5:55 PM|145|0,2026-10-01,2026-10-01 10:34:18.662902,DEL,HYD,DEL -> HYD,Air India,Air India,Air India,t+7,t+7,7,7,2026-10-08,Economy,3:30 PM,5:55 PM,145,0,7644.76,382.24,450.0,350.0,8827.0,8827.0,ACTIVE,False,NORMAL,True
DEL -> HYD|Air India|t+7|6:00 PM|8:20 PM|140|0,2026-10-01,2026-10-01 10:34:18.662902,DEL,HYD,DEL -> HYD,Air India,Air India,Air India,t+7,t+7,7,7,2026-10-08,Economy,6:00 PM,8:20 PM,140,0,7644.76,382.24,450.0,350.0,8827.0,8827.0,ACTIVE,False,NORMAL,True
DEL -> HYD|Air India|t+7|7:00 AM|9:20 AM|140|0,2026-10-01,2026-10-01 10:34:18.662902,DEL,HYD,DEL -> HYD,Air India,Air India,Air India,t+7,t+7,7,7,2026-10-08,Economy,7:00 AM,9:20 AM,140,0,7644.76,382.24,450.0,350.0,8827.0,8827.0,ACTIVE,False,NORMAL,False
DEL -> HYD|Air India|t+7|8:30 PM|10:50 PM|140|0,2026-10-01,2026-10-01 10:34:18.662902,DEL,HYD,DEL -> HYD,Air India,Air India,Air India,t+7,t+7,7,7,2026-10-08,Economy,8:30 PM,10:50 PM,140,0,8094.29,404.71,450.0,350.0,9299.0,9299.0,ACTIVE,False,NORMAL,True
DEL -> HYD|Air India|t+7|9:40 AM|12:00 PM|140|0,2026-10-01,2026-10-01 10:34:18.662902,DEL,HYD,DEL -> HYD,Air India,Air India,Air India,t+7,t+7,7,7,2026-10-08,Economy,9:40 AM,12:00 PM,140,0,7994.29,399.71,450.0,350.0,9194.0,9194.0,ACTIVE,False,NORMAL,True
DEL -> HYD|Akasa Air|t+7|2:10 PM|4:30 PM|140|0,2026-10-01,2026-10-01 10:34:18.662902,DEL,HYD,DEL -> HYD,Akasa Air,Akasa Air,Akasa Air,t+7,t+7,7,7,2026-10-08,Economy,2:10 PM,4:30 PM,140,0,8000.0,400.0,450.0,350.0,9200.0,9200.0,ACTIVE,False,NORMAL,True
DEL -> HYD|Akasa Air|t+7|8:40 PM|11:10 PM|150|0,2026-10-01,2026-10-01 10:34:18.662902,DEL,HYD,DEL -> HYD,Akasa Air,Akasa Air,Akasa Air,t+7,t+7,7,7,2026-10-08,Economy,8:40 PM,11:10 PM,150,0,7276.19,363.81,450.0,350.0,8440.0,8440.0,ACTIVE,False,NORMAL,True
DEL -> HYD|IndiGo|t+7|11:15 PM|1:30 AM+1|135|0,2026-10-01,2026-10-01 10:34:18.662902,DEL,HYD,DEL -> HYD,IndiGo,IndiGo,IndiGo,t+7,t+7,7,7,2026-10-08,Economy,11:15 PM,1:30 AM+1,135,0,7689.52,384.48,450.0,350.0,8874.0,8874.0,ACTIVE,False,NORMAL,True
DEL -> HYD|IndiGo|t+7|11:45 AM|2:00 PM|135|0,2026-10-01,2026-10-01 10:34:18.662902,DEL,HYD,DEL -> HYD,IndiGo,IndiGo,IndiGo,t+7,t+7,7,7,2026-10-08,Economy,11:45 AM,2:00 PM,135,0,7689.52,384.48,450.0,350.0,8874.0,8874.0,ACTIVE,False,NORMAL,True
DEL -> HYD|IndiGo|t+7|1:30 PM|3:45 PM|135|0,2026-10-01,2026-10-01 10:34:18.662902,DEL,HYD,DEL -> HYD,IndiGo,IndiGo,IndiGo,t+7,t+7,7,7,2026-10-08,Economy,1:30 PM,3:45 PM,135,0,7689.52,384.48,450.0,350.0,8874.0,8874.0,ACTIVE,False,NORMAL,True
DEL -> HYD|IndiGo|t+7|2:25 AM|4:40 AM|135|0,2026-10-01,2026-10-01 10:34:18.662902,DEL,HYD,DEL -> HYD,IndiGo,IndiGo,IndiGo,t+7,t+7,7,7,2026-10-08,Economy,2:25 AM,4:40 AM,135,0,7689.52,384.48,450.0,350.0,8874.0,8874.0,ACTIVE,False,NORMAL,True
DEL -> HYD|IndiGo|t+7|2:45 PM|5:05 PM|140|0,2026-10-01,2026-10-01 10:34:18.662902,DEL,HYD,DEL -> HYD,IndiGo,IndiGo,IndiGo,t+7,t+7,7,7,2026-10-08,Economy,2:45 PM,5:05 PM,140,0,7689.52,384.48,450.0,350.0,8874.0,8874.0,ACTIVE,False,NORMAL,True
DEL -> HYD|IndiGo|t+7|4:15 PM|6:30 PM|135|0,2026-10-01,2026-10-01 10:34:18.662902,DEL,HYD,DEL -> HYD,IndiGo,IndiGo,IndiGo,t+7,t+7,7,7,2026-10-08,Economy,4:15 PM,6:30 PM,135,0,7689.52,384.48,450.0,350.0,8874.0,8874.0,ACTIVE,False,NORMAL,True
DEL -> HYD|IndiGo|t+7|5:30 AM|7:50 AM|140|0,2026-10-01,2026-10-01 10:34:18.662902,DEL,HYD,DEL -> HYD,IndiGo,IndiGo,IndiGo,t+7,t+7,7,7,2026-10-08,Economy,5:30 AM,7:50 AM,140,0,7689.52,384.48,450.0,350.0,8874.0,8874.0,ACTIVE,False,NORMAL,False
DEL -> HYD|IndiGo|t+7|5:55 PM|8:15 PM|140|0,2026-10-01,2026-10-01 10:34:18.662902,DEL,HYD,DEL -> HYD,IndiGo,IndiGo,IndiGo,t+7,t+7,7,7,2026-10-08,Economy,5:55 PM,8:15 PM,140,0,7689.52,384.48,450.0,350.0,8874.0,8874.0,ACTIVE,False,NORMAL,True
DEL -> HYD|IndiGo|t+7|7:10 AM|9:20 AM|130|0,2026-10-01,2026-10-01 10:34:18.662902,DEL,HYD,DEL -> HYD,IndiGo,IndiGo,IndiGo,t+7,t+7,7,7,2026-10-08,Economy,7:10 AM,9:20 AM,130,0,7689.52,384.48,450.0,350.0,8874.0,8874.0,ACTIVE,False,NORMAL,True
DEL -> HYD|IndiGo|t+7|7:45 PM|10:05 PM|140|0,2026-10-01,2026-10-01 10:34:18.662902,DEL,HYD,DEL -> HYD,IndiGo,IndiGo,IndiGo,t+7,t+7,7,7,2026-10-08,Economy,7:45 PM,10:05 PM,140,0,7689.52,384.48,450.0,350.0,8874.0,8874.0,ACTIVE,False,NORMAL,True
DEL -> HYD|IndiGo|t+7|8:30 AM|10:45 AM|135|0,2026-10-01,2026-10-01 10:34:18.662902,DEL,HYD,DEL -> HYD,IndiGo,IndiGo,IndiGo,t+7,t+7,7,7,2026-10-08,Economy,8:30 AM,10:45 AM,135,0,7689.52,384.48,450.0,350.0,8874.0,8874.0,ACTIVE,False,NORMAL,True
DEL -> HYD|IndiGo|t+7|9:00 PM|11:15 PM|135|0,2026-10-01,2026-10-01 10:34:18.662902,DEL,HYD,DEL -> HYD,IndiGo,IndiGo,IndiGo,t+7,t+7,7,7,2026-10-08,Economy,9:00 PM,11:15 PM,135,0,7689.52,384.48,450.0,350.0,8874.0,8874.0,ACTIVE,False,NORMAL,True
DEL -> HYD|IndiGo|t+7|9:55 AM|12:20 PM|145|0,2026-10-01,2026-10-01 10:34:18.662902,DEL,HYD,DEL -> HYD,IndiGo,IndiGo,IndiGo,t+7,t+7,7,7,2026-10-08,Economy,9:55 AM,12:20 PM,145,0,7689.52,384.48,450.0,350.0,8874.0,8874.0,ACTIVE,False,NORMAL,True
DEL -> HYD|Air India|t+1|10:00 PM|12:20 AM+1|140|0,2026-10-02,2026-10-02 13:24:09.069365,DEL,HYD,DEL -> HYD,Air India,Air India,Air India,t+1,t+1,1,1,2026-10-03,Economy,10:00 PM,12:20 AM+1,140,0,7534.29,376.71,450.0,350.0,8711.0,8711.0,ACTIVE,False,NORMAL,True
DEL -> HYD|Air India|t+1|11:00 PM|1:20 AM+1|140|0,2026-10-02,2026-10-02 13:24:09.069365,DEL,HYD,DEL -> HYD,Air India,Air India,Air India,t+1,t+1,1,1,2026-10-03,Economy,11:00 PM,1:20 AM+1,140,0,7534.29,376.71,450.0,350.0,8711.0,8711.0,ACTIVE,False,NORMAL,True
DEL -> HYD|Air India|t+1|12:30 PM|2:45 PM|135|0,2026-10-02,2026-10-02 13:24:09.069365,DEL,HYD,DEL -> HYD,Air India,Air India,Air India,t+1,t+1,1,1,2026-10-03,Economy,12:30 PM,2:45 PM,135,0,8194.29,409.71,450.0,350.0,9404.0,9404.0,NEW_INVENTORY,False,NORMAL,False
DEL -> HYD|Air India|t+1|2:00 AM|4:20 AM|140|0,2026-10-02,2026-10-02 13:24:09.069365,DEL,HYD,DEL -> HYD,Air India,Air India,Air India,t+1,t+1,1,1,2026-10-03,Economy,2:00 AM,4:20 AM,140,0,7534.29,376.71,450.0,350.0,8711.0,8711.0,ACTIVE,False,NORMAL,True
DEL -> HYD|Air India|t+1|2:30 PM|4:40 PM|130|0,2026-10-02,2026-10-02 13:24:09.069365,DEL,HYD,DEL -> HYD,Air India,Air India,Air India,t+1,t+1,1,1,2026-10-03,Economy,2:30 PM,4:40 PM,130,0,7629.52,381.48,450.0,350.0,8811.0,8811.0,ACTIVE,False,NORMAL,True
DEL -> HYD|Air India|t+1|3:30 PM|5:55 PM|145|0,2026-10-02,2026-10-02 13:24:09.069365,DEL,HYD,DEL -> HYD,Air India,Air India,Air India,t+1,t+1,1,1,2026-10-03,Economy,3:30 PM,5:55 PM,145,0,7634.29,381.71,450.0,350.0,8816.0,8816.0,ACTIVE,False,NORMAL,False
DEL -> HYD|Air India|t+1|6:00 PM|8:20 PM|140|0,2026-10-02,2026-10-02 13:24:09.069365,DEL,HYD,DEL -> HYD,Air India,Air India,Air India,t+1,t+1,1,1,2026-10-03,Economy,6:00 PM,8:20 PM,140,0,7744.76,387.24,450.0,350.0,8932.0,8932.0,ACTIVE,False,NORMAL,True
DEL -> HYD|Air India|t+1|8:30 PM|10:50 PM|140|0,2026-10-02,2026-10-02 13:24:09.069365,DEL,HYD,DEL -> HYD,Air India,Air India,Air India,t+1,t+1,1,1,2026-10-03,Economy,8:30 PM,10:50 PM,140,0,7744.76,387.24,450.0,350.0,8932.0,8932.0,ACTIVE,False,NORMAL,True
DEL -> HYD|Air India|t+1|9:40 AM|12:00 PM|140|0,2026-10-02,2026-10-02 13:24:09.069365,DEL,HYD,DEL -> HYD,Air India,Air India,Air India,t+1,t+1,1,1,2026-10-03,Economy,9:40 AM,12:00 PM,140,0,7744.76,387.24,450.0,350.0,8932.0,8932.0,ACTIVE,False,NORMAL,True
DEL -> HYD|Akasa Air|t+1|2:10 PM|4:30 PM|140|0,2026-10-02,2026-10-02 13:24:09.069365,DEL,HYD,DEL -> HYD,Akasa Air,Akasa Air,Akasa Air,t+1,t+1,1,1,2026-10-03,Economy,2:10 PM,4:30 PM,140,0,8000.0,400.0,450.0,350.0,9200.0,9200.0,ACTIVE,False,NORMAL,True
DEL -> HYD|Akasa Air|t+1|8:40 PM|11:10 PM|150|0,2026-10-02,2026-10-02 13:24:09.069365,DEL,HYD,DEL -> HYD,Akasa Air,Akasa Air,Akasa Air,t+1,t+1,1,1,2026-10-03,Economy,8:40 PM,11:10 PM,150,0,8000.0,400.0,450.0,350.0,9200.0,9200.0,ACTIVE,False,NORMAL,True
DEL -> HYD|IndiGo|t+1|11:15 PM|1:30 AM+1|135|0,2026-10-02,2026-10-02 13:24:09.069365,DEL,HYD,DEL -> HYD,IndiGo,IndiGo,IndiGo,t+1,t+1,1,1,2026-10-03,Economy,11:15 PM,1:30 AM+1,135,0,7689.52,384.48,450.0,350.0,8874.0,8874.0,ACTIVE,False,NORMAL,True
DEL -> HYD|IndiGo|t+1|11:45 AM|2:00 PM|135|0,2026-10-02,2026-10-02 13:24:09.069365,DEL,HYD,DEL -> HYD,IndiGo,IndiGo,IndiGo,t+1,t+1,1,1,2026-10-03,Economy,11:45 AM,2:00 PM,135,0,7689.52,384.48,450.0,350.0,8874.0,8874.0,ACTIVE,False,NORMAL,True
DEL -> HYD|IndiGo|t+1|1:30 PM|3:45 PM|135|0,2026-10-02,2026-10-02 13:24:09.069365,DEL,HYD,DEL -> HYD,IndiGo,IndiGo,IndiGo,t+1,t+1,1,1,2026-10-03,Economy,1:30 PM,3:45 PM,135,0,7689.52,384.48,450.0,350.0,8874.0,8874.0,ACTIVE,False,NORMAL,True
DEL -> HYD|IndiGo|t+1|2:25 AM|4:40 AM|135|0,2026-10-02,2026-10-02 13:24:09.069365,DEL,HYD,DEL -> HYD,IndiGo,IndiGo,IndiGo,t+1,t+1,1,1,2026-10-03,Economy,2:25 AM,4:40 AM,135,0,7689.52,384.48,450.0,350.0,8874.0,8874.0,ACTIVE,False,NORMAL,False
DEL -> HYD|IndiGo|t+1|2:45 PM|5:05 PM|140|0,2026-10-02,2026-10-02 13:24:09.069365,DEL,HYD,DEL -> HYD,IndiGo,IndiGo,IndiGo,t+1,t+1,1,1,2026-10-03,Economy,2:45 PM,5:05 PM,140,0,7689.52,384.48,450.0,350.0,8874.0,8874.0,ACTIVE,False,NORMAL,False
DEL -> HYD|IndiGo|t+1|4:15 PM|6:30 PM|135|0,2026-10-02,2026-10-02 13:24:09.069365,DEL,HYD,DEL -> HYD,IndiGo,IndiGo,IndiGo,t+1,t+1,1,1,2026-10-03,Economy,4:15 PM,6:30 PM,135,0,7689.52,384.48,450.0,350.0,8874.0,8874.0,ACTIVE,False,NORMAL,True
DEL -> HYD|IndiGo|t+1|5:55 PM|8:15 PM|140|0,2026-10-02,2026-10-02 13:24:09.069365,DEL,HYD,DEL -> HYD,IndiGo,IndiGo,IndiGo,t+1,t+1,1,1,2026-10-03,Economy,5:55 PM,8:15 PM,140,0,7689.52,384.48,450.0,350.0,8874.0,8874.0,ACTIVE,False,NORMAL,True
DEL -> HYD|IndiGo|t+1|7:10 AM|9:20 AM|130|0,2026-10-02,2026-10-02 13:24:09.069365,DEL,HYD,DEL -> HYD,IndiGo,IndiGo,IndiGo,t+1,t+1,1,1,2026-10-03,Economy,7:10 AM,9:20 AM,130,0,7689.52,384.48,450.0,350.0,8874.0,8874.0,ACTIVE,False,NORMAL,False
DEL -> HYD|IndiGo|t+1|7:45 PM|10:05 PM|140|0,2026-10-02,2026-10-02 13:24:09.069365,DEL,HYD,DEL -> HYD,IndiGo,IndiGo,IndiGo,t+1,t+1,1,1,2026-10-03,Economy,7:45 PM,10:05 PM,140,0,7689.52,384.48,450.0,350.0,8874.0,8874.0,ACTIVE,False,NORMAL,True
DEL -> HYD|IndiGo|t+1|8:30 AM|10:45 AM|135|0,2026-10-02,2026-10-02 13:24:09.069365,DEL,HYD,DEL -> HYD,IndiGo,IndiGo,IndiGo,t+1,t+1,1,1,2026-10-03,Economy,8:30 AM,10:45 AM,135,0,7689.52,384.48,450.0,350.0,8874.0,8874.0,ACTIVE,False,NORMAL,True
DEL -> HYD|IndiGo|t+1|9:00 PM|11:15 PM|135|0,2026-10-02,2026-10-02 13:24:09.069365,DEL,HYD,DEL -> HYD,IndiGo,IndiGo,IndiGo,t+1,t+1,1,1,2026-10-03,Economy,9:00 PM,11:15 PM,135,0,7689.52,384.48,450.0,350.0,8874.0,8874.0,ACTIVE,False,NORMAL,True
DEL -> HYD|IndiGo|t+1|9:55 AM|12:20 PM|145|0,2026-10-02,2026-10-02 13:24:09.069365,DEL,HYD,DEL -> HYD,IndiGo,IndiGo,IndiGo,t+1,t+1,1,1,2026-10-03,Economy,9:55 AM,12:20 PM,145,0,7689.52,384.48,450.0,350.0,8874.0,8874.0,ACTIVE,False,NORMAL,True
DEL -> HYD|Air India|t+15|10:00 PM|12:20 AM+1|140|0,2026-10-02,2026-10-02 13:24:52.297763,DEL,HYD,DEL -> HYD,Air India,Air India,Air India,t+15,t+15,15,15,2026-10-17,Economy,10:00 PM,12:20 AM+1,140,0,10934.29,546.71,450.0,350.0,12281.0,12281.0,ACTIVE,False,NORMAL,False
DEL -> HYD|Air India|t+15|10:30 AM|12:50 PM|140|0,2026-10-02,2026-10-02 13:24:52.297763,DEL,HYD,DEL -> HYD,Air India,Air India,Air India,t+15,t+15,15,15,2026-10-17,Economy,10:30 AM,12:50 PM,140,0,9189.52,459.48,450.0,350.0,10449.0,10449.0,ACTIVE,False,NORMAL,False
DEL -> HYD|Air India|t+15|11:00 PM|1:20 AM+1|140|0,2026-10-02,2026-10-02 13:24:52.297763,DEL,HYD,DEL -> HYD,Air India,Air India,Air India,t+15,t+15,15,15,2026-10-17,Economy,11:00 PM,1:20 AM+1,140,0,15100.0,755.0,450.0,350.0,16655.0,16655.0,ACTIVE,True,HIGH_SPIKE,False
DEL -> HYD|Air India|t+15|12:30 PM|2:45 PM|135|0,2026-10-02,2026-10-02 13:24:52.297763,DEL,HYD,DEL -> HYD,Air India,Air India,Air India,t+15,t+15,15,15,2026-10-17,Economy,12:30 PM,2:45 PM,135,0,9189.52,459.48,450.0,350.0,10449.0,10449.0,ACTIVE,False,NORMAL,False
DEL -> HYD|Air India|t+15|2:00 AM|4:20 AM|140|0,2026-10-02,2026-10-02 13:24:52.297763,DEL,HYD,DEL -> HYD,Air India,Air India,Air India,t+15,t+15,15,15,2026-10-17,Economy,2:00 AM,4:20 AM,140,0,9189.52,459.48,450.0,350.0,10449.0,10449.0,ACTIVE,False,NORMAL,True
DEL -> HYD|Air India|t+15|2:30 PM|4:40 PM|130|0,2026-10-02,2026-10-02 13:24:52.297763,DEL,HYD,DEL -> HYD,Air India,Air India,Air India,t+15,t+15,15,15,2026-10-17,Economy,2:30 PM,4:40 PM,130,0,9004.76,450.24,450.0,350.0,10255.0,10255.0,ACTIVE,False,NORMAL,True
DEL -> HYD|Air India|t+15|3:30 PM|5:55 PM|145|0,2026-10-02,2026-10-02 13:24:52.297763,DEL,HYD,DEL -> HYD,Air India,Air India,Air India,t+15,t+15,15,15,2026-10-17,Economy,3:30 PM,5:55 PM,145,0,9449.52,472.48,450.0,350.0,10722.0,10722.0,ACTIVE,False,NORMAL,True
DEL -> HYD|Air India|t+15|6:00 PM|8:20 PM|140|0,2026-10-02,2026-10-02 13:24:52.297763,DEL,HYD,DEL -> HYD,Air India,Air India,Air India,t+15,t+15,15,15,2026-10-17,Economy,6:00 PM,8:20 PM,140,0,16994.29,849.71,450.0,350.0,18644.0,18644.0,ACTIVE,True,HIGH_SPIKE,True
DEL -> HYD|Air India|t+15|8:30 PM|10:50 PM|140|0,2026-10-02,2026-10-02 13:24:52.297763,DEL,HYD,DEL -> HYD,Air India,Air India,Air India,t+15,t+15,15,15,2026-10-17,Economy,8:30 PM,10:50 PM,140,0,12764.76,638.24,450.0,350.0,14203.0,14203.0,DEPLETED_SUBSEQUENT_DAY,False,NORMAL,False
DEL -> HYD|Air India|t+15|9:40 AM|12:00 PM|140|0,2026-10-02,2026-10-02 13:24:52.297763,DEL,HYD,DEL -> HYD,Air India,Air India,Air India,t+15,t+15,15,15,2026-10-17,Economy,9:40 AM,12:00 PM,140,0,9189.52,459.48,450.0,350.0,10449.0,10449.0,NEW_INVENTORY,False,NORMAL,False
DEL -> HYD|Akasa Air|t+15|2:10 PM|4:30 PM|140|0,2026-10-02,2026-10-02 13:24:52.297763,DEL,HYD,DEL -> HYD,Akasa Air,Akasa Air,Akasa Air,t+15,t+15,15,15,2026-10-17,Economy,2:10 PM,4:30 PM,140,0,9500.95,475.05,450.0,350.0,10776.0,10776.0,ACTIVE,False,NORMAL,True
DEL -> HYD|Akasa Air|t+15|8:40 PM|11:10 PM|150|0,2026-10-02,2026-10-02 13:24:52.297763,DEL,HYD,DEL -> HYD,Akasa Air,Akasa Air,Akasa Air,t+15,t+15,15,15,2026-10-17,Economy,8:40 PM,11:10 PM,150,0,10660.0,533.0,450.0,350.0,11993.0,11993.0,ACTIVE,False,NORMAL,True
DEL -> HYD|IndiGo|t+15|11:15 PM|1:30 AM+1|135|0,2026-10-02,2026-10-02 13:24:52.297763,DEL,HYD,DEL -> HYD,IndiGo,IndiGo,IndiGo,t+15,t+15,15,15,2026-10-17,Economy,11:15 PM,1:30 AM+1,135,0,14589.52,729.48,450.0,350.0,16119.0,16119.0,ACTIVE,True,HIGH_SPIKE,True
DEL -> HYD|IndiGo|t+15|11:45 AM|2:00 PM|135|0,2026-10-02,2026-10-02 13:24:52.297763,DEL,HYD,DEL -> HYD,IndiGo,IndiGo,IndiGo,t+15,t+15,15,15,2026-10-17,Economy,11:45 AM,2:00 PM,135,0,9683.81,484.19,450.0,350.0,10968.0,10968.0,ACTIVE,False,NORMAL,True
DEL -> HYD|IndiGo|t+15|1:30 PM|3:45 PM|135|0,2026-10-02,2026-10-02 13:24:52.297763,DEL,HYD,DEL -> HYD,IndiGo,IndiGo,IndiGo,t+15,t+15,15,15,2026-10-17,Economy,1:30 PM,3:45 PM,135,0,9140.0,457.0,450.0,350.0,10397.0,10397.0,ACTIVE,False,NORMAL,True
DEL -> HYD|IndiGo|t+15|2:25 AM|4:40 AM|135|0,2026-10-02,2026-10-02 13:24:52.297763,DEL,HYD,DEL -> HYD,IndiGo,IndiGo,IndiGo,t+15,t+15,15,15,2026-10-17,Economy,2:25 AM,4:40 AM,135,0,10262.86,513.14,450.0,350.0,11576.0,11576.0,ACTIVE,False,NORMAL,True
DEL -> HYD|IndiGo|t+15|2:45 PM|5:05 PM|140|0,2026-10-02,2026-10-02 13:24:52.297763,DEL,HYD,DEL -> HYD,IndiGo,IndiGo,IndiGo,t+15,t+15,15,15,2026-10-17,Economy,2:45 PM,5:05 PM,140,0,9140.0,457.0,450.0,350.0,10397.0,10397.0,ACTIVE,False,NORMAL,True
DEL -> HYD|IndiGo|t+15|4:15 PM|6:30 PM|135|0,2026-10-02,2026-10-02 13:24:52.297763,DEL,HYD,DEL -> HYD,IndiGo,IndiGo,IndiGo,t+15,t+15,15,15,2026-10-17,Economy,4:15 PM,6:30 PM,135,0,10879.05,543.95,450.0,350.0,12223.0,12223.0,ACTIVE,False,NORMAL,True
DEL -> HYD|IndiGo|t+15|5:30 AM|7:50 AM|140|0,2026-10-02,2026-10-02 13:24:52.297763,DEL,HYD,DEL -> HYD,IndiGo,IndiGo,IndiGo,t+15,t+15,15,15,2026-10-17,Economy,5:30 AM,7:50 AM,140,0,8626.67,431.33,450.0,350.0,9858.0,9858.0,ACTIVE,False,NORMAL,True
DEL -> HYD|IndiGo|t+15|5:55 PM|8:15 PM|140|0,2026-10-02,2026-10-02 13:24:52.297763,DEL,HYD,DEL -> HYD,IndiGo,IndiGo,IndiGo,t+15,t+15,15,15,2026-10-17,Economy,5:55 PM,8:15 PM,140,0,12228.57,611.43,450.0,350.0,13640.0,13640.0,ACTIVE,False,NORMAL,True
DEL -> HYD|IndiGo|t+15|7:10 AM|9:20 AM|130|0,2026-10-02,2026-10-02 13:24:52.297763,DEL,HYD,DEL -> HYD,IndiGo,IndiGo,IndiGo,t+15,t+15,15,15,2026-10-17,Economy,7:10 AM,9:20 AM,130,0,8626.67,431.33,450.0,350.0,9858.0,9858.0,ACTIVE,False,NORMAL,True
DEL -> HYD|IndiGo|t+15|7:45 PM|10:05 PM|140|0,2026-10-02,2026-10-02 13:24:52.297763,DEL,HYD,DEL -> HYD,IndiGo,IndiGo,IndiGo,t+15,t+15,15,15,2026-10-17,Economy,7:45 PM,10:05 PM,140,0,12228.57,611.43,450.0,350.0,13640.0,13640.0,ACTIVE,False,NORMAL,True
DEL -> HYD|IndiGo|t+15|8:30 AM|10:45 AM|135|0,2026-10-02,2026-10-02 13:24:52.297763,DEL,HYD,DEL -> HYD,IndiGo,IndiGo,IndiGo,t+15,t+15,15,15,2026-10-17,Economy,8:30 AM,10:45 AM,135,0,9140.0,457.0,450.0,350.0,10397.0,10397.0,ACTIVE,False,NORMAL,True
DEL -> HYD|IndiGo|t+15|9:00 PM|11:15 PM|135|0,2026-10-02,2026-10-02 13:24:52.297763,DEL,HYD,DEL -> HYD,IndiGo,IndiGo,IndiGo,t+15,t+15,15,15,2026-10-17,Economy,9:00 PM,11:15 PM,135,0,10879.05,543.95,450.0,350.0,12223.0,12223.0,ACTIVE,False,NORMAL,True
DEL -> HYD|IndiGo|t+15|9:55 AM|12:20 PM|145|0,2026-10-02,2026-10-02 13:24:52.297763,DEL,HYD,DEL -> HYD,IndiGo,IndiGo,IndiGo,t+15,t+15,15,15,2026-10-17,Economy,9:55 AM,12:20 PM,145,0,9683.81,484.19,450.0,350.0,10968.0,10968.0,ACTIVE,False,NORMAL,True
DEL -> HYD|Air India|t+30|10:00 PM|12:15 AM+1|135|0,2026-10-02,2026-10-02 13:25:06.505711,DEL,HYD,DEL -> HYD,Air India,Air India,Air India,t+30,t+30,30,30,2026-11-01,Economy,10:00 PM,12:15 AM+1,135,0,8729.52,436.48,450.0,350.0,9966.0,9966.0,ACTIVE,False,NORMAL,False
DEL -> HYD|Air India|t+30|11:00 AM|1:15 PM|135|0,2026-10-02,2026-10-02 13:25:06.505711,DEL,HYD,DEL -> HYD,Air India,Air India,Air India,t+30,t+30,30,30,2026-11-01,Economy,11:00 AM,1:15 PM,135,0,9500.0,475.0,450.0,350.0,10775.0,10775.0,ACTIVE,False,NORMAL,False
DEL -> HYD|Air India|t+30|11:00 PM|1:15 AM+1|135|0,2026-10-02,2026-10-02 13:25:06.505711,DEL,HYD,DEL -> HYD,Air India,Air India,Air India,t+30,t+30,30,30,2026-11-01,Economy,11:00 PM,1:15 AM+1,135,0,8729.52,436.48,450.0,350.0,9966.0,9966.0,ACTIVE,False,NORMAL,False
DEL -> HYD|Air India|t+30|12:30 PM|2:45 PM|135|0,2026-10-02,2026-10-02 13:25:06.505711,DEL,HYD,DEL -> HYD,Air India,Air India,Air India,t+30,t+30,30,30,2026-11-01,Economy,12:30 PM,2:45 PM,135,0,8974.29,448.71,450.0,350.0,10223.0,10223.0,ACTIVE,False,NORMAL,True
DEL -> HYD|Air India|t+30|2:30 PM|4:45 PM|135|0,2026-10-02,2026-10-02 13:25:06.505711,DEL,HYD,DEL -> HYD,Air India,Air India,Air India,t+30,t+30,30,30,2026-11-01,Economy,2:30 PM,4:45 PM,135,0,9300.0,465.0,450.0,350.0,10565.0,10565.0,ACTIVE,False,NORMAL,False
DEL -> HYD|Air India|t+30|3:30 PM|5:45 PM|135|0,2026-10-02,2026-10-02 13:25:06.505711,DEL,HYD,DEL -> HYD,Air India,Air India,Air India,t+30,t+30,30,30,2026-11-01,Economy,3:30 PM,5:45 PM,135,0,9500.0,475.0,450.0,350.0,10775.0,10775.0,ACTIVE,False,NORMAL,False
DEL -> HYD|Air India|t+30|6:00 PM|8:15 PM|135|0,2026-10-02,2026-10-02 13:25:06.505711,DEL,HYD,DEL -> HYD,Air India,Air India,Air India,t+30,t+30,30,30,2026-11-01,Economy,6:00 PM,8:15 PM,135,0,9500.0,475.0,450.0,350.0,10775.0,10775.0,ACTIVE,False,NORMAL,False
DEL -> HYD|Air India|t+30|7:00 AM|9:15 AM|135|0,2026-10-02,2026-10-02 13:25:06.505711,DEL,HYD,DEL -> HYD,Air India,Air India,Air India,t+30,t+30,30,30,2026-11-01,Economy,7:00 AM,9:15 AM,135,0,8729.52,436.48,450.0,350.0,9966.0,9966.0,ACTIVE,False,NORMAL,False
DEL -> HYD|Air India|t+30|7:30 PM|9:45 PM|135|0,2026-10-02,2026-10-02 13:25:06.505711,DEL,HYD,DEL -> HYD,Air India,Air India,Air India,t+30,t+30,30,30,2026-11-01,Economy,7:30 PM,9:45 PM,135,0,9240.0,462.0,450.0,350.0,10502.0,10502.0,ACTIVE,False,NORMAL,False
DEL -> HYD|Air India|t+30|9:40 AM|11:55 AM|135|0,2026-10-02,2026-10-02 13:25:06.505711,DEL,HYD,DEL -> HYD,Air India,Air India,Air India,t+30,t+30,30,30,2026-11-01,Economy,9:40 AM,11:55 AM,135,0,9674.29,483.71,450.0,350.0,10958.0,10958.0,ACTIVE,False,NORMAL,False
DEL -> HYD|Akasa Air|t+30|2:20 PM|4:45 PM|145|0,2026-10-02,2026-10-02 13:25:06.505711,DEL,HYD,DEL -> HYD,Akasa Air,Akasa Air,Akasa Air,t+30,t+30,30,30,2026-11-01,Economy,2:20 PM,4:45 PM,145,0,8634.29,431.71,450.0,350.0,9866.0,9866.0,ACTIVE,False,NORMAL,False
DEL -> HYD|Akasa Air|t+30|8:35 PM|10:55 PM|140|0,2026-10-02,2026-10-02 13:25:06.505711,DEL,HYD,DEL -> HYD,Akasa Air,Akasa Air,Akasa Air,t+30,t+30,30,30,2026-11-01,Economy,8:35 PM,10:55 PM,140,0,8800.0,440.0,450.0,350.0,10040.0,10040.0,ACTIVE,False,NORMAL,False
DEL -> HYD|IndiGo|t+30|10:00 AM|12:15 PM|135|0,2026-10-02,2026-10-02 13:25:06.505711,DEL,HYD,DEL -> HYD,IndiGo,IndiGo,IndiGo,t+30,t+30,30,30,2026-11-01,Economy,10:00 AM,12:15 PM,135,0,9140.0,457.0,450.0,350.0,10397.0,10397.0,ACTIVE,False,NORMAL,False
DEL -> HYD|IndiGo|t+30|10:30 PM|12:45 AM+1|135|0,2026-10-02,2026-10-02 13:25:06.505711,DEL,HYD,DEL -> HYD,IndiGo,IndiGo,IndiGo,t+30,t+30,30,30,2026-11-01,Economy,10:30 PM,12:45 AM+1,135,0,8626.67,431.33,450.0,350.0,9858.0,9858.0,ACTIVE,False,NORMAL,False
DEL -> HYD|IndiGo|t+30|11:45 AM|2:00 PM|135|0,2026-10-02,2026-10-02 13:25:06.505711,DEL,HYD,DEL -> HYD,IndiGo,IndiGo,IndiGo,t+30,t+30,30,30,2026-11-01,Economy,11:45 AM,2:00 PM,135,0,10262.86,513.14,450.0,350.0,11576.0,11576.0,ACTIVE,False,NORMAL,True
DEL -> HYD|IndiGo|t+30|1:30 PM|3:45 PM|135|0,2026-10-02,2026-10-02 13:25:06.505711,DEL,HYD,DEL -> HYD,IndiGo,IndiGo,IndiGo,t+30,t+30,30,30,2026-11-01,Economy,1:30 PM,3:45 PM,135,0,8626.67,431.33,450.0,350.0,9858.0,9858.0,ACTIVE,False,NORMAL,True
DEL -> HYD|IndiGo|t+30|2:25 AM|4:40 AM|135|0,2026-10-02,2026-10-02 13:25:06.505711,DEL,HYD,DEL -> HYD,IndiGo,IndiGo,IndiGo,t+30,t+30,30,30,2026-11-01,Economy,2:25 AM,4:40 AM,135,0,9140.0,457.0,450.0,350.0,10397.0,10397.0,ACTIVE,False,NORMAL,True
DEL -> HYD|IndiGo|t+30|2:50 PM|5:05 PM|135|0,2026-10-02,2026-10-02 13:25:06.505711,DEL,HYD,DEL -> HYD,IndiGo,IndiGo,IndiGo,t+30,t+30,30,30,2026-11-01,Economy,2:50 PM,5:05 PM,135,0,9140.0,457.0,450.0,350.0,10397.0,10397.0,ACTIVE,False,NORMAL,False
DEL -> HYD|IndiGo|t+30|4:15 PM|6:30 PM|135|0,2026-10-02,2026-10-02 13:25:06.505711,DEL,HYD,DEL -> HYD,IndiGo,IndiGo,IndiGo,t+30,t+30,30,30,2026-11-01,Economy,4:15 PM,6:30 PM,135,0,9140.0,457.0,450.0,350.0,10397.0,10397.0,ACTIVE,False,NORMAL,True
DEL -> HYD|IndiGo|t+30|5:15 AM|7:30 AM|135|0,2026-10-02,2026-10-02 13:25:06.505711,DEL,HYD,DEL -> HYD,IndiGo,IndiGo,IndiGo,t+30,t+30,30,30,2026-11-01,Economy,5:15 AM,7:30 AM,135,0,9140.0,457.0,450.0,350.0,10397.0,10397.0,ACTIVE,False,NORMAL,False
DEL -> HYD|IndiGo|t+30|6:15 PM|8:30 PM|135|0,2026-10-02,2026-10-02 13:25:06.505711,DEL,HYD,DEL -> HYD,IndiGo,IndiGo,IndiGo,t+30,t+30,30,30,2026-11-01,Economy,6:15 PM,8:30 PM,135,0,9140.0,457.0,450.0,350.0,10397.0,10397.0,ACTIVE,False,NORMAL,False
DEL -> HYD|IndiGo|t+30|6:30 AM|8:45 AM|135|0,2026-10-02,2026-10-02 13:25:06.505711,DEL,HYD,DEL -> HYD,IndiGo,IndiGo,IndiGo,t+30,t+30,30,30,2026-11-01,Economy,6:30 AM,8:45 AM,135,0,8626.67,431.33,450.0,350.0,9858.0,9858.0,ACTIVE,False,NORMAL,False
DEL -> HYD|IndiGo|t+30|7:45 PM|10:00 PM|135|0,2026-10-02,2026-10-02 13:25:06.505711,DEL,HYD,DEL -> HYD,IndiGo,IndiGo,IndiGo,t+30,t+30,30,30,2026-11-01,Economy,7:45 PM,10:00 PM,135,0,9140.0,457.0,450.0,350.0,10397.0,10397.0,ACTIVE,False,NORMAL,False
DEL -> HYD|IndiGo|t+30|8:30 AM|10:45 AM|135|0,2026-10-02,2026-10-02 13:25:06.505711,DEL,HYD,DEL -> HYD,IndiGo,IndiGo,IndiGo,t+30,t+30,30,30,2026-11-01,Economy,8:30 AM,10:45 AM,135,0,8626.67,431.33,450.0,350.0,9858.0,9858.0,ACTIVE,False,NORMAL,True
DEL -> HYD|IndiGo|t+30|9:00 PM|11:15 PM|135|0,2026-10-02,2026-10-02 13:25:06.505711,DEL,HYD,DEL -> HYD,IndiGo,IndiGo,IndiGo,t+30,t+30,30,30,2026-11-01,Economy,9:00 PM,11:15 PM,135,0,8626.67,431.33,450.0,350.0,9858.0,9858.0,ACTIVE,False,NORMAL,True
DEL -> HYD|Air India|t+7|10:30 AM|12:50 PM|140|0,2026-10-02,2026-10-02 13:24:27.858210,DEL,HYD,DEL -> HYD,Air India,Air India,Air India,t+7,t+7,7,7,2026-10-09,Economy,10:30 AM,12:50 PM,140,0,8194.29,409.71,450.0,350.0,9404.0,9404.0,ACTIVE,False,NORMAL,False
DEL -> HYD|Air India|t+7|11:00 PM|1:20 AM+1|140|0,2026-10-02,2026-10-02 13:24:27.858210,DEL,HYD,DEL -> HYD,Air India,Air India,Air India,t+7,t+7,7,7,2026-10-09,Economy,11:00 PM,1:20 AM+1,140,0,7534.29,376.71,450.0,350.0,8711.0,8711.0,ACTIVE,False,NORMAL,False
DEL -> HYD|Air India|t+7|12:30 PM|2:45 PM|135|0,2026-10-02,2026-10-02 13:24:27.858210,DEL,HYD,DEL -> HYD,Air India,Air India,Air India,t+7,t+7,7,7,2026-10-09,Economy,12:30 PM,2:45 PM,135,0,9189.52,459.48,450.0,350.0,10449.0,10449.0,ACTIVE,False,NORMAL,False
DEL -> HYD|Air India|t+7|2:00 AM|4:20 AM|140|0,2026-10-02,2026-10-02 13:24:27.858210,DEL,HYD,DEL -> HYD,Air India,Air India,Air India,t+7,t+7,7,7,2026-10-09,Economy,2:00 AM,4:20 AM,140,0,7534.29,376.71,450.0,350.0,8711.0,8711.0,ACTIVE,False,NORMAL,True
DEL -> HYD|Air India|t+7|2:30 PM|4:40 PM|130|0,2026-10-02,2026-10-02 13:24:27.858210,DEL,HYD,DEL -> HYD,Air India,Air India,Air India,t+7,t+7,7,7,2026-10-09,Economy,2:30 PM,4:40 PM,130,0,8029.52,401.48,450.0,350.0,9231.0,9231.0,ACTIVE,False,NORMAL,True
DEL -> HYD|Air India|t+7|3:30 PM|5:55 PM|145|0,2026-10-02,2026-10-02 13:24:27.858210,DEL,HYD,DEL -> HYD,Air India,Air India,Air India,t+7,t+7,7,7,2026-10-09,Economy,3:30 PM,5:55 PM,145,0,7744.76,387.24,450.0,350.0,8932.0,8932.0,ACTIVE,False,NORMAL,True
DEL -> HYD|Air India|t+7|6:00 PM|8:20 PM|140|0,2026-10-02,2026-10-02 13:24:27.858210,DEL,HYD,DEL -> HYD,Air India,Air India,Air India,t+7,t+7,7,7,2026-10-09,Economy,6:00 PM,8:20 PM,140,0,11244.76,562.24,450.0,350.0,12607.0,12607.0,ACTIVE,True,HIGH_SPIKE,True
DEL -> HYD|Air India|t+7|7:00 AM|9:20 AM|140|0,2026-10-02,2026-10-02 13:24:27.858210,DEL,HYD,DEL -> HYD,Air India,Air India,Air India,t+7,t+7,7,7,2026-10-09,Economy,7:00 AM,9:20 AM,140,0,12764.76,638.24,450.0,350.0,14203.0,14203.0,DEPLETED_SUBSEQUENT_DAY,True,HIGH_SPIKE,False
DEL -> HYD|Air India|t+7|8:30 PM|10:50 PM|140|0,2026-10-02,2026-10-02 13:24:27.858210,DEL,HYD,DEL -> HYD,Air India,Air India,Air India,t+7,t+7,7,7,2026-10-09,Economy,8:30 PM,10:50 PM,140,0,12764.76,638.24,450.0,350.0,14203.0,14203.0,ACTIVE,True,HIGH_SPIKE,True
DEL -> HYD|Air India|t+7|9:40 AM|12:00 PM|140|0,2026-10-02,2026-10-02 13:24:27.858210,DEL,HYD,DEL -> HYD,Air India,Air India,Air India,t+7,t+7,7,7,2026-10-09,Economy,9:40 AM,12:00 PM,140,0,7744.76,387.24,450.0,350.0,8932.0,8932.0,ACTIVE,False,NORMAL,True
DEL -> HYD|Akasa Air|t+7|2:10 PM|4:30 PM|140|0,2026-10-02,2026-10-02 13:24:27.858210,DEL,HYD,DEL -> HYD,Akasa Air,Akasa Air,Akasa Air,t+7,t+7,7,7,2026-10-09,Economy,2:10 PM,4:30 PM,140,0,8311.43,415.57,450.0,350.0,9527.0,9527.0,ACTIVE,False,NORMAL,True
DEL -> HYD|Akasa Air|t+7|8:40 PM|11:10 PM|150|0,2026-10-02,2026-10-02 13:24:27.858210,DEL,HYD,DEL -> HYD,Akasa Air,Akasa Air,Akasa Air,t+7,t+7,7,7,2026-10-09,Economy,8:40 PM,11:10 PM,150,0,9143.81,457.19,450.0,350.0,10401.0,10401.0,ACTIVE,False,NORMAL,True
DEL -> HYD|IndiGo|t+7|11:15 PM|1:30 AM+1|135|0,2026-10-02,2026-10-02 13:24:27.858210,DEL,HYD,DEL -> HYD,IndiGo,IndiGo,IndiGo,t+7,t+7,7,7,2026-10-09,Economy,11:15 PM,1:30 AM+1,135,0,7689.52,384.48,450.0,350.0,8874.0,8874.0,ACTIVE,False,NORMAL,True
DEL -> HYD|IndiGo|t+7|11:45 AM|2:00 PM|135|0,2026-10-02,2026-10-02 13:24:27.858210,DEL,HYD,DEL -> HYD,IndiGo,IndiGo,IndiGo,t+7,t+7,7,7,2026-10-09,Economy,11:45 AM,2:00 PM,135,0,9681.9,484.1,450.0,350.0,10966.0,10966.0,ACTIVE,False,NORMAL,True
DEL -> HYD|IndiGo|t+7|1:30 PM|3:45 PM|135|0,2026-10-02,2026-10-02 13:24:27.858210,DEL,HYD,DEL -> HYD,IndiGo,IndiGo,IndiGo,t+7,t+7,7,7,2026-10-09,Economy,1:30 PM,3:45 PM,135,0,7689.52,384.48,450.0,350.0,8874.0,8874.0,ACTIVE,False,NORMAL,True
DEL -> HYD|IndiGo|t+7|2:25 AM|4:40 AM|135|0,2026-10-02,2026-10-02 13:24:27.858210,DEL,HYD,DEL -> HYD,IndiGo,IndiGo,IndiGo,t+7,t+7,7,7,2026-10-09,Economy,2:25 AM,4:40 AM,135,0,7689.52,384.48,450.0,350.0,8874.0,8874.0,ACTIVE,False,NORMAL,True
DEL -> HYD|IndiGo|t+7|2:45 PM|5:05 PM|140|0,2026-10-02,2026-10-02 13:24:27.858210,DEL,HYD,DEL -> HYD,IndiGo,IndiGo,IndiGo,t+7,t+7,7,7,2026-10-09,Economy,2:45 PM,5:05 PM,140,0,7689.52,384.48,450.0,350.0,8874.0,8874.0,ACTIVE,False,NORMAL,True
DEL -> HYD|IndiGo|t+7|4:15 PM|6:30 PM|135|0,2026-10-02,2026-10-02 13:24:27.858210,DEL,HYD,DEL -> HYD,IndiGo,IndiGo,IndiGo,t+7,t+7,7,7,2026-10-09,Economy,4:15 PM,6:30 PM,135,0,7689.52,384.48,450.0,350.0,8874.0,8874.0,ACTIVE,False,NORMAL,True
DEL -> HYD|IndiGo|t+7|5:30 AM|7:50 AM|140|0,2026-10-02,2026-10-02 13:24:27.858210,DEL,HYD,DEL -> HYD,IndiGo,IndiGo,IndiGo,t+7,t+7,7,7,2026-10-09,Economy,5:30 AM,7:50 AM,140,0,7689.52,384.48,450.0,350.0,8874.0,8874.0,ACTIVE,False,NORMAL,False
DEL -> HYD|IndiGo|t+7|5:55 PM|8:15 PM|140|0,2026-10-02,2026-10-02 13:24:27.858210,DEL,HYD,DEL -> HYD,IndiGo,IndiGo,IndiGo,t+7,t+7,7,7,2026-10-09,Economy,5:55 PM,8:15 PM,140,0,7689.52,384.48,450.0,350.0,8874.0,8874.0,ACTIVE,False,NORMAL,True
DEL -> HYD|IndiGo|t+7|7:10 AM|9:20 AM|130|0,2026-10-02,2026-10-02 13:24:27.858210,DEL,HYD,DEL -> HYD,IndiGo,IndiGo,IndiGo,t+7,t+7,7,7,2026-10-09,Economy,7:10 AM,9:20 AM,130,0,7689.52,384.48,450.0,350.0,8874.0,8874.0,ACTIVE,False,NORMAL,True
DEL -> HYD|IndiGo|t+7|7:45 PM|10:05 PM|140|0,2026-10-02,2026-10-02 13:24:27.858210,DEL,HYD,DEL -> HYD,IndiGo,IndiGo,IndiGo,t+7,t+7,7,7,2026-10-09,Economy,7:45 PM,10:05 PM,140,0,9138.1,456.9,450.0,350.0,10395.0,10395.0,ACTIVE,False,NORMAL,True
DEL -> HYD|IndiGo|t+7|8:30 AM|10:45 AM|135|0,2026-10-02,2026-10-02 13:24:27.858210,DEL,HYD,DEL -> HYD,IndiGo,IndiGo,IndiGo,t+7,t+7,7,7,2026-10-09,Economy,8:30 AM,10:45 AM,135,0,8142.86,407.14,450.0,350.0,9350.0,9350.0,ACTIVE,False,NORMAL,True
DEL -> HYD|IndiGo|t+7|9:00 PM|11:15 PM|135|0,2026-10-02,2026-10-02 13:24:27.858210,DEL,HYD,DEL -> HYD,IndiGo,IndiGo,IndiGo,t+7,t+7,7,7,2026-10-09,Economy,9:00 PM,11:15 PM,135,0,9138.1,456.9,450.0,350.0,10395.0,10395.0,ACTIVE,False,NORMAL,True
DEL -> HYD|IndiGo|t+7|9:55 AM|12:20 PM|145|0,2026-10-02,2026-10-02 13:24:27.858210,DEL,HYD,DEL -> HYD,IndiGo,IndiGo,IndiGo,t+7,t+7,7,7,2026-10-09,Economy,9:55 AM,12:20 PM,145,0,8142.86,407.14,450.0,350.0,9350.0,9350.0,ACTIVE,False,NORMAL,True
DEL -> HYD|Air India|t+1|10:00 PM|12:20 AM+1|140|0,2026-10-03,2026-10-03 09:21:10.172042,DEL,HYD,DEL -> HYD,Air India,Air India,Air India,t+1,t+1,1,1,2026-10-04,Economy,10:00 PM,12:20 AM+1,140,0,10934.29,546.71,450.0,350.0,12281.0,12281.0,ACTIVE,False,NORMAL,True
DEL -> HYD|Air India|t+1|10:30 AM|12:50 PM|140|0,2026-10-03,2026-10-03 09:21:10.172042,DEL,HYD,DEL -> HYD,Air India,Air India,Air India,t+1,t+1,1,1,2026-10-04,Economy,10:30 AM,12:50 PM,140,0,21209.52,1060.48,450.0,350.0,23070.0,23070.0,DEPLETED_SUBSEQUENT_DAY,True,HIGH_SPIKE,False
DEL -> HYD|Air India|t+1|11:00 PM|1:20 AM+1|140|0,2026-10-03,2026-10-03 09:21:10.172042,DEL,HYD,DEL -> HYD,Air India,Air India,Air India,t+1,t+1,1,1,2026-10-04,Economy,11:00 PM,1:20 AM+1,140,0,10934.29,546.71,450.0,350.0,12281.0,12281.0,ACTIVE,False,NORMAL,True
DEL -> HYD|Air India|t+1|12:30 PM|2:45 PM|135|0,2026-10-03,2026-10-03 09:21:10.172042,DEL,HYD,DEL -> HYD,Air India,Air India,Air India,t+1,t+1,1,1,2026-10-04,Economy,12:30 PM,2:45 PM,135,0,13129.52,656.48,450.0,350.0,14586.0,14586.0,ACTIVE,True,HIGH_SPIKE,False
DEL -> HYD|Air India|t+1|2:00 AM|4:20 AM|140|0,2026-10-03,2026-10-03 09:21:10.172042,DEL,HYD,DEL -> HYD,Air India,Air India,Air India,t+1,t+1,1,1,2026-10-04,Economy,2:00 AM,4:20 AM,140,0,8549.52,427.48,450.0,350.0,9777.0,9777.0,ACTIVE,False,NORMAL,True
DEL -> HYD|Air India|t+1|2:30 PM|4:40 PM|130|0,2026-10-03,2026-10-03 09:21:10.172042,DEL,HYD,DEL -> HYD,Air India,Air India,Air India,t+1,t+1,1,1,2026-10-04,Economy,2:30 PM,4:40 PM,130,0,15680.0,784.0,450.0,350.0,17264.0,17264.0,ACTIVE,True,HIGH_SPIKE,True
DEL -> HYD|Air India|t+1|3:30 PM|5:55 PM|145|0,2026-10-03,2026-10-03 09:21:10.172042,DEL,HYD,DEL -> HYD,Air India,Air India,Air India,t+1,t+1,1,1,2026-10-04,Economy,3:30 PM,5:55 PM,145,0,15534.29,776.71,450.0,350.0,17111.0,17111.0,ACTIVE,True,HIGH_SPIKE,False
DEL -> HYD|Air India|t+1|6:00 PM|8:20 PM|140|0,2026-10-03,2026-10-03 09:21:10.172042,DEL,HYD,DEL -> HYD,Air India,Air India,Air India,t+1,t+1,1,1,2026-10-04,Economy,6:00 PM,8:20 PM,140,0,13129.52,656.48,450.0,350.0,14586.0,14586.0,ACTIVE,True,HIGH_SPIKE,True
DEL -> HYD|Air India|t+1|8:30 PM|10:50 PM|140|0,2026-10-03,2026-10-03 09:21:10.172042,DEL,HYD,DEL -> HYD,Air India,Air India,Air India,t+1,t+1,1,1,2026-10-04,Economy,8:30 PM,10:50 PM,140,0,15534.29,776.71,450.0,350.0,17111.0,17111.0,ACTIVE,True,HIGH_SPIKE,True
DEL -> HYD|Air India|t+1|9:40 AM|12:00 PM|140|0,2026-10-03,2026-10-03 09:21:10.172042,DEL,HYD,DEL -> HYD,Air India,Air India,Air India,t+1,t+1,1,1,2026-10-04,Economy,9:40 AM,12:00 PM,140,0,21609.52,1080.48,450.0,350.0,23490.0,23490.0,ACTIVE,True,HIGH_SPIKE,True
DEL -> HYD|Akasa Air|t+1|2:10 PM|4:30 PM|140|0,2026-10-03,2026-10-03 09:21:10.172042,DEL,HYD,DEL -> HYD,Akasa Air,Akasa Air,Akasa Air,t+1,t+1,1,1,2026-10-04,Economy,2:10 PM,4:30 PM,140,0,10457.14,522.86,450.0,350.0,11780.0,11780.0,ACTIVE,False,NORMAL,True
DEL -> HYD|Akasa Air|t+1|8:40 PM|11:10 PM|150|0,2026-10-03,2026-10-03 09:21:10.172042,DEL,HYD,DEL -> HYD,Akasa Air,Akasa Air,Akasa Air,t+1,t+1,1,1,2026-10-04,Economy,8:40 PM,11:10 PM,150,0,12823.81,641.19,450.0,350.0,14265.0,14265.0,ACTIVE,True,HIGH_SPIKE,True
DEL -> HYD|IndiGo|t+1|11:15 PM|1:30 AM+1|135|0,2026-10-03,2026-10-03 09:21:10.172042,DEL,HYD,DEL -> HYD,IndiGo,IndiGo,IndiGo,t+1,t+1,1,1,2026-10-04,Economy,11:15 PM,1:30 AM+1,135,0,11530.48,576.52,450.0,350.0,12907.0,12907.0,ACTIVE,True,HIGH_SPIKE,True
DEL -> HYD|IndiGo|t+1|11:45 AM|2:00 PM|135|0,2026-10-03,2026-10-03 09:21:10.172042,DEL,HYD,DEL -> HYD,IndiGo,IndiGo,IndiGo,t+1,t+1,1,1,2026-10-04,Economy,11:45 AM,2:00 PM,135,0,20834.29,1041.71,450.0,350.0,22676.0,22676.0,ACTIVE,True,HIGH_SPIKE,True
DEL -> HYD|IndiGo|t+1|1:30 PM|3:45 PM|135|0,2026-10-03,2026-10-03 09:21:10.172042,DEL,HYD,DEL -> HYD,IndiGo,IndiGo,IndiGo,t+1,t+1,1,1,2026-10-04,Economy,1:30 PM,3:45 PM,135,0,17425.71,871.29,450.0,350.0,19097.0,19097.0,ACTIVE,True,HIGH_SPIKE,True
DEL -> HYD|IndiGo|t+1|2:25 AM|4:40 AM|135|0,2026-10-03,2026-10-03 09:21:10.172042,DEL,HYD,DEL -> HYD,IndiGo,IndiGo,IndiGo,t+1,t+1,1,1,2026-10-04,Economy,2:25 AM,4:40 AM,135,0,8142.86,407.14,450.0,350.0,9350.0,9350.0,ACTIVE,False,NORMAL,False
DEL -> HYD|IndiGo|t+1|2:45 PM|5:05 PM|140|0,2026-10-03,2026-10-03 09:21:10.172042,DEL,HYD,DEL -> HYD,IndiGo,IndiGo,IndiGo,t+1,t+1,1,1,2026-10-04,Economy,2:45 PM,5:05 PM,140,0,16420.95,821.05,450.0,350.0,18042.0,18042.0,ACTIVE,True,HIGH_SPIKE,False
DEL -> HYD|IndiGo|t+1|4:15 PM|6:30 PM|135|0,2026-10-03,2026-10-03 09:21:10.172042,DEL,HYD,DEL -> HYD,IndiGo,IndiGo,IndiGo,t+1,t+1,1,1,2026-10-04,Economy,4:15 PM,6:30 PM,135,0,15477.14,773.86,450.0,350.0,17051.0,17051.0,ACTIVE,True,HIGH_SPIKE,True
DEL -> HYD|IndiGo|t+1|5:30 AM|7:50 AM|140|0,2026-10-03,2026-10-03 09:21:10.172042,DEL,HYD,DEL -> HYD,IndiGo,IndiGo,IndiGo,t+1,t+1,1,1,2026-10-04,Economy,5:30 AM,7:50 AM,140,0,9681.9,484.1,450.0,350.0,10966.0,10966.0,NEW_INVENTORY,False,NORMAL,False
DEL -> HYD|IndiGo|t+1|5:55 PM|8:15 PM|140|0,2026-10-03,2026-10-03 09:21:10.172042,DEL,HYD,DEL -> HYD,IndiGo,IndiGo,IndiGo,t+1,t+1,1,1,2026-10-04,Economy,5:55 PM,8:15 PM,140,0,15477.14,773.86,450.0,350.0,17051.0,17051.0,ACTIVE,True,HIGH_SPIKE,True
DEL -> HYD|IndiGo|t+1|7:10 AM|9:20 AM|130|0,2026-10-03,2026-10-03 09:21:10.172042,DEL,HYD,DEL -> HYD,IndiGo,IndiGo,IndiGo,t+1,t+1,1,1,2026-10-04,Economy,7:10 AM,9:20 AM,130,0,13753.33,687.67,450.0,350.0,15241.0,15241.0,ACTIVE,True,HIGH_SPIKE,False
DEL -> HYD|IndiGo|t+1|7:45 PM|10:05 PM|140|0,2026-10-03,2026-10-03 09:21:10.172042,DEL,HYD,DEL -> HYD,IndiGo,IndiGo,IndiGo,t+1,t+1,1,1,2026-10-04,Economy,7:45 PM,10:05 PM,140,0,13753.33,687.67,450.0,350.0,15241.0,15241.0,ACTIVE,True,HIGH_SPIKE,True
DEL -> HYD|IndiGo|t+1|8:30 AM|10:45 AM|135|0,2026-10-03,2026-10-03 09:21:10.172042,DEL,HYD,DEL -> HYD,IndiGo,IndiGo,IndiGo,t+1,t+1,1,1,2026-10-04,Economy,8:30 AM,10:45 AM,135,0,14587.62,729.38,450.0,350.0,16117.0,16117.0,ACTIVE,True,HIGH_SPIKE,True
DEL -> HYD|IndiGo|t+1|9:00 PM|11:15 PM|135|0,2026-10-03,2026-10-03 09:21:10.172042,DEL,HYD,DEL -> HYD,IndiGo,IndiGo,IndiGo,t+1,t+1,1,1,2026-10-04,Economy,9:00 PM,11:15 PM,135,0,12226.67,611.33,450.0,350.0,13638.0,13638.0,ACTIVE,True,HIGH_SPIKE,True
DEL -> HYD|IndiGo|t+1|9:55 AM|12:20 PM|145|0,2026-10-03,2026-10-03 09:21:10.172042,DEL,HYD,DEL -> HYD,IndiGo,IndiGo,IndiGo,t+1,t+1,1,1,2026-10-04,Economy,9:55 AM,12:20 PM,145,0,17425.71,871.29,450.0,350.0,19097.0,19097.0,ACTIVE,True,HIGH_SPIKE,True
DEL -> HYD|Air India|t+15|10:00 PM|12:20 AM+1|140|0,2026-10-03,2026-10-03 09:21:29.021081,DEL,HYD,DEL -> HYD,Air India,Air India,Air India,t+15,t+15,15,15,2026-10-18,Economy,10:00 PM,12:20 AM+1,140,0,10314.29,515.71,450.0,350.0,11630.0,11630.0,ACTIVE,False,NORMAL,False
DEL -> HYD|Air India|t+15|10:30 AM|12:50 PM|140|0,2026-10-03,2026-10-03 09:21:29.021081,DEL,HYD,DEL -> HYD,Air India,Air India,Air India,t+15,t+15,15,15,2026-10-18,Economy,10:30 AM,12:50 PM,140,0,9449.52,472.48,450.0,350.0,10722.0,10722.0,ACTIVE,False,NORMAL,False
DEL -> HYD|Air India|t+15|11:00 PM|1:20 AM+1|140|0,2026-10-03,2026-10-03 09:21:29.021081,DEL,HYD,DEL -> HYD,Air India,Air India,Air India,t+15,t+15,15,15,2026-10-18,Economy,11:00 PM,1:20 AM+1,140,0,9189.52,459.48,450.0,350.0,10449.0,10449.0,ACTIVE,False,NORMAL,False
DEL -> HYD|Air India|t+15|12:30 PM|2:45 PM|135|0,2026-10-03,2026-10-03 09:21:29.021081,DEL,HYD,DEL -> HYD,Air India,Air India,Air India,t+15,t+15,15,15,2026-10-18,Economy,12:30 PM,2:45 PM,135,0,10014.29,500.71,450.0,350.0,11315.0,11315.0,DEPLETED_SUBSEQUENT_DAY,False,NORMAL,False
DEL -> HYD|Air India|t+15|2:00 AM|4:20 AM|140|0,2026-10-03,2026-10-03 09:21:29.021081,DEL,HYD,DEL -> HYD,Air India,Air India,Air India,t+15,t+15,15,15,2026-10-18,Economy,2:00 AM,4:20 AM,140,0,9189.52,459.48,450.0,350.0,10449.0,10449.0,ACTIVE,False,NORMAL,True
DEL -> HYD|Air India|t+15|2:30 PM|4:40 PM|130|0,2026-10-03,2026-10-03 09:21:29.021081,DEL,HYD,DEL -> HYD,Air India,Air India,Air India,t+15,t+15,15,15,2026-10-18,Economy,2:30 PM,4:40 PM,130,0,9794.29,489.71,450.0,350.0,11084.0,11084.0,ACTIVE,False,NORMAL,True
DEL -> HYD|Air India|t+15|3:30 PM|5:55 PM|145|0,2026-10-03,2026-10-03 09:21:29.021081,DEL,HYD,DEL -> HYD,Air India,Air India,Air India,t+15,t+15,15,15,2026-10-18,Economy,3:30 PM,5:55 PM,145,0,10014.29,500.71,450.0,350.0,11315.0,11315.0,ACTIVE,False,NORMAL,True
DEL -> HYD|Air India|t+15|6:00 PM|8:20 PM|140|0,2026-10-03,2026-10-03 09:21:29.021081,DEL,HYD,DEL -> HYD,Air India,Air India,Air India,t+15,t+15,15,15,2026-10-18,Economy,6:00 PM,8:20 PM,140,0,11914.29,595.71,450.0,350.0,13310.0,13310.0,ACTIVE,False,NORMAL,True
DEL -> HYD|Air India|t+15|7:00 AM|9:20 AM|140|0,2026-10-03,2026-10-03 09:21:29.021081,DEL,HYD,DEL -> HYD,Air India,Air India,Air India,t+15,t+15,15,15,2026-10-18,Economy,7:00 AM,9:20 AM,140,0,9189.52,459.48,450.0,350.0,10449.0,10449.0,NEW_INVENTORY,False,NORMAL,False
DEL -> HYD|Air India|t+15|9:40 AM|12:00 PM|140|0,2026-10-03,2026-10-03 09:21:29.021081,DEL,HYD,DEL -> HYD,Air India,Air India,Air India,t+15,t+15,15,15,2026-10-18,Economy,9:40 AM,12:00 PM,140,0,9620.0,481.0,450.0,350.0,10901.0,10901.0,ACTIVE,False,NORMAL,False
DEL -> HYD|Akasa Air|t+15|2:10 PM|4:30 PM|140|0,2026-10-03,2026-10-03 09:21:29.021081,DEL,HYD,DEL -> HYD,Akasa Air,Akasa Air,Akasa Air,t+15,t+15,15,15,2026-10-18,Economy,2:10 PM,4:30 PM,140,0,9500.95,475.05,450.0,350.0,10776.0,10776.0,ACTIVE,False,NORMAL,True
DEL -> HYD|Akasa Air|t+15|8:40 PM|11:10 PM|150|0,2026-10-03,2026-10-03 09:21:29.021081,DEL,HYD,DEL -> HYD,Akasa Air,Akasa Air,Akasa Air,t+15,t+15,15,15,2026-10-18,Economy,8:40 PM,11:10 PM,150,0,9683.81,484.19,450.0,350.0,10968.0,10968.0,ACTIVE,False,NORMAL,True
DEL -> HYD|IndiGo|t+15|11:15 PM|1:30 AM+1|135|0,2026-10-03,2026-10-03 09:21:29.021081,DEL,HYD,DEL -> HYD,IndiGo,IndiGo,IndiGo,t+15,t+15,15,15,2026-10-18,Economy,11:15 PM,1:30 AM+1,135,0,10262.86,513.14,450.0,350.0,11576.0,11576.0,ACTIVE,False,NORMAL,True
DEL -> HYD|IndiGo|t+15|11:45 AM|2:00 PM|135|0,2026-10-03,2026-10-03 09:21:29.021081,DEL,HYD,DEL -> HYD,IndiGo,IndiGo,IndiGo,t+15,t+15,15,15,2026-10-18,Economy,11:45 AM,2:00 PM,135,0,9140.0,457.0,450.0,350.0,10397.0,10397.0,ACTIVE,False,NORMAL,True
DEL -> HYD|IndiGo|t+15|1:30 PM|3:45 PM|135|0,2026-10-03,2026-10-03 09:21:29.021081,DEL,HYD,DEL -> HYD,IndiGo,IndiGo,IndiGo,t+15,t+15,15,15,2026-10-18,Economy,1:30 PM,3:45 PM,135,0,9683.81,484.19,450.0,350.0,10968.0,10968.0,ACTIVE,False,NORMAL,True
DEL -> HYD|IndiGo|t+15|2:25 AM|4:40 AM|135|0,2026-10-03,2026-10-03 09:21:29.021081,DEL,HYD,DEL -> HYD,IndiGo,IndiGo,IndiGo,t+15,t+15,15,15,2026-10-18,Economy,2:25 AM,4:40 AM,135,0,9140.0,457.0,450.0,350.0,10397.0,10397.0,ACTIVE,False,NORMAL,True
DEL -> HYD|IndiGo|t+15|2:45 PM|5:05 PM|140|0,2026-10-03,2026-10-03 09:21:29.021081,DEL,HYD,DEL -> HYD,IndiGo,IndiGo,IndiGo,t+15,t+15,15,15,2026-10-18,Economy,2:45 PM,5:05 PM,140,0,9683.81,484.19,450.0,350.0,10968.0,10968.0,ACTIVE,False,NORMAL,True
DEL -> HYD|IndiGo|t+15|4:15 PM|6:30 PM|135|0,2026-10-03,2026-10-03 09:21:29.021081,DEL,HYD,DEL -> HYD,IndiGo,IndiGo,IndiGo,t+15,t+15,15,15,2026-10-18,Economy,4:15 PM,6:30 PM,135,0,10879.05,543.95,450.0,350.0,12223.0,12223.0,ACTIVE,False,NORMAL,True
DEL -> HYD|IndiGo|t+15|5:30 AM|7:50 AM|140|0,2026-10-03,2026-10-03 09:21:29.021081,DEL,HYD,DEL -> HYD,IndiGo,IndiGo,IndiGo,t+15,t+15,15,15,2026-10-18,Economy,5:30 AM,7:50 AM,140,0,8144.76,407.24,450.0,350.0,9352.0,9352.0,ACTIVE,False,NORMAL,True
DEL -> HYD|IndiGo|t+15|5:55 PM|8:15 PM|140|0,2026-10-03,2026-10-03 09:21:29.021081,DEL,HYD,DEL -> HYD,IndiGo,IndiGo,IndiGo,t+15,t+15,15,15,2026-10-18,Economy,5:55 PM,8:15 PM,140,0,11533.33,576.67,450.0,350.0,12910.0,12910.0,ACTIVE,False,NORMAL,True
DEL -> HYD|IndiGo|t+15|7:10 AM|9:20 AM|130|0,2026-10-03,2026-10-03 09:21:29.021081,DEL,HYD,DEL -> HYD,IndiGo,IndiGo,IndiGo,t+15,t+15,15,15,2026-10-18,Economy,7:10 AM,9:20 AM,130,0,8144.76,407.24,450.0,350.0,9352.0,9352.0,ACTIVE,False,NORMAL,True
DEL -> HYD|IndiGo|t+15|7:45 PM|10:05 PM|140|0,2026-10-03,2026-10-03 09:21:29.021081,DEL,HYD,DEL -> HYD,IndiGo,IndiGo,IndiGo,t+15,t+15,15,15,2026-10-18,Economy,7:45 PM,10:05 PM,140,0,11533.33,576.67,450.0,350.0,12910.0,12910.0,ACTIVE,False,NORMAL,True
DEL -> HYD|IndiGo|t+15|8:30 AM|10:45 AM|135|0,2026-10-03,2026-10-03 09:21:29.021081,DEL,HYD,DEL -> HYD,IndiGo,IndiGo,IndiGo,t+15,t+15,15,15,2026-10-18,Economy,8:30 AM,10:45 AM,135,0,9683.81,484.19,450.0,350.0,10968.0,10968.0,ACTIVE,False,NORMAL,True
DEL -> HYD|IndiGo|t+15|9:00 PM|11:15 PM|135|0,2026-10-03,2026-10-03 09:21:29.021081,DEL,HYD,DEL -> HYD,IndiGo,IndiGo,IndiGo,t+15,t+15,15,15,2026-10-18,Economy,9:00 PM,11:15 PM,135,0,12228.57,611.43,450.0,350.0,13640.0,13640.0,ACTIVE,False,NORMAL,True
DEL -> HYD|IndiGo|t+15|9:55 AM|12:20 PM|145|0,2026-10-03,2026-10-03 09:21:29.021081,DEL,HYD,DEL -> HYD,IndiGo,IndiGo,IndiGo,t+15,t+15,15,15,2026-10-18,Economy,9:55 AM,12:20 PM,145,0,9140.0,457.0,450.0,350.0,10397.0,10397.0,ACTIVE,False,NORMAL,True
DEL -> HYD|Air India|t+30|10:00 PM|12:15 AM+1|135|0,2026-10-03,2026-10-03 09:21:38.350939,DEL,HYD,DEL -> HYD,Air India,Air India,Air India,t+30,t+30,30,30,2026-11-02,Economy,10:00 PM,12:15 AM+1,135,0,8729.52,436.48,450.0,350.0,9966.0,9966.0,ACTIVE,False,NORMAL,False
DEL -> HYD|Air India|t+30|11:00 AM|1:15 PM|135|0,2026-10-03,2026-10-03 09:21:38.350939,DEL,HYD,DEL -> HYD,Air India,Air India,Air India,t+30,t+30,30,30,2026-11-02,Economy,11:00 AM,1:15 PM,135,0,9500.0,475.0,450.0,350.0,10775.0,10775.0,ACTIVE,False,NORMAL,False
DEL -> HYD|Air India|t+30|11:00 PM|1:15 AM+1|135|0,2026-10-03,2026-10-03 09:21:38.350939,DEL,HYD,DEL -> HYD,Air India,Air India,Air India,t+30,t+30,30,30,2026-11-02,Economy,11:00 PM,1:15 AM+1,135,0,8729.52,436.48,450.0,350.0,9966.0,9966.0,ACTIVE,False,NORMAL,False
DEL -> HYD|Air India|t+30|12:30 PM|2:45 PM|135|0,2026-10-03,2026-10-03 09:21:38.350939,DEL,HYD,DEL -> HYD,Air India,Air India,Air India,t+30,t+30,30,30,2026-11-02,Economy,12:30 PM,2:45 PM,135,0,8729.52,436.48,450.0,350.0,9966.0,9966.0,ACTIVE,False,NORMAL,True
DEL -> HYD|Air India|t+30|2:30 PM|4:45 PM|135|0,2026-10-03,2026-10-03 09:21:38.350939,DEL,HYD,DEL -> HYD,Air India,Air India,Air India,t+30,t+30,30,30,2026-11-02,Economy,2:30 PM,4:45 PM,135,0,9054.29,452.71,450.0,350.0,10307.0,10307.0,ACTIVE,False,NORMAL,False
DEL -> HYD|Air India|t+30|3:30 PM|5:45 PM|135|0,2026-10-03,2026-10-03 09:21:38.350939,DEL,HYD,DEL -> HYD,Air India,Air India,Air India,t+30,t+30,30,30,2026-11-02,Economy,3:30 PM,5:45 PM,135,0,8729.52,436.48,450.0,350.0,9966.0,9966.0,ACTIVE,False,NORMAL,False
DEL -> HYD|Air India|t+30|6:00 PM|8:15 PM|135|0,2026-10-03,2026-10-03 09:21:38.350939,DEL,HYD,DEL -> HYD,Air India,Air India,Air India,t+30,t+30,30,30,2026-11-02,Economy,6:00 PM,8:15 PM,135,0,9240.0,462.0,450.0,350.0,10502.0,10502.0,ACTIVE,False,NORMAL,False
DEL -> HYD|Air India|t+30|7:00 AM|9:15 AM|135|0,2026-10-03,2026-10-03 09:21:38.350939,DEL,HYD,DEL -> HYD,Air India,Air India,Air India,t+30,t+30,30,30,2026-11-02,Economy,7:00 AM,9:15 AM,135,0,10249.52,512.48,450.0,350.0,11562.0,11562.0,ACTIVE,False,NORMAL,False
DEL -> HYD|Air India|t+30|7:30 PM|9:45 PM|135|0,2026-10-03,2026-10-03 09:21:38.350939,DEL,HYD,DEL -> HYD,Air India,Air India,Air India,t+30,t+30,30,30,2026-11-02,Economy,7:30 PM,9:45 PM,135,0,8729.52,436.48,450.0,350.0,9966.0,9966.0,ACTIVE,False,NORMAL,False
DEL -> HYD|Air India|t+30|9:40 AM|11:55 AM|135|0,2026-10-03,2026-10-03 09:21:38.350939,DEL,HYD,DEL -> HYD,Air India,Air India,Air India,t+30,t+30,30,30,2026-11-02,Economy,9:40 AM,11:55 AM,135,0,9240.0,462.0,450.0,350.0,10502.0,10502.0,ACTIVE,False,NORMAL,False
DEL -> HYD|Akasa Air|t+30|2:20 PM|4:45 PM|145|0,2026-10-03,2026-10-03 09:21:38.350939,DEL,HYD,DEL -> HYD,Akasa Air,Akasa Air,Akasa Air,t+30,t+30,30,30,2026-11-02,Economy,2:20 PM,4:45 PM,145,0,8800.0,440.0,450.0,350.0,10040.0,10040.0,ACTIVE,False,NORMAL,False
DEL -> HYD|Akasa Air|t+30|8:35 PM|10:55 PM|140|0,2026-10-03,2026-10-03 09:21:38.350939,DEL,HYD,DEL -> HYD,Akasa Air,Akasa Air,Akasa Air,t+30,t+30,30,30,2026-11-02,Economy,8:35 PM,10:55 PM,140,0,8800.0,440.0,450.0,350.0,10040.0,10040.0,ACTIVE,False,NORMAL,False
DEL -> HYD|IndiGo|t+30|10:00 AM|12:15 PM|135|0,2026-10-03,2026-10-03 09:21:38.350939,DEL,HYD,DEL -> HYD,IndiGo,IndiGo,IndiGo,t+30,t+30,30,30,2026-11-02,Economy,10:00 AM,12:15 PM,135,0,9140.0,457.0,450.0,350.0,10397.0,10397.0,ACTIVE,False,NORMAL,False
DEL -> HYD|IndiGo|t+30|10:30 PM|12:45 AM+1|135|0,2026-10-03,2026-10-03 09:21:38.350939,DEL,HYD,DEL -> HYD,IndiGo,IndiGo,IndiGo,t+30,t+30,30,30,2026-11-02,Economy,10:30 PM,12:45 AM+1,135,0,8626.67,431.33,450.0,350.0,9858.0,9858.0,ACTIVE,False,NORMAL,False
DEL -> HYD|IndiGo|t+30|11:45 AM|2:00 PM|135|0,2026-10-03,2026-10-03 09:21:38.350939,DEL,HYD,DEL -> HYD,IndiGo,IndiGo,IndiGo,t+30,t+30,30,30,2026-11-02,Economy,11:45 AM,2:00 PM,135,0,9140.0,457.0,450.0,350.0,10397.0,10397.0,ACTIVE,False,NORMAL,True
DEL -> HYD|IndiGo|t+30|1:30 PM|3:45 PM|135|0,2026-10-03,2026-10-03 09:21:38.350939,DEL,HYD,DEL -> HYD,IndiGo,IndiGo,IndiGo,t+30,t+30,30,30,2026-11-02,Economy,1:30 PM,3:45 PM,135,0,8626.67,431.33,450.0,350.0,9858.0,9858.0,ACTIVE,False,NORMAL,True
DEL -> HYD|IndiGo|t+30|2:25 AM|4:40 AM|135|0,2026-10-03,2026-10-03 09:21:38.350939,DEL,HYD,DEL -> HYD,IndiGo,IndiGo,IndiGo,t+30,t+30,30,30,2026-11-02,Economy,2:25 AM,4:40 AM,135,0,9140.0,457.0,450.0,350.0,10397.0,10397.0,ACTIVE,False,NORMAL,True
DEL -> HYD|IndiGo|t+30|2:50 PM|5:05 PM|135|0,2026-10-03,2026-10-03 09:21:38.350939,DEL,HYD,DEL -> HYD,IndiGo,IndiGo,IndiGo,t+30,t+30,30,30,2026-11-02,Economy,2:50 PM,5:05 PM,135,0,8626.67,431.33,450.0,350.0,9858.0,9858.0,ACTIVE,False,NORMAL,False
DEL -> HYD|IndiGo|t+30|4:15 PM|6:30 PM|135|0,2026-10-03,2026-10-03 09:21:38.350939,DEL,HYD,DEL -> HYD,IndiGo,IndiGo,IndiGo,t+30,t+30,30,30,2026-11-02,Economy,4:15 PM,6:30 PM,135,0,8626.67,431.33,450.0,350.0,9858.0,9858.0,ACTIVE,False,NORMAL,True
DEL -> HYD|IndiGo|t+30|5:15 AM|7:30 AM|135|0,2026-10-03,2026-10-03 09:21:38.350939,DEL,HYD,DEL -> HYD,IndiGo,IndiGo,IndiGo,t+30,t+30,30,30,2026-11-02,Economy,5:15 AM,7:30 AM,135,0,9140.0,457.0,450.0,350.0,10397.0,10397.0,ACTIVE,False,NORMAL,False
DEL -> HYD|IndiGo|t+30|6:15 PM|8:30 PM|135|0,2026-10-03,2026-10-03 09:21:38.350939,DEL,HYD,DEL -> HYD,IndiGo,IndiGo,IndiGo,t+30,t+30,30,30,2026-11-02,Economy,6:15 PM,8:30 PM,135,0,9140.0,457.0,450.0,350.0,10397.0,10397.0,ACTIVE,False,NORMAL,False
DEL -> HYD|IndiGo|t+30|6:30 AM|8:45 AM|135|0,2026-10-03,2026-10-03 09:21:38.350939,DEL,HYD,DEL -> HYD,IndiGo,IndiGo,IndiGo,t+30,t+30,30,30,2026-11-02,Economy,6:30 AM,8:45 AM,135,0,9140.0,457.0,450.0,350.0,10397.0,10397.0,ACTIVE,False,NORMAL,False
DEL -> HYD|IndiGo|t+30|7:45 PM|10:00 PM|135|0,2026-10-03,2026-10-03 09:21:38.350939,DEL,HYD,DEL -> HYD,IndiGo,IndiGo,IndiGo,t+30,t+30,30,30,2026-11-02,Economy,7:45 PM,10:00 PM,135,0,8626.67,431.33,450.0,350.0,9858.0,9858.0,ACTIVE,False,NORMAL,False
DEL -> HYD|IndiGo|t+30|8:30 AM|10:45 AM|135|0,2026-10-03,2026-10-03 09:21:38.350939,DEL,HYD,DEL -> HYD,IndiGo,IndiGo,IndiGo,t+30,t+30,30,30,2026-11-02,Economy,8:30 AM,10:45 AM,135,0,10262.86,513.14,450.0,350.0,11576.0,11576.0,ACTIVE,False,NORMAL,True
DEL -> HYD|IndiGo|t+30|9:00 PM|11:15 PM|135|0,2026-10-03,2026-10-03 09:21:38.350939,DEL,HYD,DEL -> HYD,IndiGo,IndiGo,IndiGo,t+30,t+30,30,30,2026-11-02,Economy,9:00 PM,11:15 PM,135,0,8626.67,431.33,450.0,350.0,9858.0,9858.0,ACTIVE,False,NORMAL,True
DEL -> HYD|Air India|t+7|10:30 AM|12:50 PM|140|0,2026-10-03,2026-10-03 09:21:19.599562,DEL,HYD,DEL -> HYD,Air India,Air India,Air India,t+7,t+7,7,7,2026-10-10,Economy,10:30 AM,12:50 PM,140,0,7744.76,387.24,450.0,350.0,8932.0,8932.0,ACTIVE,False,NORMAL,False
DEL -> HYD|Air India|t+7|11:00 PM|1:20 AM+1|140|0,2026-10-03,2026-10-03 09:21:19.599562,DEL,HYD,DEL -> HYD,Air India,Air India,Air India,t+7,t+7,7,7,2026-10-10,Economy,11:00 PM,1:20 AM+1,140,0,7534.29,376.71,450.0,350.0,8711.0,8711.0,DEPLETED_SUBSEQUENT_DAY,False,NORMAL,False
DEL -> HYD|Air India|t+7|12:30 PM|2:45 PM|135|0,2026-10-03,2026-10-03 09:21:19.599562,DEL,HYD,DEL -> HYD,Air India,Air India,Air India,t+7,t+7,7,7,2026-10-10,Economy,12:30 PM,2:45 PM,135,0,7744.76,387.24,450.0,350.0,8932.0,8932.0,ACTIVE,False,NORMAL,False
DEL -> HYD|Air India|t+7|2:00 AM|4:20 AM|140|0,2026-10-03,2026-10-03 09:21:19.599562,DEL,HYD,DEL -> HYD,Air India,Air India,Air India,t+7,t+7,7,7,2026-10-10,Economy,2:00 AM,4:20 AM,140,0,7534.29,376.71,450.0,350.0,8711.0,8711.0,ACTIVE,False,NORMAL,True
DEL -> HYD|Air India|t+7|2:30 PM|4:40 PM|130|0,2026-10-03,2026-10-03 09:21:19.599562,DEL,HYD,DEL -> HYD,Air India,Air India,Air India,t+7,t+7,7,7,2026-10-10,Economy,2:30 PM,4:40 PM,130,0,8029.52,401.48,450.0,350.0,9231.0,9231.0,ACTIVE,False,NORMAL,True
DEL -> HYD|Air India|t+7|3:30 PM|5:55 PM|145|0,2026-10-03,2026-10-03 09:21:19.599562,DEL,HYD,DEL -> HYD,Air India,Air India,Air India,t+7,t+7,7,7,2026-10-10,Economy,3:30 PM,5:55 PM,145,0,7960.0,398.0,450.0,350.0,9158.0,9158.0,ACTIVE,False,NORMAL,True
DEL -> HYD|Air India|t+7|6:00 PM|8:20 PM|140|0,2026-10-03,2026-10-03 09:21:19.599562,DEL,HYD,DEL -> HYD,Air India,Air India,Air India,t+7,t+7,7,7,2026-10-10,Economy,6:00 PM,8:20 PM,140,0,7744.76,387.24,450.0,350.0,8932.0,8932.0,ACTIVE,False,NORMAL,True
DEL -> HYD|Air India|t+7|8:30 PM|10:50 PM|140|0,2026-10-03,2026-10-03 09:21:19.599562,DEL,HYD,DEL -> HYD,Air India,Air India,Air India,t+7,t+7,7,7,2026-10-10,Economy,8:30 PM,10:50 PM,140,0,9740.0,487.0,450.0,350.0,11027.0,11027.0,ACTIVE,False,NORMAL,True
DEL -> HYD|Air India|t+7|9:40 AM|12:00 PM|140|0,2026-10-03,2026-10-03 09:21:19.599562,DEL,HYD,DEL -> HYD,Air India,Air India,Air India,t+7,t+7,7,7,2026-10-10,Economy,9:40 AM,12:00 PM,140,0,7744.76,387.24,450.0,350.0,8932.0,8932.0,ACTIVE,False,NORMAL,True
DEL -> HYD|Akasa Air|t+7|2:10 PM|4:30 PM|140|0,2026-10-03,2026-10-03 09:21:19.599562,DEL,HYD,DEL -> HYD,Akasa Air,Akasa Air,Akasa Air,t+7,t+7,7,7,2026-10-10,Economy,2:10 PM,4:30 PM,140,0,8000.0,400.0,450.0,350.0,9200.0,9200.0,ACTIVE,False,NORMAL,True
DEL -> HYD|Akasa Air|t+7|8:40 PM|11:10 PM|150|0,2026-10-03,2026-10-03 09:21:19.599562,DEL,HYD,DEL -> HYD,Akasa Air,Akasa Air,Akasa Air,t+7,t+7,7,7,2026-10-10,Economy,8:40 PM,11:10 PM,150,0,8000.0,400.0,450.0,350.0,9200.0,9200.0,ACTIVE,False,NORMAL,True
DEL -> HYD|IndiGo|t+7|11:15 PM|1:30 AM+1|135|0,2026-10-03,2026-10-03 09:21:19.599562,DEL,HYD,DEL -> HYD,IndiGo,IndiGo,IndiGo,t+7,t+7,7,7,2026-10-10,Economy,11:15 PM,1:30 AM+1,135,0,7689.52,384.48,450.0,350.0,8874.0,8874.0,ACTIVE,False,NORMAL,True
DEL -> HYD|IndiGo|t+7|11:45 AM|2:00 PM|135|0,2026-10-03,2026-10-03 09:21:19.599562,DEL,HYD,DEL -> HYD,IndiGo,IndiGo,IndiGo,t+7,t+7,7,7,2026-10-10,Economy,11:45 AM,2:00 PM,135,0,7689.52,384.48,450.0,350.0,8874.0,8874.0,ACTIVE,False,NORMAL,True
DEL -> HYD|IndiGo|t+7|1:30 PM|3:45 PM|135|0,2026-10-03,2026-10-03 09:21:19.599562,DEL,HYD,DEL -> HYD,IndiGo,IndiGo,IndiGo,t+7,t+7,7,7,2026-10-10,Economy,1:30 PM,3:45 PM,135,0,8142.86,407.14,450.0,350.0,9350.0,9350.0,ACTIVE,False,NORMAL,True
DEL -> HYD|IndiGo|t+7|2:25 AM|4:40 AM|135|0,2026-10-03,2026-10-03 09:21:19.599562,DEL,HYD,DEL -> HYD,IndiGo,IndiGo,IndiGo,t+7,t+7,7,7,2026-10-10,Economy,2:25 AM,4:40 AM,135,0,7689.52,384.48,450.0,350.0,8874.0,8874.0,ACTIVE,False,NORMAL,True
DEL -> HYD|IndiGo|t+7|2:45 PM|5:05 PM|140|0,2026-10-03,2026-10-03 09:21:19.599562,DEL,HYD,DEL -> HYD,IndiGo,IndiGo,IndiGo,t+7,t+7,7,7,2026-10-10,Economy,2:45 PM,5:05 PM,140,0,7689.52,384.48,450.0,350.0,8874.0,8874.0,ACTIVE,False,NORMAL,True
DEL -> HYD|IndiGo|t+7|4:15 PM|6:30 PM|135|0,2026-10-03,2026-10-03 09:21:19.599562,DEL,HYD,DEL -> HYD,IndiGo,IndiGo,IndiGo,t+7,t+7,7,7,2026-10-10,Economy,4:15 PM,6:30 PM,135,0,7689.52,384.48,450.0,350.0,8874.0,8874.0,ACTIVE,False,NORMAL,True
DEL -> HYD|IndiGo|t+7|5:30 AM|7:50 AM|140|0,2026-10-03,2026-10-03 09:21:19.599562,DEL,HYD,DEL -> HYD,IndiGo,IndiGo,IndiGo,t+7,t+7,7,7,2026-10-10,Economy,5:30 AM,7:50 AM,140,0,7689.52,384.48,450.0,350.0,8874.0,8874.0,ACTIVE,False,NORMAL,False
DEL -> HYD|IndiGo|t+7|5:55 PM|8:15 PM|140|0,2026-10-03,2026-10-03 09:21:19.599562,DEL,HYD,DEL -> HYD,IndiGo,IndiGo,IndiGo,t+7,t+7,7,7,2026-10-10,Economy,5:55 PM,8:15 PM,140,0,7689.52,384.48,450.0,350.0,8874.0,8874.0,ACTIVE,False,NORMAL,True
DEL -> HYD|IndiGo|t+7|7:10 AM|9:20 AM|130|0,2026-10-03,2026-10-03 09:21:19.599562,DEL,HYD,DEL -> HYD,IndiGo,IndiGo,IndiGo,t+7,t+7,7,7,2026-10-10,Economy,7:10 AM,9:20 AM,130,0,7689.52,384.48,450.0,350.0,8874.0,8874.0,ACTIVE,False,NORMAL,True
DEL -> HYD|IndiGo|t+7|7:45 PM|10:05 PM|140|0,2026-10-03,2026-10-03 09:21:19.599562,DEL,HYD,DEL -> HYD,IndiGo,IndiGo,IndiGo,t+7,t+7,7,7,2026-10-10,Economy,7:45 PM,10:05 PM,140,0,7689.52,384.48,450.0,350.0,8874.0,8874.0,ACTIVE,False,NORMAL,True
DEL -> HYD|IndiGo|t+7|8:30 AM|10:45 AM|135|0,2026-10-03,2026-10-03 09:21:19.599562,DEL,HYD,DEL -> HYD,IndiGo,IndiGo,IndiGo,t+7,t+7,7,7,2026-10-10,Economy,8:30 AM,10:45 AM,135,0,7689.52,384.48,450.0,350.0,8874.0,8874.0,ACTIVE,False,NORMAL,True
DEL -> HYD|IndiGo|t+7|9:00 PM|11:15 PM|135|0,2026-10-03,2026-10-03 09:21:19.599562,DEL,HYD,DEL -> HYD,IndiGo,IndiGo,IndiGo,t+7,t+7,7,7,2026-10-10,Economy,9:00 PM,11:15 PM,135,0,7689.52,384.48,450.0,350.0,8874.0,8874.0,ACTIVE,False,NORMAL,True
DEL -> HYD|IndiGo|t+7|9:55 AM|12:20 PM|145|0,2026-10-03,2026-10-03 09:21:19.599562,DEL,HYD,DEL -> HYD,IndiGo,IndiGo,IndiGo,t+7,t+7,7,7,2026-10-10,Economy,9:55 AM,12:20 PM,145,0,7689.52,384.48,450.0,350.0,8874.0,8874.0,ACTIVE,False,NORMAL,True
DEL -> HYD|Air India|t+1|10:00 PM|12:20 AM+1|140|0,2026-10-04,2026-10-04 09:59:43.771007,DEL,HYD,DEL -> HYD,Air India,Air India,Air India,t+1,t+1,1,1,2026-10-05,Economy,10:00 PM,12:20 AM+1,140,0,9149.52,457.48,450.0,350.0,10407.0,10407.0,ACTIVE,False,NORMAL,True
DEL -> HYD|Air India|t+1|11:00 PM|1:20 AM+1|140|0,2026-10-04,2026-10-04 09:59:43.771007,DEL,HYD,DEL -> HYD,Air India,Air India,Air India,t+1,t+1,1,1,2026-10-05,Economy,11:00 PM,1:20 AM+1,140,0,8649.52,432.48,450.0,350.0,9882.0,9882.0,ACTIVE,False,NORMAL,True
DEL -> HYD|Air India|t+1|12:30 PM|2:45 PM|135|0,2026-10-04,2026-10-04 09:59:43.771007,DEL,HYD,DEL -> HYD,Air India,Air India,Air India,t+1,t+1,1,1,2026-10-05,Economy,12:30 PM,2:45 PM,135,0,9740.0,487.0,450.0,350.0,11027.0,11027.0,ACTIVE,False,NORMAL,False
DEL -> HYD|Air India|t+1|2:00 AM|4:20 AM|140|0,2026-10-04,2026-10-04 09:59:43.771007,DEL,HYD,DEL -> HYD,Air India,Air India,Air India,t+1,t+1,1,1,2026-10-05,Economy,2:00 AM,4:20 AM,140,0,15100.0,755.0,450.0,350.0,16655.0,16655.0,ACTIVE,True,HIGH_SPIKE,True
DEL -> HYD|Air India|t+1|2:30 PM|4:40 PM|130|0,2026-10-04,2026-10-04 09:59:43.771007,DEL,HYD,DEL -> HYD,Air India,Air India,Air India,t+1,t+1,1,1,2026-10-05,Economy,2:30 PM,4:40 PM,130,0,8500.0,425.0,450.0,350.0,9725.0,9725.0,ACTIVE,False,NORMAL,True
DEL -> HYD|Air India|t+1|3:30 PM|5:55 PM|145|0,2026-10-04,2026-10-04 09:59:43.771007,DEL,HYD,DEL -> HYD,Air India,Air India,Air India,t+1,t+1,1,1,2026-10-05,Economy,3:30 PM,5:55 PM,145,0,9740.0,487.0,450.0,350.0,11027.0,11027.0,ACTIVE,False,NORMAL,False
DEL -> HYD|Air India|t+1|6:00 PM|8:20 PM|140|0,2026-10-04,2026-10-04 09:59:43.771007,DEL,HYD,DEL -> HYD,Air India,Air India,Air India,t+1,t+1,1,1,2026-10-05,Economy,6:00 PM,8:20 PM,140,0,10314.29,515.71,450.0,350.0,11630.0,11630.0,ACTIVE,False,NORMAL,True
DEL -> HYD|Air India|t+1|7:00 AM|9:20 AM|140|0,2026-10-04,2026-10-04 09:59:43.771007,DEL,HYD,DEL -> HYD,Air India,Air India,Air India,t+1,t+1,1,1,2026-10-05,Economy,7:00 AM,9:20 AM,140,0,21609.52,1080.48,450.0,350.0,23490.0,23490.0,NEW_INVENTORY,True,HIGH_SPIKE,False
DEL -> HYD|Air India|t+1|8:30 PM|10:50 PM|140|0,2026-10-04,2026-10-04 09:59:43.771007,DEL,HYD,DEL -> HYD,Air India,Air India,Air India,t+1,t+1,1,1,2026-10-05,Economy,8:30 PM,10:50 PM,140,0,11584.76,579.24,450.0,350.0,12964.0,12964.0,ACTIVE,True,HIGH_SPIKE,True
DEL -> HYD|Air India|t+1|9:40 AM|12:00 PM|140|0,2026-10-04,2026-10-04 09:59:43.771007,DEL,HYD,DEL -> HYD,Air India,Air India,Air India,t+1,t+1,1,1,2026-10-05,Economy,9:40 AM,12:00 PM,140,0,20609.52,1030.48,450.0,350.0,22440.0,22440.0,ACTIVE,True,HIGH_SPIKE,True
DEL -> HYD|Akasa Air|t+1|2:10 PM|4:30 PM|140|0,2026-10-04,2026-10-04 09:59:43.771007,DEL,HYD,DEL -> HYD,Akasa Air,Akasa Air,Akasa Air,t+1,t+1,1,1,2026-10-05,Economy,2:10 PM,4:30 PM,140,0,11291.43,564.57,450.0,350.0,12656.0,12656.0,ACTIVE,True,HIGH_SPIKE,True
DEL -> HYD|Akasa Air|t+1|8:40 PM|11:10 PM|150|0,2026-10-04,2026-10-04 09:59:43.771007,DEL,HYD,DEL -> HYD,Akasa Air,Akasa Air,Akasa Air,t+1,t+1,1,1,2026-10-05,Economy,8:40 PM,11:10 PM,150,0,9320.0,466.0,450.0,350.0,10586.0,10586.0,ACTIVE,False,NORMAL,True
DEL -> HYD|IndiGo|t+1|11:15 PM|1:30 AM+1|135|0,2026-10-04,2026-10-04 09:59:43.771007,DEL,HYD,DEL -> HYD,IndiGo,IndiGo,IndiGo,t+1,t+1,1,1,2026-10-05,Economy,11:15 PM,1:30 AM+1,135,0,9138.1,456.9,450.0,350.0,10395.0,10395.0,ACTIVE,False,NORMAL,True
DEL -> HYD|IndiGo|t+1|11:45 AM|2:00 PM|135|0,2026-10-04,2026-10-04 09:59:43.771007,DEL,HYD,DEL -> HYD,IndiGo,IndiGo,IndiGo,t+1,t+1,1,1,2026-10-05,Economy,11:45 AM,2:00 PM,135,0,14587.62,729.38,450.0,350.0,16117.0,16117.0,ACTIVE,True,HIGH_SPIKE,True
DEL -> HYD|IndiGo|t+1|1:30 PM|3:45 PM|135|0,2026-10-04,2026-10-04 09:59:43.771007,DEL,HYD,DEL -> HYD,IndiGo,IndiGo,IndiGo,t+1,t+1,1,1,2026-10-05,Economy,1:30 PM,3:45 PM,135,0,12966.67,648.33,450.0,350.0,14415.0,14415.0,ACTIVE,True,HIGH_SPIKE,True
DEL -> HYD|IndiGo|t+1|2:25 AM|4:40 AM|135|0,2026-10-04,2026-10-04 09:59:43.771007,DEL,HYD,DEL -> HYD,IndiGo,IndiGo,IndiGo,t+1,t+1,1,1,2026-10-05,Economy,2:25 AM,4:40 AM,135,0,14587.62,729.38,450.0,350.0,16117.0,16117.0,ACTIVE,True,HIGH_SPIKE,False
DEL -> HYD|IndiGo|t+1|2:45 PM|5:05 PM|140|0,2026-10-04,2026-10-04 09:59:43.771007,DEL,HYD,DEL -> HYD,IndiGo,IndiGo,IndiGo,t+1,t+1,1,1,2026-10-05,Economy,2:45 PM,5:05 PM,140,0,10260.95,513.05,450.0,350.0,11574.0,11574.0,ACTIVE,False,NORMAL,False
DEL -> HYD|IndiGo|t+1|4:15 PM|6:30 PM|135|0,2026-10-04,2026-10-04 09:59:43.771007,DEL,HYD,DEL -> HYD,IndiGo,IndiGo,IndiGo,t+1,t+1,1,1,2026-10-05,Economy,4:15 PM,6:30 PM,135,0,9681.9,484.1,450.0,350.0,10966.0,10966.0,ACTIVE,False,NORMAL,True
DEL -> HYD|IndiGo|t+1|5:30 AM|7:50 AM|140|0,2026-10-04,2026-10-04 09:59:43.771007,DEL,HYD,DEL -> HYD,IndiGo,IndiGo,IndiGo,t+1,t+1,1,1,2026-10-05,Economy,5:30 AM,7:50 AM,140,0,14587.62,729.38,450.0,350.0,16117.0,16117.0,ACTIVE,True,HIGH_SPIKE,False
DEL -> HYD|IndiGo|t+1|5:55 PM|8:15 PM|140|0,2026-10-04,2026-10-04 09:59:43.771007,DEL,HYD,DEL -> HYD,IndiGo,IndiGo,IndiGo,t+1,t+1,1,1,2026-10-05,Economy,5:55 PM,8:15 PM,140,0,10260.95,513.05,450.0,350.0,11574.0,11574.0,ACTIVE,False,NORMAL,True
DEL -> HYD|IndiGo|t+1|7:10 AM|9:20 AM|130|0,2026-10-04,2026-10-04 09:59:43.771007,DEL,HYD,DEL -> HYD,IndiGo,IndiGo,IndiGo,t+1,t+1,1,1,2026-10-05,Economy,7:10 AM,9:20 AM,130,0,20834.29,1041.71,450.0,350.0,22676.0,22676.0,DEPLETED_SUBSEQUENT_DAY,True,HIGH_SPIKE,False
DEL -> HYD|IndiGo|t+1|7:45 PM|10:05 PM|140|0,2026-10-04,2026-10-04 09:59:43.771007,DEL,HYD,DEL -> HYD,IndiGo,IndiGo,IndiGo,t+1,t+1,1,1,2026-10-05,Economy,7:45 PM,10:05 PM,140,0,10877.14,543.86,450.0,350.0,12221.0,12221.0,ACTIVE,False,NORMAL,True
DEL -> HYD|IndiGo|t+1|8:30 AM|10:45 AM|135|0,2026-10-04,2026-10-04 09:59:43.771007,DEL,HYD,DEL -> HYD,IndiGo,IndiGo,IndiGo,t+1,t+1,1,1,2026-10-05,Economy,8:30 AM,10:45 AM,135,0,20834.29,1041.71,450.0,350.0,22676.0,22676.0,ACTIVE,True,HIGH_SPIKE,True
DEL -> HYD|IndiGo|t+1|9:00 PM|11:15 PM|135|0,2026-10-04,2026-10-04 09:59:43.771007,DEL,HYD,DEL -> HYD,IndiGo,IndiGo,IndiGo,t+1,t+1,1,1,2026-10-05,Economy,9:00 PM,11:15 PM,135,0,9681.9,484.1,450.0,350.0,10966.0,10966.0,ACTIVE,False,NORMAL,True
DEL -> HYD|IndiGo|t+1|9:55 AM|12:20 PM|145|0,2026-10-04,2026-10-04 09:59:43.771007,DEL,HYD,DEL -> HYD,IndiGo,IndiGo,IndiGo,t+1,t+1,1,1,2026-10-05,Economy,9:55 AM,12:20 PM,145,0,17425.71,871.29,450.0,350.0,19097.0,19097.0,ACTIVE,True,HIGH_SPIKE,True
DEL -> HYD|Air India|t+15|10:00 PM|12:20 AM+1|140|0,2026-10-04,2026-10-04 10:00:03.163430,DEL,HYD,DEL -> HYD,Air India,Air India,Air India,t+15,t+15,15,15,2026-10-19,Economy,10:00 PM,12:20 AM+1,140,0,9189.52,459.48,450.0,350.0,10449.0,10449.0,ACTIVE,False,NORMAL,False
DEL -> HYD|Air India|t+15|10:30 AM|12:50 PM|140|0,2026-10-04,2026-10-04 10:00:03.163430,DEL,HYD,DEL -> HYD,Air India,Air India,Air India,t+15,t+15,15,15,2026-10-19,Economy,10:30 AM,12:50 PM,140,0,8424.76,421.24,450.0,350.0,9646.0,9646.0,ACTIVE,False,NORMAL,False
DEL -> HYD|Air India|t+15|11:00 PM|1:20 AM+1|140|0,2026-10-04,2026-10-04 10:00:03.163430,DEL,HYD,DEL -> HYD,Air India,Air India,Air India,t+15,t+15,15,15,2026-10-19,Economy,11:00 PM,1:20 AM+1,140,0,8680.0,434.0,450.0,350.0,9914.0,9914.0,ACTIVE,False,NORMAL,False
DEL -> HYD|Air India|t+15|2:00 AM|4:20 AM|140|0,2026-10-04,2026-10-04 10:00:03.163430,DEL,HYD,DEL -> HYD,Air India,Air India,Air India,t+15,t+15,15,15,2026-10-19,Economy,2:00 AM,4:20 AM,140,0,9189.52,459.48,450.0,350.0,10449.0,10449.0,ACTIVE,False,NORMAL,True
DEL -> HYD|Air India|t+15|2:30 PM|4:40 PM|130|0,2026-10-04,2026-10-04 10:00:03.163430,DEL,HYD,DEL -> HYD,Air India,Air India,Air India,t+15,t+15,15,15,2026-10-19,Economy,2:30 PM,4:40 PM,130,0,9004.76,450.24,450.0,350.0,10255.0,10255.0,ACTIVE,False,NORMAL,True
DEL -> HYD|Air India|t+15|3:30 PM|5:55 PM|145|0,2026-10-04,2026-10-04 10:00:03.163430,DEL,HYD,DEL -> HYD,Air India,Air India,Air India,t+15,t+15,15,15,2026-10-19,Economy,3:30 PM,5:55 PM,145,0,9189.52,459.48,450.0,350.0,10449.0,10449.0,ACTIVE,False,NORMAL,True
DEL -> HYD|Air India|t+15|6:00 PM|8:20 PM|140|0,2026-10-04,2026-10-04 10:00:03.163430,DEL,HYD,DEL -> HYD,Air India,Air India,Air India,t+15,t+15,15,15,2026-10-19,Economy,6:00 PM,8:20 PM,140,0,9189.52,459.48,450.0,350.0,10449.0,10449.0,ACTIVE,False,NORMAL,True
DEL -> HYD|Air India|t+15|7:00 AM|9:20 AM|140|0,2026-10-04,2026-10-04 10:00:03.163430,DEL,HYD,DEL -> HYD,Air India,Air India,Air India,t+15,t+15,15,15,2026-10-19,Economy,7:00 AM,9:20 AM,140,0,11449.52,572.48,450.0,350.0,12822.0,12822.0,ACTIVE,False,NORMAL,False
DEL -> HYD|Air India|t+15|8:30 PM|10:50 PM|140|0,2026-10-04,2026-10-04 10:00:03.163430,DEL,HYD,DEL -> HYD,Air India,Air India,Air India,t+15,t+15,15,15,2026-10-19,Economy,8:30 PM,10:50 PM,140,0,9189.52,459.48,450.0,350.0,10449.0,10449.0,DEPLETED_SUBSEQUENT_DAY,False,NORMAL,False
DEL -> HYD|Air India|t+15|9:40 AM|12:00 PM|140|0,2026-10-04,2026-10-04 10:00:03.163430,DEL,HYD,DEL -> HYD,Air India,Air India,Air India,t+15,t+15,15,15,2026-10-19,Economy,9:40 AM,12:00 PM,140,0,8194.29,409.71,450.0,350.0,9404.0,9404.0,ACTIVE,False,NORMAL,False
DEL -> HYD|Akasa Air|t+15|2:10 PM|4:30 PM|140|0,2026-10-04,2026-10-04 10:00:03.163430,DEL,HYD,DEL -> HYD,Akasa Air,Akasa Air,Akasa Air,t+15,t+15,15,15,2026-10-19,Economy,2:10 PM,4:30 PM,140,0,8969.52,448.48,450.0,350.0,10218.0,10218.0,ACTIVE,False,NORMAL,True
DEL -> HYD|Akasa Air|t+15|8:40 PM|11:10 PM|150|0,2026-10-04,2026-10-04 10:00:03.163430,DEL,HYD,DEL -> HYD,Akasa Air,Akasa Air,Akasa Air,t+15,t+15,15,15,2026-10-19,Economy,8:40 PM,11:10 PM,150,0,9143.81,457.19,450.0,350.0,10401.0,10401.0,ACTIVE,False,NORMAL,True
DEL -> HYD|IndiGo|t+15|11:15 PM|1:30 AM+1|135|0,2026-10-04,2026-10-04 10:00:03.163430,DEL,HYD,DEL -> HYD,IndiGo,IndiGo,IndiGo,t+15,t+15,15,15,2026-10-19,Economy,11:15 PM,1:30 AM+1,135,0,9140.0,457.0,450.0,350.0,10397.0,10397.0,ACTIVE,False,NORMAL,True
DEL -> HYD|IndiGo|t+15|11:45 AM|2:00 PM|135|0,2026-10-04,2026-10-04 10:00:03.163430,DEL,HYD,DEL -> HYD,IndiGo,IndiGo,IndiGo,t+15,t+15,15,15,2026-10-19,Economy,11:45 AM,2:00 PM,135,0,9140.0,457.0,450.0,350.0,10397.0,10397.0,ACTIVE,False,NORMAL,True
DEL -> HYD|IndiGo|t+15|1:30 PM|3:45 PM|135|0,2026-10-04,2026-10-04 10:00:03.163430,DEL,HYD,DEL -> HYD,IndiGo,IndiGo,IndiGo,t+15,t+15,15,15,2026-10-19,Economy,1:30 PM,3:45 PM,135,0,8626.67,431.33,450.0,350.0,9858.0,9858.0,ACTIVE,False,NORMAL,True
DEL -> HYD|IndiGo|t+15|2:25 AM|4:40 AM|135|0,2026-10-04,2026-10-04 10:00:03.163430,DEL,HYD,DEL -> HYD,IndiGo,IndiGo,IndiGo,t+15,t+15,15,15,2026-10-19,Economy,2:25 AM,4:40 AM,135,0,10879.05,543.95,450.0,350.0,12223.0,12223.0,ACTIVE,False,NORMAL,True
DEL -> HYD|IndiGo|t+15|2:45 PM|5:05 PM|140|0,2026-10-04,2026-10-04 10:00:03.163430,DEL,HYD,DEL -> HYD,IndiGo,IndiGo,IndiGo,t+15,t+15,15,15,2026-10-19,Economy,2:45 PM,5:05 PM,140,0,9683.81,484.19,450.0,350.0,10968.0,10968.0,ACTIVE,False,NORMAL,True
DEL -> HYD|IndiGo|t+15|4:15 PM|6:30 PM|135|0,2026-10-04,2026-10-04 10:00:03.163430,DEL,HYD,DEL -> HYD,IndiGo,IndiGo,IndiGo,t+15,t+15,15,15,2026-10-19,Economy,4:15 PM,6:30 PM,135,0,9683.81,484.19,450.0,350.0,10968.0,10968.0,ACTIVE,False,NORMAL,True
DEL -> HYD|IndiGo|t+15|5:30 AM|7:50 AM|140|0,2026-10-04,2026-10-04 10:00:03.163430,DEL,HYD,DEL -> HYD,IndiGo,IndiGo,IndiGo,t+15,t+15,15,15,2026-10-19,Economy,5:30 AM,7:50 AM,140,0,7692.38,384.62,450.0,350.0,8877.0,8877.0,ACTIVE,False,NORMAL,True
DEL -> HYD|IndiGo|t+15|5:55 PM|8:15 PM|140|0,2026-10-04,2026-10-04 10:00:03.163430,DEL,HYD,DEL -> HYD,IndiGo,IndiGo,IndiGo,t+15,t+15,15,15,2026-10-19,Economy,5:55 PM,8:15 PM,140,0,9140.0,457.0,450.0,350.0,10397.0,10397.0,ACTIVE,False,NORMAL,True
DEL -> HYD|IndiGo|t+15|7:10 AM|9:20 AM|130|0,2026-10-04,2026-10-04 10:00:03.163430,DEL,HYD,DEL -> HYD,IndiGo,IndiGo,IndiGo,t+15,t+15,15,15,2026-10-19,Economy,7:10 AM,9:20 AM,130,0,7692.38,384.62,450.0,350.0,8877.0,8877.0,ACTIVE,False,NORMAL,True
DEL -> HYD|IndiGo|t+15|7:45 PM|10:05 PM|140|0,2026-10-04,2026-10-04 10:00:03.163430,DEL,HYD,DEL -> HYD,IndiGo,IndiGo,IndiGo,t+15,t+15,15,15,2026-10-19,Economy,7:45 PM,10:05 PM,140,0,10262.86,513.14,450.0,350.0,11576.0,11576.0,ACTIVE,False,NORMAL,True
DEL -> HYD|IndiGo|t+15|8:30 AM|10:45 AM|135|0,2026-10-04,2026-10-04 10:00:03.163430,DEL,HYD,DEL -> HYD,IndiGo,IndiGo,IndiGo,t+15,t+15,15,15,2026-10-19,Economy,8:30 AM,10:45 AM,135,0,8144.76,407.24,450.0,350.0,9352.0,9352.0,ACTIVE,False,NORMAL,True
DEL -> HYD|IndiGo|t+15|9:00 PM|11:15 PM|135|0,2026-10-04,2026-10-04 10:00:03.163430,DEL,HYD,DEL -> HYD,IndiGo,IndiGo,IndiGo,t+15,t+15,15,15,2026-10-19,Economy,9:00 PM,11:15 PM,135,0,9140.0,457.0,450.0,350.0,10397.0,10397.0,ACTIVE,False,NORMAL,True
DEL -> HYD|IndiGo|t+15|9:55 AM|12:20 PM|145|0,2026-10-04,2026-10-04 10:00:03.163430,DEL,HYD,DEL -> HYD,IndiGo,IndiGo,IndiGo,t+15,t+15,15,15,2026-10-19,Economy,9:55 AM,12:20 PM,145,0,8144.76,407.24,450.0,350.0,9352.0,9352.0,ACTIVE,False,NORMAL,True
DEL -> HYD|Air India|t+30|10:00 PM|12:15 AM+1|135|0,2026-10-04,2026-10-04 10:00:12.827344,DEL,HYD,DEL -> HYD,Air India,Air India,Air India,t+30,t+30,30,30,2026-11-03,Economy,10:00 PM,12:15 AM+1,135,0,8729.52,436.48,450.0,350.0,9966.0,9966.0,ACTIVE,False,NORMAL,False
DEL -> HYD|Air India|t+30|11:00 AM|1:15 PM|135|0,2026-10-04,2026-10-04 10:00:12.827344,DEL,HYD,DEL -> HYD,Air India,Air India,Air India,t+30,t+30,30,30,2026-11-03,Economy,11:00 AM,1:15 PM,135,0,8729.52,436.48,450.0,350.0,9966.0,9966.0,ACTIVE,False,NORMAL,False
DEL -> HYD|Air India|t+30|11:00 PM|1:15 AM+1|135|0,2026-10-04,2026-10-04 10:00:12.827344,DEL,HYD,DEL -> HYD,Air India,Air India,Air India,t+30,t+30,30,30,2026-11-03,Economy,11:00 PM,1:15 AM+1,135,0,8729.52,436.48,450.0,350.0,9966.0,9966.0,ACTIVE,False,NORMAL,False
DEL -> HYD|Air India|t+30|12:30 PM|2:45 PM|135|0,2026-10-04,2026-10-04 10:00:12.827344,DEL,HYD,DEL -> HYD,Air India,Air India,Air India,t+30,t+30,30,30,2026-11-03,Economy,12:30 PM,2:45 PM,135,0,8729.52,436.48,450.0,350.0,9966.0,9966.0,ACTIVE,False,NORMAL,True
DEL -> HYD|Air India|t+30|2:30 PM|4:45 PM|135|0,2026-10-04,2026-10-04 10:00:12.827344,DEL,HYD,DEL -> HYD,Air India,Air India,Air India,t+30,t+30,30,30,2026-11-03,Economy,2:30 PM,4:45 PM,135,0,9054.29,452.71,450.0,350.0,10307.0,10307.0,ACTIVE,False,NORMAL,False
DEL -> HYD|Air India|t+30|3:30 PM|5:45 PM|135|0,2026-10-04,2026-10-04 10:00:12.827344,DEL,HYD,DEL -> HYD,Air India,Air India,Air India,t+30,t+30,30,30,2026-11-03,Economy,3:30 PM,5:45 PM,135,0,8729.52,436.48,450.0,350.0,9966.0,9966.0,ACTIVE,False,NORMAL,False
DEL -> HYD|Air India|t+30|6:00 PM|8:15 PM|135|0,2026-10-04,2026-10-04 10:00:12.827344,DEL,HYD,DEL -> HYD,Air India,Air India,Air India,t+30,t+30,30,30,2026-11-03,Economy,6:00 PM,8:15 PM,135,0,8729.52,436.48,450.0,350.0,9966.0,9966.0,ACTIVE,False,NORMAL,False
DEL -> HYD|Air India|t+30|7:00 AM|9:15 AM|135|0,2026-10-04,2026-10-04 10:00:12.827344,DEL,HYD,DEL -> HYD,Air India,Air India,Air India,t+30,t+30,30,30,2026-11-03,Economy,7:00 AM,9:15 AM,135,0,8729.52,436.48,450.0,350.0,9966.0,9966.0,ACTIVE,False,NORMAL,False
DEL -> HYD|Air India|t+30|7:30 PM|9:45 PM|135|0,2026-10-04,2026-10-04 10:00:12.827344,DEL,HYD,DEL -> HYD,Air India,Air India,Air India,t+30,t+30,30,30,2026-11-03,Economy,7:30 PM,9:45 PM,135,0,8729.52,436.48,450.0,350.0,9966.0,9966.0,ACTIVE,False,NORMAL,False
DEL -> HYD|Air India|t+30|9:40 AM|11:55 AM|135|0,2026-10-04,2026-10-04 10:00:12.827344,DEL,HYD,DEL -> HYD,Air India,Air India,Air India,t+30,t+30,30,30,2026-11-03,Economy,9:40 AM,11:55 AM,135,0,8729.52,436.48,450.0,350.0,9966.0,9966.0,ACTIVE,False,NORMAL,False
DEL -> HYD|Akasa Air|t+30|2:20 PM|4:45 PM|145|0,2026-10-04,2026-10-04 10:00:12.827344,DEL,HYD,DEL -> HYD,Akasa Air,Akasa Air,Akasa Air,t+30,t+30,30,30,2026-11-03,Economy,2:20 PM,4:45 PM,145,0,8800.0,440.0,450.0,350.0,10040.0,10040.0,ACTIVE,False,NORMAL,False
DEL -> HYD|Akasa Air|t+30|8:35 PM|10:55 PM|140|0,2026-10-04,2026-10-04 10:00:12.827344,DEL,HYD,DEL -> HYD,Akasa Air,Akasa Air,Akasa Air,t+30,t+30,30,30,2026-11-03,Economy,8:35 PM,10:55 PM,140,0,8800.0,440.0,450.0,350.0,10040.0,10040.0,ACTIVE,False,NORMAL,False
DEL -> HYD|IndiGo|t+30|10:00 AM|12:15 PM|135|0,2026-10-04,2026-10-04 10:00:12.827344,DEL,HYD,DEL -> HYD,IndiGo,IndiGo,IndiGo,t+30,t+30,30,30,2026-11-03,Economy,10:00 AM,12:15 PM,135,0,8626.67,431.33,450.0,350.0,9858.0,9858.0,ACTIVE,False,NORMAL,False
DEL -> HYD|IndiGo|t+30|10:30 PM|12:45 AM+1|135|0,2026-10-04,2026-10-04 10:00:12.827344,DEL,HYD,DEL -> HYD,IndiGo,IndiGo,IndiGo,t+30,t+30,30,30,2026-11-03,Economy,10:30 PM,12:45 AM+1,135,0,8626.67,431.33,450.0,350.0,9858.0,9858.0,ACTIVE,False,NORMAL,False
DEL -> HYD|IndiGo|t+30|11:45 AM|2:00 PM|135|0,2026-10-04,2026-10-04 10:00:12.827344,DEL,HYD,DEL -> HYD,IndiGo,IndiGo,IndiGo,t+30,t+30,30,30,2026-11-03,Economy,11:45 AM,2:00 PM,135,0,8626.67,431.33,450.0,350.0,9858.0,9858.0,ACTIVE,False,NORMAL,True
DEL -> HYD|IndiGo|t+30|1:30 PM|3:45 PM|135|0,2026-10-04,2026-10-04 10:00:12.827344,DEL,HYD,DEL -> HYD,IndiGo,IndiGo,IndiGo,t+30,t+30,30,30,2026-11-03,Economy,1:30 PM,3:45 PM,135,0,8626.67,431.33,450.0,350.0,9858.0,9858.0,ACTIVE,False,NORMAL,True
DEL -> HYD|IndiGo|t+30|2:25 AM|4:40 AM|135|0,2026-10-04,2026-10-04 10:00:12.827344,DEL,HYD,DEL -> HYD,IndiGo,IndiGo,IndiGo,t+30,t+30,30,30,2026-11-03,Economy,2:25 AM,4:40 AM,135,0,8626.67,431.33,450.0,350.0,9858.0,9858.0,ACTIVE,False,NORMAL,True
DEL -> HYD|IndiGo|t+30|2:50 PM|5:05 PM|135|0,2026-10-04,2026-10-04 10:00:12.827344,DEL,HYD,DEL -> HYD,IndiGo,IndiGo,IndiGo,t+30,t+30,30,30,2026-11-03,Economy,2:50 PM,5:05 PM,135,0,8626.67,431.33,450.0,350.0,9858.0,9858.0,ACTIVE,False,NORMAL,False
DEL -> HYD|IndiGo|t+30|4:15 PM|6:30 PM|135|0,2026-10-04,2026-10-04 10:00:12.827344,DEL,HYD,DEL -> HYD,IndiGo,IndiGo,IndiGo,t+30,t+30,30,30,2026-11-03,Economy,4:15 PM,6:30 PM,135,0,8626.67,431.33,450.0,350.0,9858.0,9858.0,ACTIVE,False,NORMAL,True
DEL -> HYD|IndiGo|t+30|5:15 AM|7:30 AM|135|0,2026-10-04,2026-10-04 10:00:12.827344,DEL,HYD,DEL -> HYD,IndiGo,IndiGo,IndiGo,t+30,t+30,30,30,2026-11-03,Economy,5:15 AM,7:30 AM,135,0,8626.67,431.33,450.0,350.0,9858.0,9858.0,ACTIVE,False,NORMAL,False
DEL -> HYD|IndiGo|t+30|6:15 PM|8:30 PM|135|0,2026-10-04,2026-10-04 10:00:12.827344,DEL,HYD,DEL -> HYD,IndiGo,IndiGo,IndiGo,t+30,t+30,30,30,2026-11-03,Economy,6:15 PM,8:30 PM,135,0,8626.67,431.33,450.0,350.0,9858.0,9858.0,ACTIVE,False,NORMAL,False
DEL -> HYD|IndiGo|t+30|6:30 AM|8:45 AM|135|0,2026-10-04,2026-10-04 10:00:12.827344,DEL,HYD,DEL -> HYD,IndiGo,IndiGo,IndiGo,t+30,t+30,30,30,2026-11-03,Economy,6:30 AM,8:45 AM,135,0,8626.67,431.33,450.0,350.0,9858.0,9858.0,ACTIVE,False,NORMAL,False
DEL -> HYD|IndiGo|t+30|7:45 PM|10:00 PM|135|0,2026-10-04,2026-10-04 10:00:12.827344,DEL,HYD,DEL -> HYD,IndiGo,IndiGo,IndiGo,t+30,t+30,30,30,2026-11-03,Economy,7:45 PM,10:00 PM,135,0,8626.67,431.33,450.0,350.0,9858.0,9858.0,ACTIVE,False,NORMAL,False
DEL -> HYD|IndiGo|t+30|8:30 AM|10:45 AM|135|0,2026-10-04,2026-10-04 10:00:12.827344,DEL,HYD,DEL -> HYD,IndiGo,IndiGo,IndiGo,t+30,t+30,30,30,2026-11-03,Economy,8:30 AM,10:45 AM,135,0,8626.67,431.33,450.0,350.0,9858.0,9858.0,ACTIVE,False,NORMAL,True
DEL -> HYD|IndiGo|t+30|9:00 PM|11:15 PM|135|0,2026-10-04,2026-10-04 10:00:12.827344,DEL,HYD,DEL -> HYD,IndiGo,IndiGo,IndiGo,t+30,t+30,30,30,2026-11-03,Economy,9:00 PM,11:15 PM,135,0,8626.67,431.33,450.0,350.0,9858.0,9858.0,ACTIVE,False,NORMAL,True
DEL -> HYD|Air India|t+7|10:00 PM|12:20 AM+1|140|0,2026-10-04,2026-10-04 09:59:53.525491,DEL,HYD,DEL -> HYD,Air India,Air India,Air India,t+7,t+7,7,7,2026-10-11,Economy,10:00 PM,12:20 AM+1,140,0,7744.76,387.24,450.0,350.0,8932.0,8932.0,NEW_INVENTORY,False,NORMAL,False
DEL -> HYD|Air India|t+7|10:30 AM|12:50 PM|140|0,2026-10-04,2026-10-04 09:59:53.525491,DEL,HYD,DEL -> HYD,Air India,Air India,Air India,t+7,t+7,7,7,2026-10-11,Economy,10:30 AM,12:50 PM,140,0,8424.76,421.24,450.0,350.0,9646.0,9646.0,DEPLETED_SUBSEQUENT_DAY,False,NORMAL,False
DEL -> HYD|Air India|t+7|12:30 PM|2:45 PM|135|0,2026-10-04,2026-10-04 09:59:53.525491,DEL,HYD,DEL -> HYD,Air India,Air India,Air India,t+7,t+7,7,7,2026-10-11,Economy,12:30 PM,2:45 PM,135,0,9449.52,472.48,450.0,350.0,10722.0,10722.0,ACTIVE,False,NORMAL,False
DEL -> HYD|Air India|t+7|2:00 AM|4:20 AM|140|0,2026-10-04,2026-10-04 09:59:53.525491,DEL,HYD,DEL -> HYD,Air India,Air India,Air India,t+7,t+7,7,7,2026-10-11,Economy,2:00 AM,4:20 AM,140,0,7744.76,387.24,450.0,350.0,8932.0,8932.0,ACTIVE,False,NORMAL,True
DEL -> HYD|Air India|t+7|2:30 PM|4:40 PM|130|0,2026-10-04,2026-10-04 09:59:53.525491,DEL,HYD,DEL -> HYD,Air India,Air India,Air India,t+7,t+7,7,7,2026-10-11,Economy,2:30 PM,4:40 PM,130,0,9794.29,489.71,450.0,350.0,11084.0,11084.0,ACTIVE,False,NORMAL,True
DEL -> HYD|Air India|t+7|3:30 PM|5:55 PM|145|0,2026-10-04,2026-10-04 09:59:53.525491,DEL,HYD,DEL -> HYD,Air India,Air India,Air India,t+7,t+7,7,7,2026-10-11,Economy,3:30 PM,5:55 PM,145,0,9449.52,472.48,450.0,350.0,10722.0,10722.0,ACTIVE,False,NORMAL,True
DEL -> HYD|Air India|t+7|6:00 PM|8:20 PM|140|0,2026-10-04,2026-10-04 09:59:53.525491,DEL,HYD,DEL -> HYD,Air India,Air India,Air India,t+7,t+7,7,7,2026-10-11,Economy,6:00 PM,8:20 PM,140,0,9449.52,472.48,450.0,350.0,10722.0,10722.0,ACTIVE,False,NORMAL,True
DEL -> HYD|Air India|t+7|7:00 AM|9:20 AM|140|0,2026-10-04,2026-10-04 09:59:53.525491,DEL,HYD,DEL -> HYD,Air India,Air India,Air India,t+7,t+7,7,7,2026-10-11,Economy,7:00 AM,9:20 AM,140,0,7744.76,387.24,450.0,350.0,8932.0,8932.0,NEW_INVENTORY,False,NORMAL,False
DEL -> HYD|Air India|t+7|7:30 PM|9:50 PM|140|0,2026-10-04,2026-10-04 09:59:53.525491,DEL,HYD,DEL -> HYD,Air India,Air India,Air India,t+7,t+7,7,7,2026-10-11,Economy,7:30 PM,9:50 PM,140,0,9360.0,468.0,450.0,350.0,10628.0,10628.0,DEPLETED_SUBSEQUENT_DAY,False,NORMAL,False
DEL -> HYD|Air India|t+7|8:30 PM|10:50 PM|140|0,2026-10-04,2026-10-04 09:59:53.525491,DEL,HYD,DEL -> HYD,Air India,Air India,Air India,t+7,t+7,7,7,2026-10-11,Economy,8:30 PM,10:50 PM,140,0,7960.0,398.0,450.0,350.0,9158.0,9158.0,ACTIVE,False,NORMAL,True
DEL -> HYD|Air India|t+7|9:40 AM|12:00 PM|140|0,2026-10-04,2026-10-04 09:59:53.525491,DEL,HYD,DEL -> HYD,Air India,Air India,Air India,t+7,t+7,7,7,2026-10-11,Economy,9:40 AM,12:00 PM,140,0,8574.29,428.71,450.0,350.0,9803.0,9803.0,ACTIVE,False,NORMAL,True
DEL -> HYD|Akasa Air|t+7|2:10 PM|4:30 PM|140|0,2026-10-04,2026-10-04 09:59:53.525491,DEL,HYD,DEL -> HYD,Akasa Air,Akasa Air,Akasa Air,t+7,t+7,7,7,2026-10-11,Economy,2:10 PM,4:30 PM,140,0,8969.52,448.48,450.0,350.0,10218.0,10218.0,ACTIVE,False,NORMAL,True
DEL -> HYD|Akasa Air|t+7|8:40 PM|11:10 PM|150|0,2026-10-04,2026-10-04 09:59:53.525491,DEL,HYD,DEL -> HYD,Akasa Air,Akasa Air,Akasa Air,t+7,t+7,7,7,2026-10-11,Economy,8:40 PM,11:10 PM,150,0,8000.0,400.0,450.0,350.0,9200.0,9200.0,ACTIVE,False,NORMAL,True
DEL -> HYD|IndiGo|t+7|11:15 PM|1:30 AM+1|135|0,2026-10-04,2026-10-04 09:59:53.525491,DEL,HYD,DEL -> HYD,IndiGo,IndiGo,IndiGo,t+7,t+7,7,7,2026-10-11,Economy,11:15 PM,1:30 AM+1,135,0,7689.52,384.48,450.0,350.0,8874.0,8874.0,ACTIVE,False,NORMAL,True
DEL -> HYD|IndiGo|t+7|11:45 AM|2:00 PM|135|0,2026-10-04,2026-10-04 09:59:53.525491,DEL,HYD,DEL -> HYD,IndiGo,IndiGo,IndiGo,t+7,t+7,7,7,2026-10-11,Economy,11:45 AM,2:00 PM,135,0,9138.1,456.9,450.0,350.0,10395.0,10395.0,ACTIVE,False,NORMAL,True
DEL -> HYD|IndiGo|t+7|1:30 PM|3:45 PM|135|0,2026-10-04,2026-10-04 09:59:53.525491,DEL,HYD,DEL -> HYD,IndiGo,IndiGo,IndiGo,t+7,t+7,7,7,2026-10-11,Economy,1:30 PM,3:45 PM,135,0,9138.1,456.9,450.0,350.0,10395.0,10395.0,ACTIVE,False,NORMAL,True
DEL -> HYD|IndiGo|t+7|2:25 AM|4:40 AM|135|0,2026-10-04,2026-10-04 09:59:53.525491,DEL,HYD,DEL -> HYD,IndiGo,IndiGo,IndiGo,t+7,t+7,7,7,2026-10-11,Economy,2:25 AM,4:40 AM,135,0,7689.52,384.48,450.0,350.0,8874.0,8874.0,ACTIVE,False,NORMAL,True
DEL -> HYD|IndiGo|t+7|2:45 PM|5:05 PM|140|0,2026-10-04,2026-10-04 09:59:53.525491,DEL,HYD,DEL -> HYD,IndiGo,IndiGo,IndiGo,t+7,t+7,7,7,2026-10-11,Economy,2:45 PM,5:05 PM,140,0,9138.1,456.9,450.0,350.0,10395.0,10395.0,ACTIVE,False,NORMAL,True
DEL -> HYD|IndiGo|t+7|4:15 PM|6:30 PM|135|0,2026-10-04,2026-10-04 09:59:53.525491,DEL,HYD,DEL -> HYD,IndiGo,IndiGo,IndiGo,t+7,t+7,7,7,2026-10-11,Economy,4:15 PM,6:30 PM,135,0,9138.1,456.9,450.0,350.0,10395.0,10395.0,ACTIVE,False,NORMAL,True
DEL -> HYD|IndiGo|t+7|5:30 AM|7:50 AM|140|0,2026-10-04,2026-10-04 09:59:53.525491,DEL,HYD,DEL -> HYD,IndiGo,IndiGo,IndiGo,t+7,t+7,7,7,2026-10-11,Economy,5:30 AM,7:50 AM,140,0,7689.52,384.48,450.0,350.0,8874.0,8874.0,ACTIVE,False,NORMAL,False
DEL -> HYD|IndiGo|t+7|5:55 PM|8:15 PM|140|0,2026-10-04,2026-10-04 09:59:53.525491,DEL,HYD,DEL -> HYD,IndiGo,IndiGo,IndiGo,t+7,t+7,7,7,2026-10-11,Economy,5:55 PM,8:15 PM,140,0,9138.1,456.9,450.0,350.0,10395.0,10395.0,ACTIVE,False,NORMAL,True
DEL -> HYD|IndiGo|t+7|7:10 AM|9:20 AM|130|0,2026-10-04,2026-10-04 09:59:53.525491,DEL,HYD,DEL -> HYD,IndiGo,IndiGo,IndiGo,t+7,t+7,7,7,2026-10-11,Economy,7:10 AM,9:20 AM,130,0,7689.52,384.48,450.0,350.0,8874.0,8874.0,ACTIVE,False,NORMAL,True
DEL -> HYD|IndiGo|t+7|7:45 PM|10:05 PM|140|0,2026-10-04,2026-10-04 09:59:53.525491,DEL,HYD,DEL -> HYD,IndiGo,IndiGo,IndiGo,t+7,t+7,7,7,2026-10-11,Economy,7:45 PM,10:05 PM,140,0,9138.1,456.9,450.0,350.0,10395.0,10395.0,ACTIVE,False,NORMAL,True
DEL -> HYD|IndiGo|t+7|8:30 AM|10:45 AM|135|0,2026-10-04,2026-10-04 09:59:53.525491,DEL,HYD,DEL -> HYD,IndiGo,IndiGo,IndiGo,t+7,t+7,7,7,2026-10-11,Economy,8:30 AM,10:45 AM,135,0,7689.52,384.48,450.0,350.0,8874.0,8874.0,ACTIVE,False,NORMAL,True
DEL -> HYD|IndiGo|t+7|9:00 PM|11:15 PM|135|0,2026-10-04,2026-10-04 09:59:53.525491,DEL,HYD,DEL -> HYD,IndiGo,IndiGo,IndiGo,t+7,t+7,7,7,2026-10-11,Economy,9:00 PM,11:15 PM,135,0,7689.52,384.48,450.0,350.0,8874.0,8874.0,ACTIVE,False,NORMAL,True
DEL -> HYD|IndiGo|t+7|9:55 AM|12:20 PM|145|0,2026-10-04,2026-10-04 09:59:53.525491,DEL,HYD,DEL -> HYD,IndiGo,IndiGo,IndiGo,t+7,t+7,7,7,2026-10-11,Economy,9:55 AM,12:20 PM,145,0,8142.86,407.14,450.0,350.0,9350.0,9350.0,ACTIVE,False,NORMAL,True
DEL -> HYD|Air India|t+1|10:00 PM|12:20 AM+1|140|0,2026-10-05,2026-10-05 10:44:21.083332,DEL,HYD,DEL -> HYD,Air India,Air India,Air India,t+1,t+1,1,1,2026-10-06,Economy,10:00 PM,12:20 AM+1,140,0,7634.29,381.71,450.0,350.0,8816.0,8816.0,ACTIVE,False,NORMAL,True
DEL -> HYD|Air India|t+1|10:30 AM|12:50 PM|140|0,2026-10-05,2026-10-05 10:44:21.083332,DEL,HYD,DEL -> HYD,Air India,Air India,Air India,t+1,t+1,1,1,2026-10-06,Economy,10:30 AM,12:50 PM,140,0,8194.29,409.71,450.0,350.0,9404.0,9404.0,NEW_INVENTORY,False,NORMAL,False
DEL -> HYD|Air India|t+1|11:00 PM|1:20 AM+1|140|0,2026-10-05,2026-10-05 10:44:21.083332,DEL,HYD,DEL -> HYD,Air India,Air India,Air India,t+1,t+1,1,1,2026-10-06,Economy,11:00 PM,1:20 AM+1,140,0,7634.29,381.71,450.0,350.0,8816.0,8816.0,ACTIVE,False,NORMAL,True
DEL -> HYD|Air India|t+1|12:30 PM|2:45 PM|135|0,2026-10-05,2026-10-05 10:44:21.083332,DEL,HYD,DEL -> HYD,Air India,Air India,Air India,t+1,t+1,1,1,2026-10-06,Economy,12:30 PM,2:45 PM,135,0,7744.76,387.24,450.0,350.0,8932.0,8932.0,ACTIVE,False,NORMAL,False
DEL -> HYD|Air India|t+1|2:00 AM|4:20 AM|140|0,2026-10-05,2026-10-05 10:44:21.083332,DEL,HYD,DEL -> HYD,Air India,Air India,Air India,t+1,t+1,1,1,2026-10-06,Economy,2:00 AM,4:20 AM,140,0,7744.76,387.24,450.0,350.0,8932.0,8932.0,ACTIVE,False,NORMAL,True
DEL -> HYD|Air India|t+1|2:30 PM|4:40 PM|130|0,2026-10-05,2026-10-05 10:44:21.083332,DEL,HYD,DEL -> HYD,Air India,Air India,Air India,t+1,t+1,1,1,2026-10-06,Economy,2:30 PM,4:40 PM,130,0,8029.52,401.48,450.0,350.0,9231.0,9231.0,ACTIVE,False,NORMAL,True
DEL -> HYD|Air India|t+1|3:30 PM|5:55 PM|145|0,2026-10-05,2026-10-05 10:44:21.083332,DEL,HYD,DEL -> HYD,Air India,Air India,Air India,t+1,t+1,1,1,2026-10-06,Economy,3:30 PM,5:55 PM,145,0,7744.76,387.24,450.0,350.0,8932.0,8932.0,ACTIVE,False,NORMAL,False
DEL -> HYD|Air India|t+1|6:00 PM|8:20 PM|140|0,2026-10-05,2026-10-05 10:44:21.083332,DEL,HYD,DEL -> HYD,Air India,Air India,Air India,t+1,t+1,1,1,2026-10-06,Economy,6:00 PM,8:20 PM,140,0,7744.76,387.24,450.0,350.0,8932.0,8932.0,ACTIVE,False,NORMAL,True
DEL -> HYD|Air India|t+1|7:00 AM|9:20 AM|140|0,2026-10-05,2026-10-05 10:44:21.083332,DEL,HYD,DEL -> HYD,Air India,Air India,Air India,t+1,t+1,1,1,2026-10-06,Economy,7:00 AM,9:20 AM,140,0,10314.29,515.71,450.0,350.0,11630.0,11630.0,ACTIVE,False,NORMAL,False
DEL -> HYD|Air India|t+1|8:30 PM|10:50 PM|140|0,2026-10-05,2026-10-05 10:44:21.083332,DEL,HYD,DEL -> HYD,Air India,Air India,Air India,t+1,t+1,1,1,2026-10-06,Economy,8:30 PM,10:50 PM,140,0,7744.76,387.24,450.0,350.0,8932.0,8932.0,ACTIVE,False,NORMAL,True
DEL -> HYD|Air India|t+1|9:40 AM|12:00 PM|140|0,2026-10-05,2026-10-05 10:44:21.083332,DEL,HYD,DEL -> HYD,Air India,Air India,Air India,t+1,t+1,1,1,2026-10-06,Economy,9:40 AM,12:00 PM,140,0,20609.52,1030.48,450.0,350.0,22440.0,22440.0,ACTIVE,True,HIGH_SPIKE,True
DEL -> HYD|Akasa Air|t+1|2:10 PM|4:30 PM|140|0,2026-10-05,2026-10-05 10:44:21.083332,DEL,HYD,DEL -> HYD,Akasa Air,Akasa Air,Akasa Air,t+1,t+1,1,1,2026-10-06,Economy,2:10 PM,4:30 PM,140,0,8000.0,400.0,450.0,350.0,9200.0,9200.0,ACTIVE,False,NORMAL,True
DEL -> HYD|Akasa Air|t+1|8:40 PM|11:10 PM|150|0,2026-10-05,2026-10-05 10:44:21.083332,DEL,HYD,DEL -> HYD,Akasa Air,Akasa Air,Akasa Air,t+1,t+1,1,1,2026-10-06,Economy,8:40 PM,11:10 PM,150,0,8000.0,400.0,450.0,350.0,9200.0,9200.0,ACTIVE,False,NORMAL,True
DEL -> HYD|IndiGo|t+1|11:15 PM|1:30 AM+1|135|0,2026-10-05,2026-10-05 10:44:21.083332,DEL,HYD,DEL -> HYD,IndiGo,IndiGo,IndiGo,t+1,t+1,1,1,2026-10-06,Economy,11:15 PM,1:30 AM+1,135,0,7689.52,384.48,450.0,350.0,8874.0,8874.0,ACTIVE,False,NORMAL,True
DEL -> HYD|IndiGo|t+1|11:45 AM|2:00 PM|135|0,2026-10-05,2026-10-05 10:44:21.083332,DEL,HYD,DEL -> HYD,IndiGo,IndiGo,IndiGo,t+1,t+1,1,1,2026-10-06,Economy,11:45 AM,2:00 PM,135,0,7689.52,384.48,450.0,350.0,8874.0,8874.0,ACTIVE,False,NORMAL,True
DEL -> HYD|IndiGo|t+1|1:30 PM|3:45 PM|135|0,2026-10-05,2026-10-05 10:44:21.083332,DEL,HYD,DEL -> HYD,IndiGo,IndiGo,IndiGo,t+1,t+1,1,1,2026-10-06,Economy,1:30 PM,3:45 PM,135,0,7689.52,384.48,450.0,350.0,8874.0,8874.0,ACTIVE,False,NORMAL,True
DEL -> HYD|IndiGo|t+1|2:25 AM|4:40 AM|135|0,2026-10-05,2026-10-05 10:44:21.083332,DEL,HYD,DEL -> HYD,IndiGo,IndiGo,IndiGo,t+1,t+1,1,1,2026-10-06,Economy,2:25 AM,4:40 AM,135,0,7689.52,384.48,450.0,350.0,8874.0,8874.0,ACTIVE,False,NORMAL,False
DEL -> HYD|IndiGo|t+1|2:45 PM|5:05 PM|140|0,2026-10-05,2026-10-05 10:44:21.083332,DEL,HYD,DEL -> HYD,IndiGo,IndiGo,IndiGo,t+1,t+1,1,1,2026-10-06,Economy,2:45 PM,5:05 PM,140,0,7689.52,384.48,450.0,350.0,8874.0,8874.0,ACTIVE,False,NORMAL,False
DEL -> HYD|IndiGo|t+1|4:15 PM|6:30 PM|135|0,2026-10-05,2026-10-05 10:44:21.083332,DEL,HYD,DEL -> HYD,IndiGo,IndiGo,IndiGo,t+1,t+1,1,1,2026-10-06,Economy,4:15 PM,6:30 PM,135,0,7689.52,384.48,450.0,350.0,8874.0,8874.0,ACTIVE,False,NORMAL,True
DEL -> HYD|IndiGo|t+1|5:30 AM|7:50 AM|140|0,2026-10-05,2026-10-05 10:44:21.083332,DEL,HYD,DEL -> HYD,IndiGo,IndiGo,IndiGo,t+1,t+1,1,1,2026-10-06,Economy,5:30 AM,7:50 AM,140,0,7689.52,384.48,450.0,350.0,8874.0,8874.0,ACTIVE,False,NORMAL,False
DEL -> HYD|IndiGo|t+1|5:55 PM|8:15 PM|140|0,2026-10-05,2026-10-05 10:44:21.083332,DEL,HYD,DEL -> HYD,IndiGo,IndiGo,IndiGo,t+1,t+1,1,1,2026-10-06,Economy,5:55 PM,8:15 PM,140,0,7689.52,384.48,450.0,350.0,8874.0,8874.0,ACTIVE,False,NORMAL,True
DEL -> HYD|IndiGo|t+1|7:45 PM|10:05 PM|140|0,2026-10-05,2026-10-05 10:44:21.083332,DEL,HYD,DEL -> HYD,IndiGo,IndiGo,IndiGo,t+1,t+1,1,1,2026-10-06,Economy,7:45 PM,10:05 PM,140,0,7689.52,384.48,450.0,350.0,8874.0,8874.0,ACTIVE,False,NORMAL,True
DEL -> HYD|IndiGo|t+1|8:30 AM|10:45 AM|135|0,2026-10-05,2026-10-05 10:44:21.083332,DEL,HYD,DEL -> HYD,IndiGo,IndiGo,IndiGo,t+1,t+1,1,1,2026-10-06,Economy,8:30 AM,10:45 AM,135,0,8624.76,431.24,450.0,350.0,9856.0,9856.0,ACTIVE,False,NORMAL,True
DEL -> HYD|IndiGo|t+1|9:00 PM|11:15 PM|135|0,2026-10-05,2026-10-05 10:44:21.083332,DEL,HYD,DEL -> HYD,IndiGo,IndiGo,IndiGo,t+1,t+1,1,1,2026-10-06,Economy,9:00 PM,11:15 PM,135,0,7689.52,384.48,450.0,350.0,8874.0,8874.0,ACTIVE,False,NORMAL,True
DEL -> HYD|IndiGo|t+1|9:55 AM|12:20 PM|145|0,2026-10-05,2026-10-05 10:44:21.083332,DEL,HYD,DEL -> HYD,IndiGo,IndiGo,IndiGo,t+1,t+1,1,1,2026-10-06,Economy,9:55 AM,12:20 PM,145,0,8142.86,407.14,450.0,350.0,9350.0,9350.0,ACTIVE,False,NORMAL,True
DEL -> HYD|Air India|t+15|10:00 PM|12:20 AM+1|140|0,2026-10-05,2026-10-05 10:44:39.874207,DEL,HYD,DEL -> HYD,Air India,Air India,Air India,t+15,t+15,15,15,2026-10-20,Economy,10:00 PM,12:20 AM+1,140,0,9189.52,459.48,450.0,350.0,10449.0,10449.0,ACTIVE,False,NORMAL,False
DEL -> HYD|Air India|t+15|10:30 AM|12:50 PM|140|0,2026-10-05,2026-10-05 10:44:39.874207,DEL,HYD,DEL -> HYD,Air India,Air India,Air India,t+15,t+15,15,15,2026-10-20,Economy,10:30 AM,12:50 PM,140,0,9189.52,459.48,450.0,350.0,10449.0,10449.0,ACTIVE,False,NORMAL,False
DEL -> HYD|Air India|t+15|11:00 PM|1:20 AM+1|140|0,2026-10-05,2026-10-05 10:44:39.874207,DEL,HYD,DEL -> HYD,Air India,Air India,Air India,t+15,t+15,15,15,2026-10-20,Economy,11:00 PM,1:20 AM+1,140,0,8680.0,434.0,450.0,350.0,9914.0,9914.0,ACTIVE,False,NORMAL,False
DEL -> HYD|Air India|t+15|12:30 PM|2:45 PM|135|0,2026-10-05,2026-10-05 10:44:39.874207,DEL,HYD,DEL -> HYD,Air India,Air India,Air India,t+15,t+15,15,15,2026-10-20,Economy,12:30 PM,2:45 PM,135,0,8680.0,434.0,450.0,350.0,9914.0,9914.0,NEW_INVENTORY,False,NORMAL,False
DEL -> HYD|Air India|t+15|2:00 AM|4:20 AM|140|0,2026-10-05,2026-10-05 10:44:39.874207,DEL,HYD,DEL -> HYD,Air India,Air India,Air India,t+15,t+15,15,15,2026-10-20,Economy,2:00 AM,4:20 AM,140,0,8680.0,434.0,450.0,350.0,9914.0,9914.0,ACTIVE,False,NORMAL,True
DEL -> HYD|Air India|t+15|2:30 PM|4:40 PM|130|0,2026-10-05,2026-10-05 10:44:39.874207,DEL,HYD,DEL -> HYD,Air India,Air India,Air India,t+15,t+15,15,15,2026-10-20,Economy,2:30 PM,4:40 PM,130,0,9534.29,476.71,450.0,350.0,10811.0,10811.0,ACTIVE,False,NORMAL,True
DEL -> HYD|Air India|t+15|3:30 PM|5:55 PM|145|0,2026-10-05,2026-10-05 10:44:39.874207,DEL,HYD,DEL -> HYD,Air India,Air India,Air India,t+15,t+15,15,15,2026-10-20,Economy,3:30 PM,5:55 PM,145,0,9189.52,459.48,450.0,350.0,10449.0,10449.0,ACTIVE,False,NORMAL,True
DEL -> HYD|Air India|t+15|6:00 PM|8:20 PM|140|0,2026-10-05,2026-10-05 10:44:39.874207,DEL,HYD,DEL -> HYD,Air India,Air India,Air India,t+15,t+15,15,15,2026-10-20,Economy,6:00 PM,8:20 PM,140,0,12764.76,638.24,450.0,350.0,14203.0,14203.0,ACTIVE,False,NORMAL,True
DEL -> HYD|Air India|t+15|7:00 AM|9:20 AM|140|0,2026-10-05,2026-10-05 10:44:39.874207,DEL,HYD,DEL -> HYD,Air India,Air India,Air India,t+15,t+15,15,15,2026-10-20,Economy,7:00 AM,9:20 AM,140,0,8680.0,434.0,450.0,350.0,9914.0,9914.0,ACTIVE,False,NORMAL,False
DEL -> HYD|Air India|t+15|9:40 AM|12:00 PM|140|0,2026-10-05,2026-10-05 10:44:39.874207,DEL,HYD,DEL -> HYD,Air India,Air India,Air India,t+15,t+15,15,15,2026-10-20,Economy,9:40 AM,12:00 PM,140,0,8680.0,434.0,450.0,350.0,9914.0,9914.0,ACTIVE,False,NORMAL,False
DEL -> HYD|Akasa Air|t+15|2:10 PM|4:30 PM|140|0,2026-10-05,2026-10-05 10:44:39.874207,DEL,HYD,DEL -> HYD,Akasa Air,Akasa Air,Akasa Air,t+15,t+15,15,15,2026-10-20,Economy,2:10 PM,4:30 PM,140,0,9871.43,493.57,450.0,350.0,11165.0,11165.0,ACTIVE,False,NORMAL,True
DEL -> HYD|Akasa Air|t+15|8:40 PM|11:10 PM|150|0,2026-10-05,2026-10-05 10:44:39.874207,DEL,HYD,DEL -> HYD,Akasa Air,Akasa Air,Akasa Air,t+15,t+15,15,15,2026-10-20,Economy,8:40 PM,11:10 PM,150,0,9143.81,457.19,450.0,350.0,10401.0,10401.0,ACTIVE,False,NORMAL,True
DEL -> HYD|IndiGo|t+15|11:15 PM|1:30 AM+1|135|0,2026-10-05,2026-10-05 10:44:39.874207,DEL,HYD,DEL -> HYD,IndiGo,IndiGo,IndiGo,t+15,t+15,15,15,2026-10-20,Economy,11:15 PM,1:30 AM+1,135,0,10879.05,543.95,450.0,350.0,12223.0,12223.0,ACTIVE,False,NORMAL,True
DEL -> HYD|IndiGo|t+15|11:45 AM|2:00 PM|135|0,2026-10-05,2026-10-05 10:44:39.874207,DEL,HYD,DEL -> HYD,IndiGo,IndiGo,IndiGo,t+15,t+15,15,15,2026-10-20,Economy,11:45 AM,2:00 PM,135,0,7692.38,384.62,450.0,350.0,8877.0,8877.0,ACTIVE,False,NORMAL,True
DEL -> HYD|IndiGo|t+15|1:30 PM|3:45 PM|135|0,2026-10-05,2026-10-05 10:44:39.874207,DEL,HYD,DEL -> HYD,IndiGo,IndiGo,IndiGo,t+15,t+15,15,15,2026-10-20,Economy,1:30 PM,3:45 PM,135,0,9140.0,457.0,450.0,350.0,10397.0,10397.0,ACTIVE,False,NORMAL,True
DEL -> HYD|IndiGo|t+15|2:25 AM|4:40 AM|135|0,2026-10-05,2026-10-05 10:44:39.874207,DEL,HYD,DEL -> HYD,IndiGo,IndiGo,IndiGo,t+15,t+15,15,15,2026-10-20,Economy,2:25 AM,4:40 AM,135,0,13755.24,687.76,450.0,350.0,15243.0,15243.0,ACTIVE,True,HIGH_SPIKE,True
DEL -> HYD|IndiGo|t+15|2:45 PM|5:05 PM|140|0,2026-10-05,2026-10-05 10:44:39.874207,DEL,HYD,DEL -> HYD,IndiGo,IndiGo,IndiGo,t+15,t+15,15,15,2026-10-20,Economy,2:45 PM,5:05 PM,140,0,9683.81,484.19,450.0,350.0,10968.0,10968.0,ACTIVE,False,NORMAL,True
DEL -> HYD|IndiGo|t+15|4:15 PM|6:30 PM|135|0,2026-10-05,2026-10-05 10:44:39.874207,DEL,HYD,DEL -> HYD,IndiGo,IndiGo,IndiGo,t+15,t+15,15,15,2026-10-20,Economy,4:15 PM,6:30 PM,135,0,10262.86,513.14,450.0,350.0,11576.0,11576.0,ACTIVE,False,NORMAL,True
DEL -> HYD|IndiGo|t+15|5:30 AM|7:50 AM|140|0,2026-10-05,2026-10-05 10:44:39.874207,DEL,HYD,DEL -> HYD,IndiGo,IndiGo,IndiGo,t+15,t+15,15,15,2026-10-20,Economy,5:30 AM,7:50 AM,140,0,7692.38,384.62,450.0,350.0,8877.0,8877.0,ACTIVE,False,NORMAL,True
DEL -> HYD|IndiGo|t+15|5:55 PM|8:15 PM|140|0,2026-10-05,2026-10-05 10:44:39.874207,DEL,HYD,DEL -> HYD,IndiGo,IndiGo,IndiGo,t+15,t+15,15,15,2026-10-20,Economy,5:55 PM,8:15 PM,140,0,13755.24,687.76,450.0,350.0,15243.0,15243.0,ACTIVE,True,HIGH_SPIKE,True
DEL -> HYD|IndiGo|t+15|7:10 AM|9:20 AM|130|0,2026-10-05,2026-10-05 10:44:39.874207,DEL,HYD,DEL -> HYD,IndiGo,IndiGo,IndiGo,t+15,t+15,15,15,2026-10-20,Economy,7:10 AM,9:20 AM,130,0,7692.38,384.62,450.0,350.0,8877.0,8877.0,ACTIVE,False,NORMAL,True
DEL -> HYD|IndiGo|t+15|7:45 PM|10:05 PM|140|0,2026-10-05,2026-10-05 10:44:39.874207,DEL,HYD,DEL -> HYD,IndiGo,IndiGo,IndiGo,t+15,t+15,15,15,2026-10-20,Economy,7:45 PM,10:05 PM,140,0,7692.38,384.62,450.0,350.0,8877.0,8877.0,ACTIVE,False,NORMAL,True
DEL -> HYD|IndiGo|t+15|8:30 AM|10:45 AM|135|0,2026-10-05,2026-10-05 10:44:39.874207,DEL,HYD,DEL -> HYD,IndiGo,IndiGo,IndiGo,t+15,t+15,15,15,2026-10-20,Economy,8:30 AM,10:45 AM,135,0,8144.76,407.24,450.0,350.0,9352.0,9352.0,ACTIVE,False,NORMAL,True
DEL -> HYD|IndiGo|t+15|9:00 PM|11:15 PM|135|0,2026-10-05,2026-10-05 10:44:39.874207,DEL,HYD,DEL -> HYD,IndiGo,IndiGo,IndiGo,t+15,t+15,15,15,2026-10-20,Economy,9:00 PM,11:15 PM,135,0,10262.86,513.14,450.0,350.0,11576.0,11576.0,ACTIVE,False,NORMAL,True
DEL -> HYD|IndiGo|t+15|9:55 AM|12:20 PM|145|0,2026-10-05,2026-10-05 10:44:39.874207,DEL,HYD,DEL -> HYD,IndiGo,IndiGo,IndiGo,t+15,t+15,15,15,2026-10-20,Economy,9:55 AM,12:20 PM,145,0,8144.76,407.24,450.0,350.0,9352.0,9352.0,ACTIVE,False,NORMAL,True
DEL -> HYD|Air India|t+30|10:00 PM|12:15 AM+1|135|0,2026-10-05,2026-10-05 10:44:49.483516,DEL,HYD,DEL -> HYD,Air India,Air India,Air India,t+30,t+30,30,30,2026-11-04,Economy,10:00 PM,12:15 AM+1,135,0,9240.0,462.0,450.0,350.0,10502.0,10502.0,ACTIVE,False,NORMAL,False
DEL -> HYD|Air India|t+30|11:00 AM|1:15 PM|135|0,2026-10-05,2026-10-05 10:44:49.483516,DEL,HYD,DEL -> HYD,Air India,Air India,Air India,t+30,t+30,30,30,2026-11-04,Economy,11:00 AM,1:15 PM,135,0,8729.52,436.48,450.0,350.0,9966.0,9966.0,ACTIVE,False,NORMAL,False
DEL -> HYD|Air India|t+30|11:00 PM|1:15 AM+1|135|0,2026-10-05,2026-10-05 10:44:49.483516,DEL,HYD,DEL -> HYD,Air India,Air India,Air India,t+30,t+30,30,30,2026-11-04,Economy,11:00 PM,1:15 AM+1,135,0,10364.76,518.24,450.0,350.0,11683.0,11683.0,ACTIVE,False,NORMAL,False
DEL -> HYD|Air India|t+30|12:30 PM|2:45 PM|135|0,2026-10-05,2026-10-05 10:44:49.483516,DEL,HYD,DEL -> HYD,Air India,Air India,Air India,t+30,t+30,30,30,2026-11-04,Economy,12:30 PM,2:45 PM,135,0,8729.52,436.48,450.0,350.0,9966.0,9966.0,ACTIVE,False,NORMAL,True
DEL -> HYD|Air India|t+30|2:30 PM|4:45 PM|135|0,2026-10-05,2026-10-05 10:44:49.483516,DEL,HYD,DEL -> HYD,Air India,Air India,Air India,t+30,t+30,30,30,2026-11-04,Economy,2:30 PM,4:45 PM,135,0,9054.29,452.71,450.0,350.0,10307.0,10307.0,ACTIVE,False,NORMAL,False
DEL -> HYD|Air India|t+30|3:30 PM|5:45 PM|135|0,2026-10-05,2026-10-05 10:44:49.483516,DEL,HYD,DEL -> HYD,Air India,Air India,Air India,t+30,t+30,30,30,2026-11-04,Economy,3:30 PM,5:45 PM,135,0,8729.52,436.48,450.0,350.0,9966.0,9966.0,ACTIVE,False,NORMAL,False
DEL -> HYD|Air India|t+30|6:00 PM|8:15 PM|135|0,2026-10-05,2026-10-05 10:44:49.483516,DEL,HYD,DEL -> HYD,Air India,Air India,Air India,t+30,t+30,30,30,2026-11-04,Economy,6:00 PM,8:15 PM,135,0,9240.0,462.0,450.0,350.0,10502.0,10502.0,ACTIVE,False,NORMAL,False
DEL -> HYD|Air India|t+30|7:00 AM|9:15 AM|135|0,2026-10-05,2026-10-05 10:44:49.483516,DEL,HYD,DEL -> HYD,Air India,Air India,Air India,t+30,t+30,30,30,2026-11-04,Economy,7:00 AM,9:15 AM,135,0,9240.0,462.0,450.0,350.0,10502.0,10502.0,ACTIVE,False,NORMAL,False
DEL -> HYD|Air India|t+30|7:30 PM|9:45 PM|135|0,2026-10-05,2026-10-05 10:44:49.483516,DEL,HYD,DEL -> HYD,Air India,Air India,Air India,t+30,t+30,30,30,2026-11-04,Economy,7:30 PM,9:45 PM,135,0,8729.52,436.48,450.0,350.0,9966.0,9966.0,ACTIVE,False,NORMAL,False
DEL -> HYD|Air India|t+30|9:40 AM|11:55 AM|135|0,2026-10-05,2026-10-05 10:44:49.483516,DEL,HYD,DEL -> HYD,Air India,Air India,Air India,t+30,t+30,30,30,2026-11-04,Economy,9:40 AM,11:55 AM,135,0,8729.52,436.48,450.0,350.0,9966.0,9966.0,ACTIVE,False,NORMAL,False
DEL -> HYD|Akasa Air|t+30|2:20 PM|4:45 PM|145|0,2026-10-05,2026-10-05 10:44:49.483516,DEL,HYD,DEL -> HYD,Akasa Air,Akasa Air,Akasa Air,t+30,t+30,30,30,2026-11-04,Economy,2:20 PM,4:45 PM,145,0,8800.0,440.0,450.0,350.0,10040.0,10040.0,ACTIVE,False,NORMAL,False
DEL -> HYD|Akasa Air|t+30|8:35 PM|10:55 PM|140|0,2026-10-05,2026-10-05 10:44:49.483516,DEL,HYD,DEL -> HYD,Akasa Air,Akasa Air,Akasa Air,t+30,t+30,30,30,2026-11-04,Economy,8:35 PM,10:55 PM,140,0,9320.0,466.0,450.0,350.0,10586.0,10586.0,ACTIVE,False,NORMAL,False
DEL -> HYD|IndiGo|t+30|10:00 AM|12:15 PM|135|0,2026-10-05,2026-10-05 10:44:49.483516,DEL,HYD,DEL -> HYD,IndiGo,IndiGo,IndiGo,t+30,t+30,30,30,2026-11-04,Economy,10:00 AM,12:15 PM,135,0,8626.67,431.33,450.0,350.0,9858.0,9858.0,ACTIVE,False,NORMAL,False
DEL -> HYD|IndiGo|t+30|10:30 PM|12:45 AM+1|135|0,2026-10-05,2026-10-05 10:44:49.483516,DEL,HYD,DEL -> HYD,IndiGo,IndiGo,IndiGo,t+30,t+30,30,30,2026-11-04,Economy,10:30 PM,12:45 AM+1,135,0,10879.05,543.95,450.0,350.0,12223.0,12223.0,ACTIVE,True,HIGH_SPIKE,False
DEL -> HYD|IndiGo|t+30|11:45 AM|2:00 PM|135|0,2026-10-05,2026-10-05 10:44:49.483516,DEL,HYD,DEL -> HYD,IndiGo,IndiGo,IndiGo,t+30,t+30,30,30,2026-11-04,Economy,11:45 AM,2:00 PM,135,0,8626.67,431.33,450.0,350.0,9858.0,9858.0,ACTIVE,False,NORMAL,True
DEL -> HYD|IndiGo|t+30|1:30 PM|3:45 PM|135|0,2026-10-05,2026-10-05 10:44:49.483516,DEL,HYD,DEL -> HYD,IndiGo,IndiGo,IndiGo,t+30,t+30,30,30,2026-11-04,Economy,1:30 PM,3:45 PM,135,0,8626.67,431.33,450.0,350.0,9858.0,9858.0,ACTIVE,False,NORMAL,True
DEL -> HYD|IndiGo|t+30|2:25 AM|4:40 AM|135|0,2026-10-05,2026-10-05 10:44:49.483516,DEL,HYD,DEL -> HYD,IndiGo,IndiGo,IndiGo,t+30,t+30,30,30,2026-11-04,Economy,2:25 AM,4:40 AM,135,0,8626.67,431.33,450.0,350.0,9858.0,9858.0,ACTIVE,False,NORMAL,True
DEL -> HYD|IndiGo|t+30|2:50 PM|5:05 PM|135|0,2026-10-05,2026-10-05 10:44:49.483516,DEL,HYD,DEL -> HYD,IndiGo,IndiGo,IndiGo,t+30,t+30,30,30,2026-11-04,Economy,2:50 PM,5:05 PM,135,0,8626.67,431.33,450.0,350.0,9858.0,9858.0,ACTIVE,False,NORMAL,False
DEL -> HYD|IndiGo|t+30|4:15 PM|6:30 PM|135|0,2026-10-05,2026-10-05 10:44:49.483516,DEL,HYD,DEL -> HYD,IndiGo,IndiGo,IndiGo,t+30,t+30,30,30,2026-11-04,Economy,4:15 PM,6:30 PM,135,0,9140.0,457.0,450.0,350.0,10397.0,10397.0,ACTIVE,False,NORMAL,True
DEL -> HYD|IndiGo|t+30|5:15 AM|7:30 AM|135|0,2026-10-05,2026-10-05 10:44:49.483516,DEL,HYD,DEL -> HYD,IndiGo,IndiGo,IndiGo,t+30,t+30,30,30,2026-11-04,Economy,5:15 AM,7:30 AM,135,0,8626.67,431.33,450.0,350.0,9858.0,9858.0,ACTIVE,False,NORMAL,False
DEL -> HYD|IndiGo|t+30|6:15 PM|8:30 PM|135|0,2026-10-05,2026-10-05 10:44:49.483516,DEL,HYD,DEL -> HYD,IndiGo,IndiGo,IndiGo,t+30,t+30,30,30,2026-11-04,Economy,6:15 PM,8:30 PM,135,0,9140.0,457.0,450.0,350.0,10397.0,10397.0,ACTIVE,False,NORMAL,False
DEL -> HYD|IndiGo|t+30|6:30 AM|8:45 AM|135|0,2026-10-05,2026-10-05 10:44:49.483516,DEL,HYD,DEL -> HYD,IndiGo,IndiGo,IndiGo,t+30,t+30,30,30,2026-11-04,Economy,6:30 AM,8:45 AM,135,0,9140.0,457.0,450.0,350.0,10397.0,10397.0,ACTIVE,False,NORMAL,False
DEL -> HYD|IndiGo|t+30|7:45 PM|10:00 PM|135|0,2026-10-05,2026-10-05 10:44:49.483516,DEL,HYD,DEL -> HYD,IndiGo,IndiGo,IndiGo,t+30,t+30,30,30,2026-11-04,Economy,7:45 PM,10:00 PM,135,0,8626.67,431.33,450.0,350.0,9858.0,9858.0,ACTIVE,False,NORMAL,False
DEL -> HYD|IndiGo|t+30|8:30 AM|10:45 AM|135|0,2026-10-05,2026-10-05 10:44:49.483516,DEL,HYD,DEL -> HYD,IndiGo,IndiGo,IndiGo,t+30,t+30,30,30,2026-11-04,Economy,8:30 AM,10:45 AM,135,0,8626.67,431.33,450.0,350.0,9858.0,9858.0,ACTIVE,False,NORMAL,True
DEL -> HYD|IndiGo|t+30|9:00 PM|11:15 PM|135|0,2026-10-05,2026-10-05 10:44:49.483516,DEL,HYD,DEL -> HYD,IndiGo,IndiGo,IndiGo,t+30,t+30,30,30,2026-11-04,Economy,9:00 PM,11:15 PM,135,0,9140.0,457.0,450.0,350.0,10397.0,10397.0,ACTIVE,False,NORMAL,True
DEL -> HYD|Air India|t+7|10:00 PM|12:20 AM+1|140|0,2026-10-05,2026-10-05 10:44:30.267433,DEL,HYD,DEL -> HYD,Air India,Air India,Air India,t+7,t+7,7,7,2026-10-12,Economy,10:00 PM,12:20 AM+1,140,0,8680.0,434.0,450.0,350.0,9914.0,9914.0,ACTIVE,False,NORMAL,False
DEL -> HYD|Air India|t+7|11:00 PM|1:20 AM+1|140|0,2026-10-05,2026-10-05 10:44:30.267433,DEL,HYD,DEL -> HYD,Air India,Air India,Air India,t+7,t+7,7,7,2026-10-12,Economy,11:00 PM,1:20 AM+1,140,0,8680.0,434.0,450.0,350.0,9914.0,9914.0,NEW_INVENTORY,False,NORMAL,False
DEL -> HYD|Air India|t+7|12:30 PM|2:45 PM|135|0,2026-10-05,2026-10-05 10:44:30.267433,DEL,HYD,DEL -> HYD,Air India,Air India,Air India,t+7,t+7,7,7,2026-10-12,Economy,12:30 PM,2:45 PM,135,0,8194.29,409.71,450.0,350.0,9404.0,9404.0,ACTIVE,False,NORMAL,False
DEL -> HYD|Air India|t+7|2:00 AM|4:20 AM|140|0,2026-10-05,2026-10-05 10:44:30.267433,DEL,HYD,DEL -> HYD,Air India,Air India,Air India,t+7,t+7,7,7,2026-10-12,Economy,2:00 AM,4:20 AM,140,0,7744.76,387.24,450.0,350.0,8932.0,8932.0,ACTIVE,False,NORMAL,True
DEL -> HYD|Air India|t+7|2:30 PM|4:40 PM|130|0,2026-10-05,2026-10-05 10:44:30.267433,DEL,HYD,DEL -> HYD,Air India,Air India,Air India,t+7,t+7,7,7,2026-10-12,Economy,2:30 PM,4:40 PM,130,0,8029.52,401.48,450.0,350.0,9231.0,9231.0,ACTIVE,False,NORMAL,True
DEL -> HYD|Air India|t+7|3:30 PM|5:55 PM|145|0,2026-10-05,2026-10-05 10:44:30.267433,DEL,HYD,DEL -> HYD,Air India,Air India,Air India,t+7,t+7,7,7,2026-10-12,Economy,3:30 PM,5:55 PM,145,0,7744.76,387.24,450.0,350.0,8932.0,8932.0,ACTIVE,False,NORMAL,True
DEL -> HYD|Air India|t+7|6:00 PM|8:20 PM|140|0,2026-10-05,2026-10-05 10:44:30.267433,DEL,HYD,DEL -> HYD,Air India,Air India,Air India,t+7,t+7,7,7,2026-10-12,Economy,6:00 PM,8:20 PM,140,0,9189.52,459.48,450.0,350.0,10449.0,10449.0,ACTIVE,False,NORMAL,True
DEL -> HYD|Air India|t+7|7:00 AM|9:20 AM|140|0,2026-10-05,2026-10-05 10:44:30.267433,DEL,HYD,DEL -> HYD,Air India,Air India,Air India,t+7,t+7,7,7,2026-10-12,Economy,7:00 AM,9:20 AM,140,0,11449.52,572.48,450.0,350.0,12822.0,12822.0,ACTIVE,True,HIGH_SPIKE,False
DEL -> HYD|Air India|t+7|8:30 PM|10:50 PM|140|0,2026-10-05,2026-10-05 10:44:30.267433,DEL,HYD,DEL -> HYD,Air India,Air India,Air India,t+7,t+7,7,7,2026-10-12,Economy,8:30 PM,10:50 PM,140,0,9189.52,459.48,450.0,350.0,10449.0,10449.0,ACTIVE,False,NORMAL,True
DEL -> HYD|Air India|t+7|9:40 AM|12:00 PM|140|0,2026-10-05,2026-10-05 10:44:30.267433,DEL,HYD,DEL -> HYD,Air India,Air India,Air India,t+7,t+7,7,7,2026-10-12,Economy,9:40 AM,12:00 PM,140,0,8680.0,434.0,450.0,350.0,9914.0,9914.0,ACTIVE,False,NORMAL,True
DEL -> HYD|Akasa Air|t+7|2:10 PM|4:30 PM|140|0,2026-10-05,2026-10-05 10:44:30.267433,DEL,HYD,DEL -> HYD,Akasa Air,Akasa Air,Akasa Air,t+7,t+7,7,7,2026-10-12,Economy,2:10 PM,4:30 PM,140,0,7702.86,385.14,450.0,350.0,8888.0,8888.0,ACTIVE,False,NORMAL,True
DEL -> HYD|Akasa Air|t+7|8:40 PM|11:10 PM|150|0,2026-10-05,2026-10-05 10:44:30.267433,DEL,HYD,DEL -> HYD,Akasa Air,Akasa Air,Akasa Air,t+7,t+7,7,7,2026-10-12,Economy,8:40 PM,11:10 PM,150,0,9143.81,457.19,450.0,350.0,10401.0,10401.0,ACTIVE,False,NORMAL,True
DEL -> HYD|IndiGo|t+7|11:15 PM|1:30 AM+1|135|0,2026-10-05,2026-10-05 10:44:30.267433,DEL,HYD,DEL -> HYD,IndiGo,IndiGo,IndiGo,t+7,t+7,7,7,2026-10-12,Economy,11:15 PM,1:30 AM+1,135,0,8624.76,431.24,450.0,350.0,9856.0,9856.0,ACTIVE,False,NORMAL,True
DEL -> HYD|IndiGo|t+7|11:45 AM|2:00 PM|135|0,2026-10-05,2026-10-05 10:44:30.267433,DEL,HYD,DEL -> HYD,IndiGo,IndiGo,IndiGo,t+7,t+7,7,7,2026-10-12,Economy,11:45 AM,2:00 PM,135,0,7689.52,384.48,450.0,350.0,8874.0,8874.0,ACTIVE,False,NORMAL,True
DEL -> HYD|IndiGo|t+7|1:30 PM|3:45 PM|135|0,2026-10-05,2026-10-05 10:44:30.267433,DEL,HYD,DEL -> HYD,IndiGo,IndiGo,IndiGo,t+7,t+7,7,7,2026-10-12,Economy,1:30 PM,3:45 PM,135,0,7689.52,384.48,450.0,350.0,8874.0,8874.0,ACTIVE,False,NORMAL,True
DEL -> HYD|IndiGo|t+7|2:25 AM|4:40 AM|135|0,2026-10-05,2026-10-05 10:44:30.267433,DEL,HYD,DEL -> HYD,IndiGo,IndiGo,IndiGo,t+7,t+7,7,7,2026-10-12,Economy,2:25 AM,4:40 AM,135,0,7689.52,384.48,450.0,350.0,8874.0,8874.0,ACTIVE,False,NORMAL,True
DEL -> HYD|IndiGo|t+7|2:45 PM|5:05 PM|140|0,2026-10-05,2026-10-05 10:44:30.267433,DEL,HYD,DEL -> HYD,IndiGo,IndiGo,IndiGo,t+7,t+7,7,7,2026-10-12,Economy,2:45 PM,5:05 PM,140,0,7689.52,384.48,450.0,350.0,8874.0,8874.0,ACTIVE,False,NORMAL,True
DEL -> HYD|IndiGo|t+7|4:15 PM|6:30 PM|135|0,2026-10-05,2026-10-05 10:44:30.267433,DEL,HYD,DEL -> HYD,IndiGo,IndiGo,IndiGo,t+7,t+7,7,7,2026-10-12,Economy,4:15 PM,6:30 PM,135,0,7689.52,384.48,450.0,350.0,8874.0,8874.0,ACTIVE,False,NORMAL,True
DEL -> HYD|IndiGo|t+7|5:30 AM|7:50 AM|140|0,2026-10-05,2026-10-05 10:44:30.267433,DEL,HYD,DEL -> HYD,IndiGo,IndiGo,IndiGo,t+7,t+7,7,7,2026-10-12,Economy,5:30 AM,7:50 AM,140,0,7689.52,384.48,450.0,350.0,8874.0,8874.0,ACTIVE,False,NORMAL,False
DEL -> HYD|IndiGo|t+7|5:55 PM|8:15 PM|140|0,2026-10-05,2026-10-05 10:44:30.267433,DEL,HYD,DEL -> HYD,IndiGo,IndiGo,IndiGo,t+7,t+7,7,7,2026-10-12,Economy,5:55 PM,8:15 PM,140,0,13753.33,687.67,450.0,350.0,15241.0,15241.0,ACTIVE,True,HIGH_SPIKE,True
DEL -> HYD|IndiGo|t+7|7:10 AM|9:20 AM|130|0,2026-10-05,2026-10-05 10:44:30.267433,DEL,HYD,DEL -> HYD,IndiGo,IndiGo,IndiGo,t+7,t+7,7,7,2026-10-12,Economy,7:10 AM,9:20 AM,130,0,10877.14,543.86,450.0,350.0,12221.0,12221.0,ACTIVE,False,NORMAL,True
DEL -> HYD|IndiGo|t+7|7:45 PM|10:05 PM|140|0,2026-10-05,2026-10-05 10:44:30.267433,DEL,HYD,DEL -> HYD,IndiGo,IndiGo,IndiGo,t+7,t+7,7,7,2026-10-12,Economy,7:45 PM,10:05 PM,140,0,10260.95,513.05,450.0,350.0,11574.0,11574.0,ACTIVE,False,NORMAL,True
DEL -> HYD|IndiGo|t+7|8:30 AM|10:45 AM|135|0,2026-10-05,2026-10-05 10:44:30.267433,DEL,HYD,DEL -> HYD,IndiGo,IndiGo,IndiGo,t+7,t+7,7,7,2026-10-12,Economy,8:30 AM,10:45 AM,135,0,8624.76,431.24,450.0,350.0,9856.0,9856.0,ACTIVE,False,NORMAL,True
DEL -> HYD|IndiGo|t+7|9:00 PM|11:15 PM|135|0,2026-10-05,2026-10-05 10:44:30.267433,DEL,HYD,DEL -> HYD,IndiGo,IndiGo,IndiGo,t+7,t+7,7,7,2026-10-12,Economy,9:00 PM,11:15 PM,135,0,8142.86,407.14,450.0,350.0,9350.0,9350.0,ACTIVE,False,NORMAL,True
DEL -> HYD|IndiGo|t+7|9:55 AM|12:20 PM|145|0,2026-10-05,2026-10-05 10:44:30.267433,DEL,HYD,DEL -> HYD,IndiGo,IndiGo,IndiGo,t+7,t+7,7,7,2026-10-12,Economy,9:55 AM,12:20 PM,145,0,8624.76,431.24,450.0,350.0,9856.0,9856.0,ACTIVE,False,NORMAL,True
