scrape_timestamp,horizon,horizon_days,travel_date,origin,destination,airline,departure_time,arrival_time,duration_mins,stops,price_inr,source_portal,duration,route
2026-09-24T20:36:30.071558,t+1,1,2026-09-25,DEL,HYD,IndiGo,2:20 AM,7:50 AM,330,1,8060.0,GoogleFlights-Aggregator,5 hr 30 min,DEL -> HYD
2026-09-24T20:36:30.071558,t+1,1,2026-09-25,DEL,HYD,IndiGo,7:05 AM,12:10 PM,305,1,8060.0,GoogleFlights-Aggregator,5 hr 5 min,DEL -> HYD
2026-09-24T20:36:30.071558,t+1,1,2026-09-25,DEL,HYD,IndiGo,2:00 PM,6:55 PM,295,1,8060.0,GoogleFlights-Aggregator,4 hr 55 min,DEL -> HYD
2026-09-24T20:36:30.071558,t+1,1,2026-09-25,DEL,HYD,Air India,7:30 PM,9:50 PM,140,0,8675.0,GoogleFlights-Aggregator,2 hr 20 min,DEL -> HYD
2026-09-24T20:36:30.071558,t+1,1,2026-09-25,DEL,HYD,Air India,2:00 AM,4:20 AM,140,0,8711.0,GoogleFlights-Aggregator,2 hr 20 min,DEL -> HYD
2026-09-24T20:36:30.071558,t+1,1,2026-09-25,DEL,HYD,Air India,10:00 PM,12:20 AM+1,140,0,8711.0,GoogleFlights-Aggregator,2 hr 20 min,DEL -> HYD
2026-09-24T20:36:30.071558,t+1,1,2026-09-25,DEL,HYD,Air India,11:00 PM,1:20 AM+1,140,0,8711.0,GoogleFlights-Aggregator,2 hr 20 min,DEL -> HYD
2026-09-24T20:36:30.071558,t+1,1,2026-09-25,DEL,HYD,Air India,9:40 AM,12:00 PM,140,0,8827.0,GoogleFlights-Aggregator,2 hr 20 min,DEL -> HYD
2026-09-24T20:36:30.071558,t+1,1,2026-09-25,DEL,HYD,Air India,10:30 AM,12:50 PM,140,0,8827.0,GoogleFlights-Aggregator,2 hr 20 min,DEL -> HYD
2026-09-24T20:36:30.071558,t+1,1,2026-09-25,DEL,HYD,Air India,12:30 PM,2:45 PM,135,0,8827.0,GoogleFlights-Aggregator,2 hr 15 min,DEL -> HYD
2026-09-24T20:36:30.071558,t+1,1,2026-09-25,DEL,HYD,IndiGo,11:45 AM,2:00 PM,135,0,8874.0,GoogleFlights-Aggregator,2 hr 15 min,DEL -> HYD
2026-09-24T20:36:30.071558,t+1,1,2026-09-25,DEL,HYD,IndiGo,9:55 AM,12:20 PM,145,0,8874.0,GoogleFlights-Aggregator,2 hr 25 min,DEL -> HYD
2026-09-24T20:36:30.071558,t+1,1,2026-09-25,DEL,HYD,IndiGo,2:45 PM,5:05 PM,140,0,8874.0,GoogleFlights-Aggregator,2 hr 20 min,DEL -> HYD
2026-09-24T20:36:30.071558,t+1,1,2026-09-25,DEL,HYD,IndiGo,11:15 PM,1:30 AM+1,135,0,8874.0,GoogleFlights-Aggregator,2 hr 15 min,DEL -> HYD
2026-09-24T20:36:30.071558,t+1,1,2026-09-25,DEL,HYD,Akasa Air,8:40 PM,11:10 PM,150,0,8888.0,GoogleFlights-Aggregator,2 hr 30 min,DEL -> HYD
2026-09-24T20:36:30.071558,t+1,1,2026-09-25,DEL,HYD,Air India,6:00 PM,8:20 PM,140,0,9294.0,GoogleFlights-Aggregator,2 hr 20 min,DEL -> HYD
2026-09-24T20:36:30.071558,t+1,1,2026-09-25,DEL,HYD,Air India,8:30 PM,10:50 PM,140,0,9299.0,GoogleFlights-Aggregator,2 hr 20 min,DEL -> HYD
2026-09-24T20:36:30.071558,t+1,1,2026-09-25,DEL,HYD,IndiGo,7:10 AM,9:20 AM,130,0,9350.0,GoogleFlights-Aggregator,2 hr 10 min,DEL -> HYD
2026-09-24T20:36:30.071558,t+1,1,2026-09-25,DEL,HYD,IndiGo,8:30 AM,10:45 AM,135,0,9350.0,GoogleFlights-Aggregator,2 hr 15 min,DEL -> HYD
2026-09-24T20:36:30.071558,t+1,1,2026-09-25,DEL,HYD,IndiGo,1:30 PM,3:45 PM,135,0,9350.0,GoogleFlights-Aggregator,2 hr 15 min,DEL -> HYD
2026-09-24T20:36:30.071558,t+1,1,2026-09-25,DEL,HYD,IndiGo,4:15 PM,6:30 PM,135,0,9350.0,GoogleFlights-Aggregator,2 hr 15 min,DEL -> HYD
2026-09-24T20:36:30.071558,t+1,1,2026-09-25,DEL,HYD,IndiGo,5:55 PM,8:15 PM,140,0,9350.0,GoogleFlights-Aggregator,2 hr 20 min,DEL -> HYD
2026-09-24T20:36:30.071558,t+1,1,2026-09-25,DEL,HYD,Akasa Air,2:10 PM,4:30 PM,140,0,9527.0,GoogleFlights-Aggregator,2 hr 20 min,DEL -> HYD
2026-09-24T20:36:30.071558,t+1,1,2026-09-25,DEL,HYD,Air India,2:30 PM,4:40 PM,130,0,9614.0,GoogleFlights-Aggregator,2 hr 10 min,DEL -> HYD
2026-09-24T20:36:30.071558,t+1,1,2026-09-25,DEL,HYD,IndiGo,7:45 PM,10:05 PM,140,0,9856.0,GoogleFlights-Aggregator,2 hr 20 min,DEL -> HYD
2026-09-24T20:36:30.071558,t+1,1,2026-09-25,DEL,HYD,IndiGo,9:00 PM,11:15 PM,135,0,9856.0,GoogleFlights-Aggregator,2 hr 15 min,DEL -> HYD
2026-09-24T20:36:30.071558,t+1,1,2026-09-25,DEL,HYD,Air India,6:00 AM,8:20 AM,140,0,13090.0,GoogleFlights-Aggregator,2 hr 20 min,DEL -> HYD
2026-09-24T20:36:46.368257,t+7,7,2026-10-01,DEL,HYD,IndiGo,5:10 AM,10:15 AM,305,1,8608.0,GoogleFlights-Aggregator,5 hr 5 min,DEL -> HYD
2026-09-24T20:36:46.368257,t+7,7,2026-10-01,DEL,HYD,IndiGo,10:00 AM,2:50 PM,290,1,8608.0,GoogleFlights-Aggregator,4 hr 50 min,DEL -> HYD
2026-09-24T20:36:46.368257,t+7,7,2026-10-01,DEL,HYD,IndiGo,7:30 PM,12:45 AM+1,315,1,8608.0,GoogleFlights-Aggregator,5 hr 15 min,DEL -> HYD
2026-09-24T20:36:46.368257,t+7,7,2026-10-01,DEL,HYD,Air India,2:00 AM,4:20 AM,140,0,8711.0,GoogleFlights-Aggregator,2 hr 20 min,DEL -> HYD
2026-09-24T20:36:46.368257,t+7,7,2026-10-01,DEL,HYD,Air India,6:00 AM,8:20 AM,140,0,8822.0,GoogleFlights-Aggregator,2 hr 20 min,DEL -> HYD
2026-09-24T20:36:46.368257,t+7,7,2026-10-01,DEL,HYD,Air India,12:30 PM,2:45 PM,135,0,8827.0,GoogleFlights-Aggregator,2 hr 15 min,DEL -> HYD
2026-09-24T20:36:46.368257,t+7,7,2026-10-01,DEL,HYD,Air India,3:30 PM,5:55 PM,145,0,8827.0,GoogleFlights-Aggregator,2 hr 25 min,DEL -> HYD
2026-09-24T20:36:46.368257,t+7,7,2026-10-01,DEL,HYD,IndiGo,1:30 PM,3:45 PM,135,0,8874.0,GoogleFlights-Aggregator,2 hr 15 min,DEL -> HYD
2026-09-24T20:36:46.368257,t+7,7,2026-10-01,DEL,HYD,IndiGo,2:25 AM,4:40 AM,135,0,8874.0,GoogleFlights-Aggregator,2 hr 15 min,DEL -> HYD
2026-09-24T20:36:46.368257,t+7,7,2026-10-01,DEL,HYD,IndiGo,5:30 AM,7:50 AM,140,0,8874.0,GoogleFlights-Aggregator,2 hr 20 min,DEL -> HYD
2026-09-24T20:36:46.368257,t+7,7,2026-10-01,DEL,HYD,IndiGo,2:45 PM,5:05 PM,140,0,8874.0,GoogleFlights-Aggregator,2 hr 20 min,DEL -> HYD
2026-09-24T20:36:46.368257,t+7,7,2026-10-01,DEL,HYD,IndiGo,4:15 PM,6:30 PM,135,0,8874.0,GoogleFlights-Aggregator,2 hr 15 min,DEL -> HYD
2026-09-24T20:36:46.368257,t+7,7,2026-10-01,DEL,HYD,Air India,2:30 PM,4:40 PM,130,0,9121.0,GoogleFlights-Aggregator,2 hr 10 min,DEL -> HYD
2026-09-24T20:36:46.368257,t+7,7,2026-10-01,DEL,HYD,Akasa Air,2:10 PM,4:30 PM,140,0,9200.0,GoogleFlights-Aggregator,2 hr 20 min,DEL -> HYD
2026-09-24T20:36:46.368257,t+7,7,2026-10-01,DEL,HYD,IndiGo,7:10 AM,9:20 AM,130,0,9350.0,GoogleFlights-Aggregator,2 hr 10 min,DEL -> HYD
2026-09-24T20:36:46.368257,t+7,7,2026-10-01,DEL,HYD,IndiGo,7:45 PM,10:05 PM,140,0,9350.0,GoogleFlights-Aggregator,2 hr 20 min,DEL -> HYD
2026-09-24T20:36:46.368257,t+7,7,2026-10-01,DEL,HYD,IndiGo,11:15 PM,1:30 AM+1,135,0,9350.0,GoogleFlights-Aggregator,2 hr 15 min,DEL -> HYD
2026-09-24T20:36:46.368257,t+7,7,2026-10-01,DEL,HYD,Akasa Air,8:40 PM,11:10 PM,150,0,9527.0,GoogleFlights-Aggregator,2 hr 30 min,DEL -> HYD
2026-09-24T20:36:46.368257,t+7,7,2026-10-01,DEL,HYD,Air India,10:00 PM,12:20 AM+1,140,0,9777.0,GoogleFlights-Aggregator,2 hr 20 min,DEL -> HYD
2026-09-24T20:36:46.368257,t+7,7,2026-10-01,DEL,HYD,Air India,11:00 PM,1:20 AM+1,140,0,9777.0,GoogleFlights-Aggregator,2 hr 20 min,DEL -> HYD
2026-09-24T20:36:46.368257,t+7,7,2026-10-01,DEL,HYD,Air India,10:30 AM,12:50 PM,140,0,9809.0,GoogleFlights-Aggregator,2 hr 20 min,DEL -> HYD
2026-09-24T20:36:46.368257,t+7,7,2026-10-01,DEL,HYD,Air India,8:30 PM,10:50 PM,140,0,9809.0,GoogleFlights-Aggregator,2 hr 20 min,DEL -> HYD
2026-09-24T20:36:46.368257,t+7,7,2026-10-01,DEL,HYD,IndiGo,8:30 AM,10:45 AM,135,0,9856.0,GoogleFlights-Aggregator,2 hr 15 min,DEL -> HYD
2026-09-24T20:36:46.368257,t+7,7,2026-10-01,DEL,HYD,IndiGo,9:55 AM,12:20 PM,145,0,9856.0,GoogleFlights-Aggregator,2 hr 25 min,DEL -> HYD
2026-09-24T20:36:46.368257,t+7,7,2026-10-01,DEL,HYD,IndiGo,11:45 AM,2:00 PM,135,0,9856.0,GoogleFlights-Aggregator,2 hr 15 min,DEL -> HYD
2026-09-24T20:36:46.368257,t+7,7,2026-10-01,DEL,HYD,IndiGo,9:00 PM,11:15 PM,135,0,9856.0,GoogleFlights-Aggregator,2 hr 15 min,DEL -> HYD
2026-09-24T20:36:46.368257,t+7,7,2026-10-01,DEL,HYD,Air India,7:30 PM,9:50 PM,140,0,9977.0,GoogleFlights-Aggregator,2 hr 20 min,DEL -> HYD
2026-09-24T20:36:46.368257,t+7,7,2026-10-01,DEL,HYD,Air India,9:40 AM,12:00 PM,140,0,10229.0,GoogleFlights-Aggregator,2 hr 20 min,DEL -> HYD
2026-09-24T20:36:46.368257,t+7,7,2026-10-01,DEL,HYD,IndiGo,5:55 PM,8:15 PM,140,0,10395.0,GoogleFlights-Aggregator,2 hr 20 min,DEL -> HYD
2026-09-24T20:36:46.368257,t+7,7,2026-10-01,DEL,HYD,Air India,6:00 PM,8:20 PM,140,0,10922.0,GoogleFlights-Aggregator,2 hr 20 min,DEL -> HYD
2026-09-24T20:36:59.852078,t+15,15,2026-10-09,DEL,HYD,IndiGo,5:10 AM,10:15 AM,305,1,7982.0,GoogleFlights-Aggregator,5 hr 5 min,DEL -> HYD
2026-09-24T20:36:59.852078,t+15,15,2026-10-09,DEL,HYD,IndiGo,10:00 AM,2:50 PM,290,1,7982.0,GoogleFlights-Aggregator,4 hr 50 min,DEL -> HYD
2026-09-24T20:36:59.852078,t+15,15,2026-10-09,DEL,HYD,IndiGo,5:05 PM,10:30 PM,325,1,7982.0,GoogleFlights-Aggregator,5 hr 25 min,DEL -> HYD
2026-09-24T20:36:59.852078,t+15,15,2026-10-09,DEL,HYD,IndiGo,7:30 PM,12:45 AM+1,315,1,7982.0,GoogleFlights-Aggregator,5 hr 15 min,DEL -> HYD
2026-09-24T20:36:59.852078,t+15,15,2026-10-09,DEL,HYD,Air India,2:00 AM,4:20 AM,140,0,8711.0,GoogleFlights-Aggregator,2 hr 20 min,DEL -> HYD
2026-09-24T20:36:59.852078,t+15,15,2026-10-09,DEL,HYD,Air India,11:00 PM,1:20 AM+1,140,0,8711.0,GoogleFlights-Aggregator,2 hr 20 min,DEL -> HYD
2026-09-24T20:36:59.852078,t+15,15,2026-10-09,DEL,HYD,Air India,3:30 PM,5:55 PM,145,0,8827.0,GoogleFlights-Aggregator,2 hr 25 min,DEL -> HYD
2026-09-24T20:36:59.852078,t+15,15,2026-10-09,DEL,HYD,Air India,8:30 PM,10:50 PM,140,0,8827.0,GoogleFlights-Aggregator,2 hr 20 min,DEL -> HYD
2026-09-24T20:36:59.852078,t+15,15,2026-10-09,DEL,HYD,IndiGo,1:30 PM,3:45 PM,135,0,8874.0,GoogleFlights-Aggregator,2 hr 15 min,DEL -> HYD
2026-09-24T20:36:59.852078,t+15,15,2026-10-09,DEL,HYD,IndiGo,2:25 AM,4:40 AM,135,0,8874.0,GoogleFlights-Aggregator,2 hr 15 min,DEL -> HYD
2026-09-24T20:36:59.852078,t+15,15,2026-10-09,DEL,HYD,IndiGo,5:30 AM,7:50 AM,140,0,8874.0,GoogleFlights-Aggregator,2 hr 20 min,DEL -> HYD
2026-09-24T20:36:59.852078,t+15,15,2026-10-09,DEL,HYD,IndiGo,7:10 AM,9:20 AM,130,0,8874.0,GoogleFlights-Aggregator,2 hr 10 min,DEL -> HYD
2026-09-24T20:36:59.852078,t+15,15,2026-10-09,DEL,HYD,IndiGo,8:30 AM,10:45 AM,135,0,8874.0,GoogleFlights-Aggregator,2 hr 15 min,DEL -> HYD
2026-09-24T20:36:59.852078,t+15,15,2026-10-09,DEL,HYD,IndiGo,2:45 PM,5:05 PM,140,0,8874.0,GoogleFlights-Aggregator,2 hr 20 min,DEL -> HYD
2026-09-24T20:36:59.852078,t+15,15,2026-10-09,DEL,HYD,IndiGo,4:15 PM,6:30 PM,135,0,8874.0,GoogleFlights-Aggregator,2 hr 15 min,DEL -> HYD
2026-09-24T20:36:59.852078,t+15,15,2026-10-09,DEL,HYD,IndiGo,5:55 PM,8:15 PM,140,0,8874.0,GoogleFlights-Aggregator,2 hr 20 min,DEL -> HYD
2026-09-24T20:36:59.852078,t+15,15,2026-10-09,DEL,HYD,IndiGo,9:00 PM,11:15 PM,135,0,8874.0,GoogleFlights-Aggregator,2 hr 15 min,DEL -> HYD
2026-09-24T20:36:59.852078,t+15,15,2026-10-09,DEL,HYD,IndiGo,11:15 PM,1:30 AM+1,135,0,8874.0,GoogleFlights-Aggregator,2 hr 15 min,DEL -> HYD
2026-09-24T20:36:59.852078,t+15,15,2026-10-09,DEL,HYD,Akasa Air,2:10 PM,4:30 PM,140,0,8888.0,GoogleFlights-Aggregator,2 hr 20 min,DEL -> HYD
2026-09-24T20:36:59.852078,t+15,15,2026-10-09,DEL,HYD,Air India,6:00 AM,8:20 AM,140,0,8974.0,GoogleFlights-Aggregator,2 hr 20 min,DEL -> HYD
2026-09-24T20:36:59.852078,t+15,15,2026-10-09,DEL,HYD,Air India,6:00 PM,8:20 PM,140,0,9047.0,GoogleFlights-Aggregator,2 hr 20 min,DEL -> HYD
2026-09-24T20:36:59.852078,t+15,15,2026-10-09,DEL,HYD,Air India,2:30 PM,4:40 PM,130,0,9121.0,GoogleFlights-Aggregator,2 hr 10 min,DEL -> HYD
2026-09-24T20:36:59.852078,t+15,15,2026-10-09,DEL,HYD,IndiGo,9:55 AM,12:20 PM,145,0,9350.0,GoogleFlights-Aggregator,2 hr 25 min,DEL -> HYD
2026-09-24T20:36:59.852078,t+15,15,2026-10-09,DEL,HYD,IndiGo,7:45 PM,10:05 PM,140,0,9856.0,GoogleFlights-Aggregator,2 hr 20 min,DEL -> HYD
2026-09-24T20:36:59.852078,t+15,15,2026-10-09,DEL,HYD,Air India,7:30 PM,9:50 PM,140,0,9977.0,GoogleFlights-Aggregator,2 hr 20 min,DEL -> HYD
2026-09-24T20:36:59.852078,t+15,15,2026-10-09,DEL,HYD,Akasa Air,8:40 PM,11:10 PM,150,0,10218.0,GoogleFlights-Aggregator,2 hr 30 min,DEL -> HYD
2026-09-24T20:36:59.852078,t+15,15,2026-10-09,DEL,HYD,Air India,9:40 AM,12:00 PM,140,0,10344.0,GoogleFlights-Aggregator,2 hr 20 min,DEL -> HYD
2026-09-24T20:36:59.852078,t+15,15,2026-10-09,DEL,HYD,Air India,10:30 AM,12:50 PM,140,0,10344.0,GoogleFlights-Aggregator,2 hr 20 min,DEL -> HYD
2026-09-24T20:36:59.852078,t+15,15,2026-10-09,DEL,HYD,Air India,7:00 AM,9:20 AM,140,0,10922.0,GoogleFlights-Aggregator,2 hr 20 min,DEL -> HYD
2026-09-24T20:36:59.852078,t+15,15,2026-10-09,DEL,HYD,Air India,12:30 PM,2:45 PM,135,0,10922.0,GoogleFlights-Aggregator,2 hr 15 min,DEL -> HYD
2026-09-24T20:36:59.852078,t+15,15,2026-10-09,DEL,HYD,IndiGo,11:45 AM,2:00 PM,135,0,12221.0,GoogleFlights-Aggregator,2 hr 15 min,DEL -> HYD
2026-09-24T20:37:13.137550,t+30,30,2026-10-24,DEL,HYD,IndiGo,7:10 AM,9:20 AM,130,0,8877.0,GoogleFlights-Aggregator,2 hr 10 min,DEL -> HYD
2026-09-24T20:37:13.137550,t+30,30,2026-10-24,DEL,HYD,IndiGo,5:30 AM,7:50 AM,140,0,8877.0,GoogleFlights-Aggregator,2 hr 20 min,DEL -> HYD
2026-09-24T20:37:13.137550,t+30,30,2026-10-24,DEL,HYD,Air India,10:30 AM,12:50 PM,140,0,9299.0,GoogleFlights-Aggregator,2 hr 20 min,DEL -> HYD
2026-09-24T20:37:13.137550,t+30,30,2026-10-24,DEL,HYD,Air India,9:40 AM,12:00 PM,140,0,9299.0,GoogleFlights-Aggregator,2 hr 20 min,DEL -> HYD
2026-09-24T20:37:13.137550,t+30,30,2026-10-24,DEL,HYD,Air India,10:00 PM,12:20 AM+1,140,0,9299.0,GoogleFlights-Aggregator,2 hr 20 min,DEL -> HYD
2026-09-24T20:37:13.137550,t+30,30,2026-10-24,DEL,HYD,Air India,11:00 PM,1:20 AM+1,140,0,9299.0,GoogleFlights-Aggregator,2 hr 20 min,DEL -> HYD
2026-09-24T20:37:13.137550,t+30,30,2026-10-24,DEL,HYD,Air India,6:00 AM,8:20 AM,140,0,9341.0,GoogleFlights-Aggregator,2 hr 20 min,DEL -> HYD
2026-09-24T20:37:13.137550,t+30,30,2026-10-24,DEL,HYD,IndiGo,8:30 AM,10:45 AM,135,0,9352.0,GoogleFlights-Aggregator,2 hr 15 min,DEL -> HYD
2026-09-24T20:37:13.137550,t+30,30,2026-10-24,DEL,HYD,IndiGo,9:55 AM,12:20 PM,145,0,9352.0,GoogleFlights-Aggregator,2 hr 25 min,DEL -> HYD
2026-09-24T20:37:13.137550,t+30,30,2026-10-24,DEL,HYD,IndiGo,11:15 PM,1:30 AM+1,135,0,9352.0,GoogleFlights-Aggregator,2 hr 15 min,DEL -> HYD
2026-09-24T20:37:13.137550,t+30,30,2026-10-24,DEL,HYD,Akasa Air,8:40 PM,11:10 PM,150,0,9695.0,GoogleFlights-Aggregator,2 hr 30 min,DEL -> HYD
2026-09-24T20:37:13.137550,t+30,30,2026-10-24,DEL,HYD,Air India,2:00 AM,4:20 AM,140,0,10344.0,GoogleFlights-Aggregator,2 hr 20 min,DEL -> HYD
2026-09-24T20:37:13.137550,t+30,30,2026-10-24,DEL,HYD,Air India,12:30 PM,2:45 PM,135,0,10344.0,GoogleFlights-Aggregator,2 hr 15 min,DEL -> HYD
2026-09-24T20:37:13.137550,t+30,30,2026-10-24,DEL,HYD,Air India,6:00 PM,8:20 PM,140,0,10344.0,GoogleFlights-Aggregator,2 hr 20 min,DEL -> HYD
2026-09-24T20:37:13.137550,t+30,30,2026-10-24,DEL,HYD,IndiGo,2:45 PM,5:05 PM,140,0,10397.0,GoogleFlights-Aggregator,2 hr 20 min,DEL -> HYD
2026-09-24T20:37:13.137550,t+30,30,2026-10-24,DEL,HYD,IndiGo,7:45 PM,10:05 PM,140,0,10397.0,GoogleFlights-Aggregator,2 hr 20 min,DEL -> HYD
2026-09-24T20:37:13.137550,t+30,30,2026-10-24,DEL,HYD,IndiGo,9:00 PM,11:15 PM,135,0,10397.0,GoogleFlights-Aggregator,2 hr 15 min,DEL -> HYD
2026-09-24T20:37:13.137550,t+30,30,2026-10-24,DEL,HYD,Air India,7:30 PM,9:50 PM,140,0,10523.0,GoogleFlights-Aggregator,2 hr 20 min,DEL -> HYD
2026-09-24T20:37:13.137550,t+30,30,2026-10-24,DEL,HYD,Air India,3:30 PM,5:55 PM,145,0,10612.0,GoogleFlights-Aggregator,2 hr 25 min,DEL -> HYD
2026-09-24T20:37:13.137550,t+30,30,2026-10-24,DEL,HYD,Air India,2:30 PM,4:40 PM,130,0,10701.0,GoogleFlights-Aggregator,2 hr 10 min,DEL -> HYD
2026-09-24T20:37:13.137550,t+30,30,2026-10-24,DEL,HYD,Akasa Air,2:10 PM,4:30 PM,140,0,10776.0,GoogleFlights-Aggregator,2 hr 20 min,DEL -> HYD
2026-09-24T20:37:13.137550,t+30,30,2026-10-24,DEL,HYD,IndiGo,1:30 PM,3:45 PM,135,0,10968.0,GoogleFlights-Aggregator,2 hr 15 min,DEL -> HYD
2026-09-24T20:37:13.137550,t+30,30,2026-10-24,DEL,HYD,IndiGo,2:25 AM,4:40 AM,135,0,11576.0,GoogleFlights-Aggregator,2 hr 15 min,DEL -> HYD
2026-09-24T20:37:13.137550,t+30,30,2026-10-24,DEL,HYD,IndiGo,11:45 AM,2:00 PM,135,0,11576.0,GoogleFlights-Aggregator,2 hr 15 min,DEL -> HYD
2026-09-24T20:37:13.137550,t+30,30,2026-10-24,DEL,HYD,IndiGo,4:15 PM,6:30 PM,135,0,11576.0,GoogleFlights-Aggregator,2 hr 15 min,DEL -> HYD
2026-09-24T20:37:13.137550,t+30,30,2026-10-24,DEL,HYD,IndiGo,5:55 PM,8:15 PM,140,0,14417.0,GoogleFlights-Aggregator,2 hr 20 min,DEL -> HYD
2026-09-24T20:57:37.401476,t+1,1,2026-09-25,DEL,HYD,IndiGo,2:20 AM,7:50 AM,330,1,8060.0,GoogleFlights-Aggregator,5 hr 30 min,DEL -> HYD
2026-09-24T20:57:37.401476,t+1,1,2026-09-25,DEL,HYD,IndiGo,7:05 AM,12:10 PM,305,1,8060.0,GoogleFlights-Aggregator,5 hr 5 min,DEL -> HYD
2026-09-24T20:57:37.401476,t+1,1,2026-09-25,DEL,HYD,IndiGo,2:00 PM,6:55 PM,295,1,8060.0,GoogleFlights-Aggregator,4 hr 55 min,DEL -> HYD
2026-09-24T20:57:37.401476,t+1,1,2026-09-25,DEL,HYD,Air India,2:00 AM,4:20 AM,140,0,8711.0,GoogleFlights-Aggregator,2 hr 20 min,DEL -> HYD
2026-09-24T20:57:37.401476,t+1,1,2026-09-25,DEL,HYD,Air India,10:00 PM,12:20 AM+1,140,0,8711.0,GoogleFlights-Aggregator,2 hr 20 min,DEL -> HYD
2026-09-24T20:57:37.401476,t+1,1,2026-09-25,DEL,HYD,Air India,11:00 PM,1:20 AM+1,140,0,8711.0,GoogleFlights-Aggregator,2 hr 20 min,DEL -> HYD
2026-09-24T20:57:37.401476,t+1,1,2026-09-25,DEL,HYD,Air India,12:30 PM,2:45 PM,135,0,8827.0,GoogleFlights-Aggregator,2 hr 15 min,DEL -> HYD
2026-09-24T20:57:37.401476,t+1,1,2026-09-25,DEL,HYD,Air India,9:40 AM,12:00 PM,140,0,8827.0,GoogleFlights-Aggregator,2 hr 20 min,DEL -> HYD
2026-09-24T20:57:37.401476,t+1,1,2026-09-25,DEL,HYD,Air India,10:30 AM,12:50 PM,140,0,8827.0,GoogleFlights-Aggregator,2 hr 20 min,DEL -> HYD
2026-09-24T20:57:37.401476,t+1,1,2026-09-25,DEL,HYD,Air India,8:30 PM,10:50 PM,140,0,8827.0,GoogleFlights-Aggregator,2 hr 20 min,DEL -> HYD
2026-09-24T20:57:37.401476,t+1,1,2026-09-25,DEL,HYD,IndiGo,11:45 AM,2:00 PM,135,0,8874.0,GoogleFlights-Aggregator,2 hr 15 min,DEL -> HYD
2026-09-24T20:57:37.401476,t+1,1,2026-09-25,DEL,HYD,IndiGo,9:55 AM,12:20 PM,145,0,8874.0,GoogleFlights-Aggregator,2 hr 25 min,DEL -> HYD
2026-09-24T20:57:37.401476,t+1,1,2026-09-25,DEL,HYD,IndiGo,2:45 PM,5:05 PM,140,0,8874.0,GoogleFlights-Aggregator,2 hr 20 min,DEL -> HYD
2026-09-24T20:57:37.401476,t+1,1,2026-09-25,DEL,HYD,IndiGo,5:55 PM,8:15 PM,140,0,8874.0,GoogleFlights-Aggregator,2 hr 20 min,DEL -> HYD
2026-09-24T20:57:37.401476,t+1,1,2026-09-25,DEL,HYD,IndiGo,11:15 PM,1:30 AM+1,135,0,8874.0,GoogleFlights-Aggregator,2 hr 15 min,DEL -> HYD
2026-09-24T20:57:37.401476,t+1,1,2026-09-25,DEL,HYD,Akasa Air,8:40 PM,11:10 PM,150,0,8888.0,GoogleFlights-Aggregator,2 hr 30 min,DEL -> HYD
2026-09-24T20:57:37.401476,t+1,1,2026-09-25,DEL,HYD,Air India,6:00 PM,8:20 PM,140,0,9294.0,GoogleFlights-Aggregator,2 hr 20 min,DEL -> HYD
2026-09-24T20:57:37.401476,t+1,1,2026-09-25,DEL,HYD,Air India,7:30 PM,9:50 PM,140,0,9299.0,GoogleFlights-Aggregator,2 hr 20 min,DEL -> HYD
2026-09-24T20:57:37.401476,t+1,1,2026-09-25,DEL,HYD,IndiGo,7:10 AM,9:20 AM,130,0,9350.0,GoogleFlights-Aggregator,2 hr 10 min,DEL -> HYD
2026-09-24T20:57:37.401476,t+1,1,2026-09-25,DEL,HYD,IndiGo,8:30 AM,10:45 AM,135,0,9350.0,GoogleFlights-Aggregator,2 hr 15 min,DEL -> HYD
2026-09-24T20:57:37.401476,t+1,1,2026-09-25,DEL,HYD,IndiGo,1:30 PM,3:45 PM,135,0,9350.0,GoogleFlights-Aggregator,2 hr 15 min,DEL -> HYD
2026-09-24T20:57:37.401476,t+1,1,2026-09-25,DEL,HYD,IndiGo,4:15 PM,6:30 PM,135,0,9350.0,GoogleFlights-Aggregator,2 hr 15 min,DEL -> HYD
2026-09-24T20:57:37.401476,t+1,1,2026-09-25,DEL,HYD,Akasa Air,2:10 PM,4:30 PM,140,0,9527.0,GoogleFlights-Aggregator,2 hr 20 min,DEL -> HYD
2026-09-24T20:57:37.401476,t+1,1,2026-09-25,DEL,HYD,Air India,2:30 PM,4:40 PM,130,0,9614.0,GoogleFlights-Aggregator,2 hr 10 min,DEL -> HYD
2026-09-24T20:57:37.401476,t+1,1,2026-09-25,DEL,HYD,IndiGo,7:45 PM,10:05 PM,140,0,9856.0,GoogleFlights-Aggregator,2 hr 20 min,DEL -> HYD
2026-09-24T20:57:37.401476,t+1,1,2026-09-25,DEL,HYD,IndiGo,9:00 PM,11:15 PM,135,0,9856.0,GoogleFlights-Aggregator,2 hr 15 min,DEL -> HYD
2026-09-24T20:57:37.401476,t+1,1,2026-09-25,DEL,HYD,Air India,6:00 AM,8:20 AM,140,0,13090.0,GoogleFlights-Aggregator,2 hr 20 min,DEL -> HYD
2026-09-24T20:57:50.746822,t+7,7,2026-10-01,DEL,HYD,IndiGo,5:10 AM,10:15 AM,305,1,8608.0,GoogleFlights-Aggregator,5 hr 5 min,DEL -> HYD
2026-09-24T20:57:50.746822,t+7,7,2026-10-01,DEL,HYD,IndiGo,10:00 AM,2:50 PM,290,1,8608.0,GoogleFlights-Aggregator,4 hr 50 min,DEL -> HYD
2026-09-24T20:57:50.746822,t+7,7,2026-10-01,DEL,HYD,IndiGo,7:30 PM,12:45 AM+1,315,1,8608.0,GoogleFlights-Aggregator,5 hr 15 min,DEL -> HYD
2026-09-24T20:57:50.746822,t+7,7,2026-10-01,DEL,HYD,Air India,2:00 AM,4:20 AM,140,0,8711.0,GoogleFlights-Aggregator,2 hr 20 min,DEL -> HYD
2026-09-24T20:57:50.746822,t+7,7,2026-10-01,DEL,HYD,Air India,6:00 AM,8:20 AM,140,0,8822.0,GoogleFlights-Aggregator,2 hr 20 min,DEL -> HYD
2026-09-24T20:57:50.746822,t+7,7,2026-10-01,DEL,HYD,Air India,12:30 PM,2:45 PM,135,0,8827.0,GoogleFlights-Aggregator,2 hr 15 min,DEL -> HYD
2026-09-24T20:57:50.746822,t+7,7,2026-10-01,DEL,HYD,Air India,3:30 PM,5:55 PM,145,0,8827.0,GoogleFlights-Aggregator,2 hr 25 min,DEL -> HYD
2026-09-24T20:57:50.746822,t+7,7,2026-10-01,DEL,HYD,IndiGo,1:30 PM,3:45 PM,135,0,8874.0,GoogleFlights-Aggregator,2 hr 15 min,DEL -> HYD
2026-09-24T20:57:50.746822,t+7,7,2026-10-01,DEL,HYD,IndiGo,2:25 AM,4:40 AM,135,0,8874.0,GoogleFlights-Aggregator,2 hr 15 min,DEL -> HYD
2026-09-24T20:57:50.746822,t+7,7,2026-10-01,DEL,HYD,IndiGo,5:30 AM,7:50 AM,140,0,8874.0,GoogleFlights-Aggregator,2 hr 20 min,DEL -> HYD
2026-09-24T20:57:50.746822,t+7,7,2026-10-01,DEL,HYD,IndiGo,2:45 PM,5:05 PM,140,0,8874.0,GoogleFlights-Aggregator,2 hr 20 min,DEL -> HYD
2026-09-24T20:57:50.746822,t+7,7,2026-10-01,DEL,HYD,IndiGo,4:15 PM,6:30 PM,135,0,8874.0,GoogleFlights-Aggregator,2 hr 15 min,DEL -> HYD
2026-09-24T20:57:50.746822,t+7,7,2026-10-01,DEL,HYD,Air India,2:30 PM,4:40 PM,130,0,9121.0,GoogleFlights-Aggregator,2 hr 10 min,DEL -> HYD
2026-09-24T20:57:50.746822,t+7,7,2026-10-01,DEL,HYD,Akasa Air,2:10 PM,4:30 PM,140,0,9200.0,GoogleFlights-Aggregator,2 hr 20 min,DEL -> HYD
2026-09-24T20:57:50.746822,t+7,7,2026-10-01,DEL,HYD,IndiGo,7:10 AM,9:20 AM,130,0,9350.0,GoogleFlights-Aggregator,2 hr 10 min,DEL -> HYD
2026-09-24T20:57:50.746822,t+7,7,2026-10-01,DEL,HYD,IndiGo,7:45 PM,10:05 PM,140,0,9350.0,GoogleFlights-Aggregator,2 hr 20 min,DEL -> HYD
2026-09-24T20:57:50.746822,t+7,7,2026-10-01,DEL,HYD,IndiGo,11:15 PM,1:30 AM+1,135,0,9350.0,GoogleFlights-Aggregator,2 hr 15 min,DEL -> HYD
2026-09-24T20:57:50.746822,t+7,7,2026-10-01,DEL,HYD,Air India,10:00 PM,12:20 AM+1,140,0,9777.0,GoogleFlights-Aggregator,2 hr 20 min,DEL -> HYD
2026-09-24T20:57:50.746822,t+7,7,2026-10-01,DEL,HYD,Air India,11:00 PM,1:20 AM+1,140,0,9777.0,GoogleFlights-Aggregator,2 hr 20 min,DEL -> HYD
2026-09-24T20:57:50.746822,t+7,7,2026-10-01,DEL,HYD,Air India,10:30 AM,12:50 PM,140,0,9809.0,GoogleFlights-Aggregator,2 hr 20 min,DEL -> HYD
2026-09-24T20:57:50.746822,t+7,7,2026-10-01,DEL,HYD,Air India,8:30 PM,10:50 PM,140,0,9809.0,GoogleFlights-Aggregator,2 hr 20 min,DEL -> HYD
2026-09-24T20:57:50.746822,t+7,7,2026-10-01,DEL,HYD,IndiGo,8:30 AM,10:45 AM,135,0,9856.0,GoogleFlights-Aggregator,2 hr 15 min,DEL -> HYD
2026-09-24T20:57:50.746822,t+7,7,2026-10-01,DEL,HYD,IndiGo,9:55 AM,12:20 PM,145,0,9856.0,GoogleFlights-Aggregator,2 hr 25 min,DEL -> HYD
2026-09-24T20:57:50.746822,t+7,7,2026-10-01,DEL,HYD,IndiGo,11:45 AM,2:00 PM,135,0,9856.0,GoogleFlights-Aggregator,2 hr 15 min,DEL -> HYD
2026-09-24T20:57:50.746822,t+7,7,2026-10-01,DEL,HYD,IndiGo,9:00 PM,11:15 PM,135,0,9856.0,GoogleFlights-Aggregator,2 hr 15 min,DEL -> HYD
2026-09-24T20:57:50.746822,t+7,7,2026-10-01,DEL,HYD,Air India,7:30 PM,9:50 PM,140,0,9977.0,GoogleFlights-Aggregator,2 hr 20 min,DEL -> HYD
2026-09-24T20:57:50.746822,t+7,7,2026-10-01,DEL,HYD,Air India,9:40 AM,12:00 PM,140,0,10229.0,GoogleFlights-Aggregator,2 hr 20 min,DEL -> HYD
2026-09-24T20:57:50.746822,t+7,7,2026-10-01,DEL,HYD,IndiGo,5:55 PM,8:15 PM,140,0,10395.0,GoogleFlights-Aggregator,2 hr 20 min,DEL -> HYD
2026-09-24T20:57:50.746822,t+7,7,2026-10-01,DEL,HYD,Air India,6:00 PM,8:20 PM,140,0,10922.0,GoogleFlights-Aggregator,2 hr 20 min,DEL -> HYD
2026-09-24T20:57:50.746822,t+7,7,2026-10-01,DEL,HYD,Akasa Air,8:40 PM,11:10 PM,150,0,11366.0,GoogleFlights-Aggregator,2 hr 30 min,DEL -> HYD
2026-09-24T20:58:15.604933,t+15,15,2026-10-09,DEL,HYD,IndiGo,5:10 AM,10:15 AM,305,1,7982.0,GoogleFlights-Aggregator,5 hr 5 min,DEL -> HYD
2026-09-24T20:58:15.604933,t+15,15,2026-10-09,DEL,HYD,IndiGo,10:00 AM,2:50 PM,290,1,7982.0,GoogleFlights-Aggregator,4 hr 50 min,DEL -> HYD
2026-09-24T20:58:15.604933,t+15,15,2026-10-09,DEL,HYD,IndiGo,5:05 PM,10:30 PM,325,1,7982.0,GoogleFlights-Aggregator,5 hr 25 min,DEL -> HYD
2026-09-24T20:58:15.604933,t+15,15,2026-10-09,DEL,HYD,IndiGo,7:30 PM,12:45 AM+1,315,1,7982.0,GoogleFlights-Aggregator,5 hr 15 min,DEL -> HYD
2026-09-24T20:58:15.604933,t+15,15,2026-10-09,DEL,HYD,Air India,2:00 AM,4:20 AM,140,0,8711.0,GoogleFlights-Aggregator,2 hr 20 min,DEL -> HYD
2026-09-24T20:58:15.604933,t+15,15,2026-10-09,DEL,HYD,Air India,11:00 PM,1:20 AM+1,140,0,8711.0,GoogleFlights-Aggregator,2 hr 20 min,DEL -> HYD
2026-09-24T20:58:15.604933,t+15,15,2026-10-09,DEL,HYD,Air India,3:30 PM,5:55 PM,145,0,8827.0,GoogleFlights-Aggregator,2 hr 25 min,DEL -> HYD
2026-09-24T20:58:15.604933,t+15,15,2026-10-09,DEL,HYD,Air India,8:30 PM,10:50 PM,140,0,8827.0,GoogleFlights-Aggregator,2 hr 20 min,DEL -> HYD
2026-09-24T20:58:15.604933,t+15,15,2026-10-09,DEL,HYD,IndiGo,1:30 PM,3:45 PM,135,0,8874.0,GoogleFlights-Aggregator,2 hr 15 min,DEL -> HYD
2026-09-24T20:58:15.604933,t+15,15,2026-10-09,DEL,HYD,IndiGo,2:25 AM,4:40 AM,135,0,8874.0,GoogleFlights-Aggregator,2 hr 15 min,DEL -> HYD
2026-09-24T20:58:15.604933,t+15,15,2026-10-09,DEL,HYD,IndiGo,5:30 AM,7:50 AM,140,0,8874.0,GoogleFlights-Aggregator,2 hr 20 min,DEL -> HYD
2026-09-24T20:58:15.604933,t+15,15,2026-10-09,DEL,HYD,IndiGo,7:10 AM,9:20 AM,130,0,8874.0,GoogleFlights-Aggregator,2 hr 10 min,DEL -> HYD
2026-09-24T20:58:15.604933,t+15,15,2026-10-09,DEL,HYD,IndiGo,8:30 AM,10:45 AM,135,0,8874.0,GoogleFlights-Aggregator,2 hr 15 min,DEL -> HYD
2026-09-24T20:58:15.604933,t+15,15,2026-10-09,DEL,HYD,IndiGo,2:45 PM,5:05 PM,140,0,8874.0,GoogleFlights-Aggregator,2 hr 20 min,DEL -> HYD
2026-09-24T20:58:15.604933,t+15,15,2026-10-09,DEL,HYD,IndiGo,4:15 PM,6:30 PM,135,0,8874.0,GoogleFlights-Aggregator,2 hr 15 min,DEL -> HYD
2026-09-24T20:58:15.604933,t+15,15,2026-10-09,DEL,HYD,IndiGo,5:55 PM,8:15 PM,140,0,8874.0,GoogleFlights-Aggregator,2 hr 20 min,DEL -> HYD
2026-09-24T20:58:15.604933,t+15,15,2026-10-09,DEL,HYD,IndiGo,9:00 PM,11:15 PM,135,0,8874.0,GoogleFlights-Aggregator,2 hr 15 min,DEL -> HYD
2026-09-24T20:58:15.604933,t+15,15,2026-10-09,DEL,HYD,IndiGo,11:15 PM,1:30 AM+1,135,0,8874.0,GoogleFlights-Aggregator,2 hr 15 min,DEL -> HYD
2026-09-24T20:58:15.604933,t+15,15,2026-10-09,DEL,HYD,Akasa Air,2:10 PM,4:30 PM,140,0,8888.0,GoogleFlights-Aggregator,2 hr 20 min,DEL -> HYD
2026-09-24T20:58:15.604933,t+15,15,2026-10-09,DEL,HYD,Air India,6:00 AM,8:20 AM,140,0,8974.0,GoogleFlights-Aggregator,2 hr 20 min,DEL -> HYD
2026-09-24T20:58:15.604933,t+15,15,2026-10-09,DEL,HYD,Air India,6:00 PM,8:20 PM,140,0,9047.0,GoogleFlights-Aggregator,2 hr 20 min,DEL -> HYD
2026-09-24T20:58:15.604933,t+15,15,2026-10-09,DEL,HYD,Air India,2:30 PM,4:40 PM,130,0,9121.0,GoogleFlights-Aggregator,2 hr 10 min,DEL -> HYD
2026-09-24T20:58:15.604933,t+15,15,2026-10-09,DEL,HYD,IndiGo,9:55 AM,12:20 PM,145,0,9350.0,GoogleFlights-Aggregator,2 hr 25 min,DEL -> HYD
2026-09-24T20:58:15.604933,t+15,15,2026-10-09,DEL,HYD,IndiGo,7:45 PM,10:05 PM,140,0,9856.0,GoogleFlights-Aggregator,2 hr 20 min,DEL -> HYD
2026-09-24T20:58:15.604933,t+15,15,2026-10-09,DEL,HYD,Air India,7:30 PM,9:50 PM,140,0,9977.0,GoogleFlights-Aggregator,2 hr 20 min,DEL -> HYD
2026-09-24T20:58:15.604933,t+15,15,2026-10-09,DEL,HYD,Akasa Air,8:40 PM,11:10 PM,150,0,10218.0,GoogleFlights-Aggregator,2 hr 30 min,DEL -> HYD
2026-09-24T20:58:15.604933,t+15,15,2026-10-09,DEL,HYD,Air India,9:40 AM,12:00 PM,140,0,10344.0,GoogleFlights-Aggregator,2 hr 20 min,DEL -> HYD
2026-09-24T20:58:15.604933,t+15,15,2026-10-09,DEL,HYD,Air India,10:30 AM,12:50 PM,140,0,10344.0,GoogleFlights-Aggregator,2 hr 20 min,DEL -> HYD
2026-09-24T20:58:15.604933,t+15,15,2026-10-09,DEL,HYD,Air India,7:00 AM,9:20 AM,140,0,10922.0,GoogleFlights-Aggregator,2 hr 20 min,DEL -> HYD
2026-09-24T20:58:15.604933,t+15,15,2026-10-09,DEL,HYD,Air India,12:30 PM,2:45 PM,135,0,10922.0,GoogleFlights-Aggregator,2 hr 15 min,DEL -> HYD
2026-09-24T20:58:15.604933,t+15,15,2026-10-09,DEL,HYD,IndiGo,11:45 AM,2:00 PM,135,0,12221.0,GoogleFlights-Aggregator,2 hr 15 min,DEL -> HYD
2026-09-24T20:58:28.048239,t+30,30,2026-10-24,DEL,HYD,IndiGo,7:10 AM,9:20 AM,130,0,8877.0,GoogleFlights-Aggregator,2 hr 10 min,DEL -> HYD
2026-09-24T20:58:28.048239,t+30,30,2026-10-24,DEL,HYD,IndiGo,5:30 AM,7:50 AM,140,0,8877.0,GoogleFlights-Aggregator,2 hr 20 min,DEL -> HYD
2026-09-24T20:58:28.048239,t+30,30,2026-10-24,DEL,HYD,Air India,10:30 AM,12:50 PM,140,0,9299.0,GoogleFlights-Aggregator,2 hr 20 min,DEL -> HYD
2026-09-24T20:58:28.048239,t+30,30,2026-10-24,DEL,HYD,Air India,9:40 AM,12:00 PM,140,0,9299.0,GoogleFlights-Aggregator,2 hr 20 min,DEL -> HYD
2026-09-24T20:58:28.048239,t+30,30,2026-10-24,DEL,HYD,Air India,10:00 PM,12:20 AM+1,140,0,9299.0,GoogleFlights-Aggregator,2 hr 20 min,DEL -> HYD
2026-09-24T20:58:28.048239,t+30,30,2026-10-24,DEL,HYD,Air India,11:00 PM,1:20 AM+1,140,0,9299.0,GoogleFlights-Aggregator,2 hr 20 min,DEL -> HYD
2026-09-24T20:58:28.048239,t+30,30,2026-10-24,DEL,HYD,Air India,6:00 AM,8:20 AM,140,0,9341.0,GoogleFlights-Aggregator,2 hr 20 min,DEL -> HYD
2026-09-24T20:58:28.048239,t+30,30,2026-10-24,DEL,HYD,IndiGo,8:30 AM,10:45 AM,135,0,9352.0,GoogleFlights-Aggregator,2 hr 15 min,DEL -> HYD
2026-09-24T20:58:28.048239,t+30,30,2026-10-24,DEL,HYD,IndiGo,9:55 AM,12:20 PM,145,0,9352.0,GoogleFlights-Aggregator,2 hr 25 min,DEL -> HYD
2026-09-24T20:58:28.048239,t+30,30,2026-10-24,DEL,HYD,IndiGo,11:15 PM,1:30 AM+1,135,0,9352.0,GoogleFlights-Aggregator,2 hr 15 min,DEL -> HYD
2026-09-24T20:58:28.048239,t+30,30,2026-10-24,DEL,HYD,Akasa Air,8:40 PM,11:10 PM,150,0,9695.0,GoogleFlights-Aggregator,2 hr 30 min,DEL -> HYD
2026-09-24T20:58:28.048239,t+30,30,2026-10-24,DEL,HYD,Air India,2:00 AM,4:20 AM,140,0,10344.0,GoogleFlights-Aggregator,2 hr 20 min,DEL -> HYD
2026-09-24T20:58:28.048239,t+30,30,2026-10-24,DEL,HYD,Air India,12:30 PM,2:45 PM,135,0,10344.0,GoogleFlights-Aggregator,2 hr 15 min,DEL -> HYD
2026-09-24T20:58:28.048239,t+30,30,2026-10-24,DEL,HYD,Air India,6:00 PM,8:20 PM,140,0,10344.0,GoogleFlights-Aggregator,2 hr 20 min,DEL -> HYD
2026-09-24T20:58:28.048239,t+30,30,2026-10-24,DEL,HYD,IndiGo,2:45 PM,5:05 PM,140,0,10397.0,GoogleFlights-Aggregator,2 hr 20 min,DEL -> HYD
2026-09-24T20:58:28.048239,t+30,30,2026-10-24,DEL,HYD,IndiGo,7:45 PM,10:05 PM,140,0,10397.0,GoogleFlights-Aggregator,2 hr 20 min,DEL -> HYD
2026-09-24T20:58:28.048239,t+30,30,2026-10-24,DEL,HYD,IndiGo,9:00 PM,11:15 PM,135,0,10397.0,GoogleFlights-Aggregator,2 hr 15 min,DEL -> HYD
2026-09-24T20:58:28.048239,t+30,30,2026-10-24,DEL,HYD,Air India,7:30 PM,9:50 PM,140,0,10523.0,GoogleFlights-Aggregator,2 hr 20 min,DEL -> HYD
2026-09-24T20:58:28.048239,t+30,30,2026-10-24,DEL,HYD,Air India,3:30 PM,5:55 PM,145,0,10612.0,GoogleFlights-Aggregator,2 hr 25 min,DEL -> HYD
2026-09-24T20:58:28.048239,t+30,30,2026-10-24,DEL,HYD,Air India,2:30 PM,4:40 PM,130,0,10701.0,GoogleFlights-Aggregator,2 hr 10 min,DEL -> HYD
2026-09-24T20:58:28.048239,t+30,30,2026-10-24,DEL,HYD,Akasa Air,2:10 PM,4:30 PM,140,0,10776.0,GoogleFlights-Aggregator,2 hr 20 min,DEL -> HYD
2026-09-24T20:58:28.048239,t+30,30,2026-10-24,DEL,HYD,IndiGo,1:30 PM,3:45 PM,135,0,10968.0,GoogleFlights-Aggregator,2 hr 15 min,DEL -> HYD
2026-09-24T20:58:28.048239,t+30,30,2026-10-24,DEL,HYD,IndiGo,2:25 AM,4:40 AM,135,0,11576.0,GoogleFlights-Aggregator,2 hr 15 min,DEL -> HYD
2026-09-24T20:58:28.048239,t+30,30,2026-10-24,DEL,HYD,IndiGo,11:45 AM,2:00 PM,135,0,11576.0,GoogleFlights-Aggregator,2 hr 15 min,DEL -> HYD
2026-09-24T20:58:28.048239,t+30,30,2026-10-24,DEL,HYD,IndiGo,4:15 PM,6:30 PM,135,0,11576.0,GoogleFlights-Aggregator,2 hr 15 min,DEL -> HYD
2026-09-24T20:58:28.048239,t+30,30,2026-10-24,DEL,HYD,IndiGo,5:55 PM,8:15 PM,140,0,14417.0,GoogleFlights-Aggregator,2 hr 20 min,DEL -> HYD
2026-09-24T21:09:44.909141,t+1,1,2026-09-25,DEL,HYD,IndiGo,2:20 AM,7:50 AM,330,1,8060.0,GoogleFlights-Aggregator,5 hr 30 min,DEL -> HYD
2026-09-24T21:09:44.909141,t+1,1,2026-09-25,DEL,HYD,IndiGo,7:05 AM,12:10 PM,305,1,8060.0,GoogleFlights-Aggregator,5 hr 5 min,DEL -> HYD
2026-09-24T21:09:44.909141,t+1,1,2026-09-25,DEL,HYD,IndiGo,2:00 PM,6:55 PM,295,1,8060.0,GoogleFlights-Aggregator,4 hr 55 min,DEL -> HYD
2026-09-24T21:09:44.909141,t+1,1,2026-09-25,DEL,HYD,Air India,2:00 AM,4:20 AM,140,0,8711.0,GoogleFlights-Aggregator,2 hr 20 min,DEL -> HYD
2026-09-24T21:09:44.909141,t+1,1,2026-09-25,DEL,HYD,Air India,10:00 PM,12:20 AM+1,140,0,8711.0,GoogleFlights-Aggregator,2 hr 20 min,DEL -> HYD
2026-09-24T21:09:44.909141,t+1,1,2026-09-25,DEL,HYD,Air India,11:00 PM,1:20 AM+1,140,0,8711.0,GoogleFlights-Aggregator,2 hr 20 min,DEL -> HYD
2026-09-24T21:09:44.909141,t+1,1,2026-09-25,DEL,HYD,Akasa Air,2:10 PM,4:30 PM,140,0,8735.0,GoogleFlights-Aggregator,2 hr 20 min,DEL -> HYD
2026-09-24T21:09:44.909141,t+1,1,2026-09-25,DEL,HYD,Air India,12:30 PM,2:45 PM,135,0,8827.0,GoogleFlights-Aggregator,2 hr 15 min,DEL -> HYD
2026-09-24T21:09:44.909141,t+1,1,2026-09-25,DEL,HYD,Air India,9:40 AM,12:00 PM,140,0,8827.0,GoogleFlights-Aggregator,2 hr 20 min,DEL -> HYD
2026-09-24T21:09:44.909141,t+1,1,2026-09-25,DEL,HYD,Air India,10:30 AM,12:50 PM,140,0,8827.0,GoogleFlights-Aggregator,2 hr 20 min,DEL -> HYD
2026-09-24T21:09:44.909141,t+1,1,2026-09-25,DEL,HYD,Air India,8:30 PM,10:50 PM,140,0,8827.0,GoogleFlights-Aggregator,2 hr 20 min,DEL -> HYD
2026-09-24T21:09:44.909141,t+1,1,2026-09-25,DEL,HYD,IndiGo,11:45 AM,2:00 PM,135,0,8874.0,GoogleFlights-Aggregator,2 hr 15 min,DEL -> HYD
2026-09-24T21:09:44.909141,t+1,1,2026-09-25,DEL,HYD,IndiGo,9:55 AM,12:20 PM,145,0,8874.0,GoogleFlights-Aggregator,2 hr 25 min,DEL -> HYD
2026-09-24T21:09:44.909141,t+1,1,2026-09-25,DEL,HYD,IndiGo,2:45 PM,5:05 PM,140,0,8874.0,GoogleFlights-Aggregator,2 hr 20 min,DEL -> HYD
2026-09-24T21:09:44.909141,t+1,1,2026-09-25,DEL,HYD,IndiGo,5:55 PM,8:15 PM,140,0,8874.0,GoogleFlights-Aggregator,2 hr 20 min,DEL -> HYD
2026-09-24T21:09:44.909141,t+1,1,2026-09-25,DEL,HYD,IndiGo,11:15 PM,1:30 AM+1,135,0,8874.0,GoogleFlights-Aggregator,2 hr 15 min,DEL -> HYD
2026-09-24T21:09:44.909141,t+1,1,2026-09-25,DEL,HYD,Air India,6:00 PM,8:20 PM,140,0,9294.0,GoogleFlights-Aggregator,2 hr 20 min,DEL -> HYD
2026-09-24T21:09:44.909141,t+1,1,2026-09-25,DEL,HYD,Air India,7:30 PM,9:50 PM,140,0,9299.0,GoogleFlights-Aggregator,2 hr 20 min,DEL -> HYD
2026-09-24T21:09:44.909141,t+1,1,2026-09-25,DEL,HYD,IndiGo,7:10 AM,9:20 AM,130,0,9350.0,GoogleFlights-Aggregator,2 hr 10 min,DEL -> HYD
2026-09-24T21:09:44.909141,t+1,1,2026-09-25,DEL,HYD,IndiGo,8:30 AM,10:45 AM,135,0,9350.0,GoogleFlights-Aggregator,2 hr 15 min,DEL -> HYD
2026-09-24T21:09:44.909141,t+1,1,2026-09-25,DEL,HYD,IndiGo,1:30 PM,3:45 PM,135,0,9350.0,GoogleFlights-Aggregator,2 hr 15 min,DEL -> HYD
2026-09-24T21:09:44.909141,t+1,1,2026-09-25,DEL,HYD,IndiGo,4:15 PM,6:30 PM,135,0,9350.0,GoogleFlights-Aggregator,2 hr 15 min,DEL -> HYD
2026-09-24T21:09:44.909141,t+1,1,2026-09-25,DEL,HYD,Air India,2:30 PM,4:40 PM,130,0,9614.0,GoogleFlights-Aggregator,2 hr 10 min,DEL -> HYD
2026-09-24T21:09:44.909141,t+1,1,2026-09-25,DEL,HYD,Akasa Air,8:40 PM,11:10 PM,150,0,9695.0,GoogleFlights-Aggregator,2 hr 30 min,DEL -> HYD
2026-09-24T21:09:44.909141,t+1,1,2026-09-25,DEL,HYD,IndiGo,7:45 PM,10:05 PM,140,0,9856.0,GoogleFlights-Aggregator,2 hr 20 min,DEL -> HYD
2026-09-24T21:09:44.909141,t+1,1,2026-09-25,DEL,HYD,IndiGo,9:00 PM,11:15 PM,135,0,9856.0,GoogleFlights-Aggregator,2 hr 15 min,DEL -> HYD
2026-09-24T21:09:44.909141,t+1,1,2026-09-25,DEL,HYD,Air India,6:00 AM,8:20 AM,140,0,13090.0,GoogleFlights-Aggregator,2 hr 20 min,DEL -> HYD
2026-09-24T21:09:58.773699,t+7,7,2026-10-01,DEL,HYD,IndiGo,5:10 AM,10:15 AM,305,1,8608.0,GoogleFlights-Aggregator,5 hr 5 min,DEL -> HYD
2026-09-24T21:09:58.773699,t+7,7,2026-10-01,DEL,HYD,IndiGo,10:00 AM,2:50 PM,290,1,8608.0,GoogleFlights-Aggregator,4 hr 50 min,DEL -> HYD
2026-09-24T21:09:58.773699,t+7,7,2026-10-01,DEL,HYD,IndiGo,7:30 PM,12:45 AM+1,315,1,8608.0,GoogleFlights-Aggregator,5 hr 15 min,DEL -> HYD
2026-09-24T21:09:58.773699,t+7,7,2026-10-01,DEL,HYD,Air India,2:00 AM,4:20 AM,140,0,8711.0,GoogleFlights-Aggregator,2 hr 20 min,DEL -> HYD
2026-09-24T21:09:58.773699,t+7,7,2026-10-01,DEL,HYD,Air India,6:00 AM,8:20 AM,140,0,8822.0,GoogleFlights-Aggregator,2 hr 20 min,DEL -> HYD
2026-09-24T21:09:58.773699,t+7,7,2026-10-01,DEL,HYD,Air India,12:30 PM,2:45 PM,135,0,8827.0,GoogleFlights-Aggregator,2 hr 15 min,DEL -> HYD
2026-09-24T21:09:58.773699,t+7,7,2026-10-01,DEL,HYD,Air India,3:30 PM,5:55 PM,145,0,8827.0,GoogleFlights-Aggregator,2 hr 25 min,DEL -> HYD
2026-09-24T21:09:58.773699,t+7,7,2026-10-01,DEL,HYD,IndiGo,1:30 PM,3:45 PM,135,0,8874.0,GoogleFlights-Aggregator,2 hr 15 min,DEL -> HYD
2026-09-24T21:09:58.773699,t+7,7,2026-10-01,DEL,HYD,IndiGo,2:25 AM,4:40 AM,135,0,8874.0,GoogleFlights-Aggregator,2 hr 15 min,DEL -> HYD
2026-09-24T21:09:58.773699,t+7,7,2026-10-01,DEL,HYD,IndiGo,5:30 AM,7:50 AM,140,0,8874.0,GoogleFlights-Aggregator,2 hr 20 min,DEL -> HYD
2026-09-24T21:09:58.773699,t+7,7,2026-10-01,DEL,HYD,IndiGo,2:45 PM,5:05 PM,140,0,8874.0,GoogleFlights-Aggregator,2 hr 20 min,DEL -> HYD
2026-09-24T21:09:58.773699,t+7,7,2026-10-01,DEL,HYD,IndiGo,4:15 PM,6:30 PM,135,0,8874.0,GoogleFlights-Aggregator,2 hr 15 min,DEL -> HYD
2026-09-24T21:09:58.773699,t+7,7,2026-10-01,DEL,HYD,Air India,2:30 PM,4:40 PM,130,0,9121.0,GoogleFlights-Aggregator,2 hr 10 min,DEL -> HYD
2026-09-24T21:09:58.773699,t+7,7,2026-10-01,DEL,HYD,Akasa Air,2:10 PM,4:30 PM,140,0,9200.0,GoogleFlights-Aggregator,2 hr 20 min,DEL -> HYD
2026-09-24T21:09:58.773699,t+7,7,2026-10-01,DEL,HYD,IndiGo,7:10 AM,9:20 AM,130,0,9350.0,GoogleFlights-Aggregator,2 hr 10 min,DEL -> HYD
2026-09-24T21:09:58.773699,t+7,7,2026-10-01,DEL,HYD,IndiGo,11:15 PM,1:30 AM+1,135,0,9350.0,GoogleFlights-Aggregator,2 hr 15 min,DEL -> HYD
2026-09-24T21:09:58.773699,t+7,7,2026-10-01,DEL,HYD,Air India,10:00 PM,12:20 AM+1,140,0,9777.0,GoogleFlights-Aggregator,2 hr 20 min,DEL -> HYD
2026-09-24T21:09:58.773699,t+7,7,2026-10-01,DEL,HYD,Air India,11:00 PM,1:20 AM+1,140,0,9777.0,GoogleFlights-Aggregator,2 hr 20 min,DEL -> HYD
2026-09-24T21:09:58.773699,t+7,7,2026-10-01,DEL,HYD,Air India,10:30 AM,12:50 PM,140,0,9809.0,GoogleFlights-Aggregator,2 hr 20 min,DEL -> HYD
2026-09-24T21:09:58.773699,t+7,7,2026-10-01,DEL,HYD,Air India,8:30 PM,10:50 PM,140,0,9809.0,GoogleFlights-Aggregator,2 hr 20 min,DEL -> HYD
2026-09-24T21:09:58.773699,t+7,7,2026-10-01,DEL,HYD,IndiGo,8:30 AM,10:45 AM,135,0,9856.0,GoogleFlights-Aggregator,2 hr 15 min,DEL -> HYD
2026-09-24T21:09:58.773699,t+7,7,2026-10-01,DEL,HYD,IndiGo,9:55 AM,12:20 PM,145,0,9856.0,GoogleFlights-Aggregator,2 hr 25 min,DEL -> HYD
2026-09-24T21:09:58.773699,t+7,7,2026-10-01,DEL,HYD,IndiGo,11:45 AM,2:00 PM,135,0,9856.0,GoogleFlights-Aggregator,2 hr 15 min,DEL -> HYD
2026-09-24T21:09:58.773699,t+7,7,2026-10-01,DEL,HYD,IndiGo,7:45 PM,10:05 PM,140,0,9856.0,GoogleFlights-Aggregator,2 hr 20 min,DEL -> HYD
2026-09-24T21:09:58.773699,t+7,7,2026-10-01,DEL,HYD,IndiGo,9:00 PM,11:15 PM,135,0,9856.0,GoogleFlights-Aggregator,2 hr 15 min,DEL -> HYD
2026-09-24T21:09:58.773699,t+7,7,2026-10-01,DEL,HYD,Air India,7:30 PM,9:50 PM,140,0,9977.0,GoogleFlights-Aggregator,2 hr 20 min,DEL -> HYD
2026-09-24T21:09:58.773699,t+7,7,2026-10-01,DEL,HYD,Air India,9:40 AM,12:00 PM,140,0,10229.0,GoogleFlights-Aggregator,2 hr 20 min,DEL -> HYD
2026-09-24T21:09:58.773699,t+7,7,2026-10-01,DEL,HYD,IndiGo,5:55 PM,8:15 PM,140,0,10395.0,GoogleFlights-Aggregator,2 hr 20 min,DEL -> HYD
2026-09-24T21:09:58.773699,t+7,7,2026-10-01,DEL,HYD,Air India,6:00 PM,8:20 PM,140,0,10922.0,GoogleFlights-Aggregator,2 hr 20 min,DEL -> HYD
2026-09-24T21:09:58.773699,t+7,7,2026-10-01,DEL,HYD,Akasa Air,8:40 PM,11:10 PM,150,0,11366.0,GoogleFlights-Aggregator,2 hr 30 min,DEL -> HYD
2026-09-24T21:10:12.275773,t+15,15,2026-10-09,DEL,HYD,IndiGo,5:10 AM,10:15 AM,305,1,7982.0,GoogleFlights-Aggregator,5 hr 5 min,DEL -> HYD
2026-09-24T21:10:12.275773,t+15,15,2026-10-09,DEL,HYD,IndiGo,10:00 AM,2:50 PM,290,1,7982.0,GoogleFlights-Aggregator,4 hr 50 min,DEL -> HYD
2026-09-24T21:10:12.275773,t+15,15,2026-10-09,DEL,HYD,IndiGo,5:05 PM,10:30 PM,325,1,7982.0,GoogleFlights-Aggregator,5 hr 25 min,DEL -> HYD
2026-09-24T21:10:12.275773,t+15,15,2026-10-09,DEL,HYD,IndiGo,7:30 PM,12:45 AM+1,315,1,7982.0,GoogleFlights-Aggregator,5 hr 15 min,DEL -> HYD
2026-09-24T21:10:12.275773,t+15,15,2026-10-09,DEL,HYD,Air India,2:00 AM,4:20 AM,140,0,8711.0,GoogleFlights-Aggregator,2 hr 20 min,DEL -> HYD
2026-09-24T21:10:12.275773,t+15,15,2026-10-09,DEL,HYD,Air India,11:00 PM,1:20 AM+1,140,0,8711.0,GoogleFlights-Aggregator,2 hr 20 min,DEL -> HYD
2026-09-24T21:10:12.275773,t+15,15,2026-10-09,DEL,HYD,Air India,3:30 PM,5:55 PM,145,0,8827.0,GoogleFlights-Aggregator,2 hr 25 min,DEL -> HYD
2026-09-24T21:10:12.275773,t+15,15,2026-10-09,DEL,HYD,Air India,8:30 PM,10:50 PM,140,0,8827.0,GoogleFlights-Aggregator,2 hr 20 min,DEL -> HYD
2026-09-24T21:10:12.275773,t+15,15,2026-10-09,DEL,HYD,IndiGo,1:30 PM,3:45 PM,135,0,8874.0,GoogleFlights-Aggregator,2 hr 15 min,DEL -> HYD
2026-09-24T21:10:12.275773,t+15,15,2026-10-09,DEL,HYD,IndiGo,2:25 AM,4:40 AM,135,0,8874.0,GoogleFlights-Aggregator,2 hr 15 min,DEL -> HYD
2026-09-24T21:10:12.275773,t+15,15,2026-10-09,DEL,HYD,IndiGo,5:30 AM,7:50 AM,140,0,8874.0,GoogleFlights-Aggregator,2 hr 20 min,DEL -> HYD
2026-09-24T21:10:12.275773,t+15,15,2026-10-09,DEL,HYD,IndiGo,7:10 AM,9:20 AM,130,0,8874.0,GoogleFlights-Aggregator,2 hr 10 min,DEL -> HYD
2026-09-24T21:10:12.275773,t+15,15,2026-10-09,DEL,HYD,IndiGo,8:30 AM,10:45 AM,135,0,8874.0,GoogleFlights-Aggregator,2 hr 15 min,DEL -> HYD
2026-09-24T21:10:12.275773,t+15,15,2026-10-09,DEL,HYD,IndiGo,2:45 PM,5:05 PM,140,0,8874.0,GoogleFlights-Aggregator,2 hr 20 min,DEL -> HYD
2026-09-24T21:10:12.275773,t+15,15,2026-10-09,DEL,HYD,IndiGo,4:15 PM,6:30 PM,135,0,8874.0,GoogleFlights-Aggregator,2 hr 15 min,DEL -> HYD
2026-09-24T21:10:12.275773,t+15,15,2026-10-09,DEL,HYD,IndiGo,5:55 PM,8:15 PM,140,0,8874.0,GoogleFlights-Aggregator,2 hr 20 min,DEL -> HYD
2026-09-24T21:10:12.275773,t+15,15,2026-10-09,DEL,HYD,IndiGo,9:00 PM,11:15 PM,135,0,8874.0,GoogleFlights-Aggregator,2 hr 15 min,DEL -> HYD
2026-09-24T21:10:12.275773,t+15,15,2026-10-09,DEL,HYD,IndiGo,11:15 PM,1:30 AM+1,135,0,8874.0,GoogleFlights-Aggregator,2 hr 15 min,DEL -> HYD
2026-09-24T21:10:12.275773,t+15,15,2026-10-09,DEL,HYD,Akasa Air,2:10 PM,4:30 PM,140,0,8888.0,GoogleFlights-Aggregator,2 hr 20 min,DEL -> HYD
2026-09-24T21:10:12.275773,t+15,15,2026-10-09,DEL,HYD,Air India,6:00 AM,8:20 AM,140,0,8974.0,GoogleFlights-Aggregator,2 hr 20 min,DEL -> HYD
2026-09-24T21:10:12.275773,t+15,15,2026-10-09,DEL,HYD,Air India,6:00 PM,8:20 PM,140,0,9047.0,GoogleFlights-Aggregator,2 hr 20 min,DEL -> HYD
2026-09-24T21:10:12.275773,t+15,15,2026-10-09,DEL,HYD,Air India,2:30 PM,4:40 PM,130,0,9121.0,GoogleFlights-Aggregator,2 hr 10 min,DEL -> HYD
2026-09-24T21:10:12.275773,t+15,15,2026-10-09,DEL,HYD,IndiGo,9:55 AM,12:20 PM,145,0,9350.0,GoogleFlights-Aggregator,2 hr 25 min,DEL -> HYD
2026-09-24T21:10:12.275773,t+15,15,2026-10-09,DEL,HYD,IndiGo,7:45 PM,10:05 PM,140,0,9856.0,GoogleFlights-Aggregator,2 hr 20 min,DEL -> HYD
2026-09-24T21:10:12.275773,t+15,15,2026-10-09,DEL,HYD,Air India,7:30 PM,9:50 PM,140,0,9977.0,GoogleFlights-Aggregator,2 hr 20 min,DEL -> HYD
2026-09-24T21:10:12.275773,t+15,15,2026-10-09,DEL,HYD,Akasa Air,8:40 PM,11:10 PM,150,0,10218.0,GoogleFlights-Aggregator,2 hr 30 min,DEL -> HYD
2026-09-24T21:10:12.275773,t+15,15,2026-10-09,DEL,HYD,Air India,9:40 AM,12:00 PM,140,0,10344.0,GoogleFlights-Aggregator,2 hr 20 min,DEL -> HYD
2026-09-24T21:10:12.275773,t+15,15,2026-10-09,DEL,HYD,Air India,10:30 AM,12:50 PM,140,0,10344.0,GoogleFlights-Aggregator,2 hr 20 min,DEL -> HYD
2026-09-24T21:10:12.275773,t+15,15,2026-10-09,DEL,HYD,Air India,7:00 AM,9:20 AM,140,0,10922.0,GoogleFlights-Aggregator,2 hr 20 min,DEL -> HYD
2026-09-24T21:10:12.275773,t+15,15,2026-10-09,DEL,HYD,Air India,12:30 PM,2:45 PM,135,0,10922.0,GoogleFlights-Aggregator,2 hr 15 min,DEL -> HYD
2026-09-24T21:10:12.275773,t+15,15,2026-10-09,DEL,HYD,IndiGo,11:45 AM,2:00 PM,135,0,12221.0,GoogleFlights-Aggregator,2 hr 15 min,DEL -> HYD
2026-09-24T21:10:32.685209,t+30,30,2026-10-24,DEL,HYD,IndiGo,7:10 AM,9:20 AM,130,0,8877.0,GoogleFlights-Aggregator,2 hr 10 min,DEL -> HYD
2026-09-24T21:10:32.685209,t+30,30,2026-10-24,DEL,HYD,IndiGo,5:30 AM,7:50 AM,140,0,8877.0,GoogleFlights-Aggregator,2 hr 20 min,DEL -> HYD
2026-09-24T21:10:32.685209,t+30,30,2026-10-24,DEL,HYD,Air India,10:30 AM,12:50 PM,140,0,9299.0,GoogleFlights-Aggregator,2 hr 20 min,DEL -> HYD
2026-09-24T21:10:32.685209,t+30,30,2026-10-24,DEL,HYD,Air India,9:40 AM,12:00 PM,140,0,9299.0,GoogleFlights-Aggregator,2 hr 20 min,DEL -> HYD
2026-09-24T21:10:32.685209,t+30,30,2026-10-24,DEL,HYD,Air India,10:00 PM,12:20 AM+1,140,0,9299.0,GoogleFlights-Aggregator,2 hr 20 min,DEL -> HYD
2026-09-24T21:10:32.685209,t+30,30,2026-10-24,DEL,HYD,Air India,11:00 PM,1:20 AM+1,140,0,9299.0,GoogleFlights-Aggregator,2 hr 20 min,DEL -> HYD
2026-09-24T21:10:32.685209,t+30,30,2026-10-24,DEL,HYD,Air India,6:00 AM,8:20 AM,140,0,9341.0,GoogleFlights-Aggregator,2 hr 20 min,DEL -> HYD
2026-09-24T21:10:32.685209,t+30,30,2026-10-24,DEL,HYD,IndiGo,8:30 AM,10:45 AM,135,0,9352.0,GoogleFlights-Aggregator,2 hr 15 min,DEL -> HYD
2026-09-24T21:10:32.685209,t+30,30,2026-10-24,DEL,HYD,IndiGo,9:55 AM,12:20 PM,145,0,9352.0,GoogleFlights-Aggregator,2 hr 25 min,DEL -> HYD
2026-09-24T21:10:32.685209,t+30,30,2026-10-24,DEL,HYD,IndiGo,11:15 PM,1:30 AM+1,135,0,9352.0,GoogleFlights-Aggregator,2 hr 15 min,DEL -> HYD
2026-09-24T21:10:32.685209,t+30,30,2026-10-24,DEL,HYD,Akasa Air,8:40 PM,11:10 PM,150,0,9695.0,GoogleFlights-Aggregator,2 hr 30 min,DEL -> HYD
2026-09-24T21:10:32.685209,t+30,30,2026-10-24,DEL,HYD,Air India,2:00 AM,4:20 AM,140,0,10344.0,GoogleFlights-Aggregator,2 hr 20 min,DEL -> HYD
2026-09-24T21:10:32.685209,t+30,30,2026-10-24,DEL,HYD,Air India,12:30 PM,2:45 PM,135,0,10344.0,GoogleFlights-Aggregator,2 hr 15 min,DEL -> HYD
2026-09-24T21:10:32.685209,t+30,30,2026-10-24,DEL,HYD,Air India,6:00 PM,8:20 PM,140,0,10344.0,GoogleFlights-Aggregator,2 hr 20 min,DEL -> HYD
2026-09-24T21:10:32.685209,t+30,30,2026-10-24,DEL,HYD,IndiGo,2:45 PM,5:05 PM,140,0,10397.0,GoogleFlights-Aggregator,2 hr 20 min,DEL -> HYD
2026-09-24T21:10:32.685209,t+30,30,2026-10-24,DEL,HYD,IndiGo,7:45 PM,10:05 PM,140,0,10397.0,GoogleFlights-Aggregator,2 hr 20 min,DEL -> HYD
2026-09-24T21:10:32.685209,t+30,30,2026-10-24,DEL,HYD,IndiGo,9:00 PM,11:15 PM,135,0,10397.0,GoogleFlights-Aggregator,2 hr 15 min,DEL -> HYD
2026-09-24T21:10:32.685209,t+30,30,2026-10-24,DEL,HYD,Air India,7:30 PM,9:50 PM,140,0,10523.0,GoogleFlights-Aggregator,2 hr 20 min,DEL -> HYD
2026-09-24T21:10:32.685209,t+30,30,2026-10-24,DEL,HYD,Air India,3:30 PM,5:55 PM,145,0,10612.0,GoogleFlights-Aggregator,2 hr 25 min,DEL -> HYD
2026-09-24T21:10:32.685209,t+30,30,2026-10-24,DEL,HYD,Air India,2:30 PM,4:40 PM,130,0,10701.0,GoogleFlights-Aggregator,2 hr 10 min,DEL -> HYD
2026-09-24T21:10:32.685209,t+30,30,2026-10-24,DEL,HYD,Akasa Air,2:10 PM,4:30 PM,140,0,10776.0,GoogleFlights-Aggregator,2 hr 20 min,DEL -> HYD
2026-09-24T21:10:32.685209,t+30,30,2026-10-24,DEL,HYD,IndiGo,1:30 PM,3:45 PM,135,0,10968.0,GoogleFlights-Aggregator,2 hr 15 min,DEL -> HYD
2026-09-24T21:10:32.685209,t+30,30,2026-10-24,DEL,HYD,IndiGo,2:25 AM,4:40 AM,135,0,11576.0,GoogleFlights-Aggregator,2 hr 15 min,DEL -> HYD
2026-09-24T21:10:32.685209,t+30,30,2026-10-24,DEL,HYD,IndiGo,11:45 AM,2:00 PM,135,0,11576.0,GoogleFlights-Aggregator,2 hr 15 min,DEL -> HYD
2026-09-24T21:10:32.685209,t+30,30,2026-10-24,DEL,HYD,IndiGo,4:15 PM,6:30 PM,135,0,11576.0,GoogleFlights-Aggregator,2 hr 15 min,DEL -> HYD
2026-09-24T21:10:32.685209,t+30,30,2026-10-24,DEL,HYD,IndiGo,5:55 PM,8:15 PM,140,0,14417.0,GoogleFlights-Aggregator,2 hr 20 min,DEL -> HYD
2026-09-25T17:48:08.407779,t+1,1,2026-09-26,DEL,HYD,IndiGo,2:20 AM,7:50 AM,330,1,8060.0,GoogleFlights-Aggregator,5 hr 30 min,DEL -> HYD
2026-09-25T17:48:08.407779,t+1,1,2026-09-26,DEL,HYD,Air India,6:00 AM,8:20 AM,140,0,8675.0,GoogleFlights-Aggregator,2 hr 20 min,DEL -> HYD
2026-09-25T17:48:08.407779,t+1,1,2026-09-26,DEL,HYD,Air India,7:30 PM,9:50 PM,140,0,8675.0,GoogleFlights-Aggregator,2 hr 20 min,DEL -> HYD
2026-09-25T17:48:08.407779,t+1,1,2026-09-26,DEL,HYD,Air India,2:00 AM,4:20 AM,140,0,8711.0,GoogleFlights-Aggregator,2 hr 20 min,DEL -> HYD
2026-09-25T17:48:08.407779,t+1,1,2026-09-26,DEL,HYD,Air India,10:00 PM,12:20 AM+1,140,0,8711.0,GoogleFlights-Aggregator,2 hr 20 min,DEL -> HYD
2026-09-25T17:48:08.407779,t+1,1,2026-09-26,DEL,HYD,Air India,11:00 PM,1:20 AM+1,140,0,8711.0,GoogleFlights-Aggregator,2 hr 20 min,DEL -> HYD
2026-09-25T17:48:08.407779,t+1,1,2026-09-26,DEL,HYD,Akasa Air,2:10 PM,4:30 PM,140,0,8735.0,GoogleFlights-Aggregator,2 hr 20 min,DEL -> HYD
2026-09-25T17:48:08.407779,t+1,1,2026-09-26,DEL,HYD,Air India,2:30 PM,4:40 PM,130,0,8774.0,GoogleFlights-Aggregator,2 hr 10 min,DEL -> HYD
2026-09-25T17:48:08.407779,t+1,1,2026-09-26,DEL,HYD,Air India,9:40 AM,12:00 PM,140,0,8774.0,GoogleFlights-Aggregator,2 hr 20 min,DEL -> HYD
2026-09-25T17:48:08.407779,t+1,1,2026-09-26,DEL,HYD,Air India,10:30 AM,12:50 PM,140,0,8774.0,GoogleFlights-Aggregator,2 hr 20 min,DEL -> HYD
2026-09-25T17:48:08.407779,t+1,1,2026-09-26,DEL,HYD,Air India,12:30 PM,2:45 PM,135,0,8774.0,GoogleFlights-Aggregator,2 hr 15 min,DEL -> HYD
2026-09-25T17:48:08.407779,t+1,1,2026-09-26,DEL,HYD,Air India,3:30 PM,5:55 PM,145,0,8774.0,GoogleFlights-Aggregator,2 hr 25 min,DEL -> HYD
2026-09-25T17:48:08.407779,t+1,1,2026-09-26,DEL,HYD,Air India,6:00 PM,8:20 PM,140,0,8774.0,GoogleFlights-Aggregator,2 hr 20 min,DEL -> HYD
2026-09-25T17:48:08.407779,t+1,1,2026-09-26,DEL,HYD,Air India,8:30 PM,10:50 PM,140,0,8774.0,GoogleFlights-Aggregator,2 hr 20 min,DEL -> HYD
2026-09-25T17:48:08.407779,t+1,1,2026-09-26,DEL,HYD,IndiGo,1:30 PM,3:45 PM,135,0,8874.0,GoogleFlights-Aggregator,2 hr 15 min,DEL -> HYD
2026-09-25T17:48:08.407779,t+1,1,2026-09-26,DEL,HYD,IndiGo,2:25 AM,4:40 AM,135,0,8874.0,GoogleFlights-Aggregator,2 hr 15 min,DEL -> HYD
2026-09-25T17:48:08.407779,t+1,1,2026-09-26,DEL,HYD,IndiGo,7:10 AM,9:20 AM,130,0,8874.0,GoogleFlights-Aggregator,2 hr 10 min,DEL -> HYD
2026-09-25T17:48:08.407779,t+1,1,2026-09-26,DEL,HYD,IndiGo,8:30 AM,10:45 AM,135,0,8874.0,GoogleFlights-Aggregator,2 hr 15 min,DEL -> HYD
2026-09-25T17:48:08.407779,t+1,1,2026-09-26,DEL,HYD,IndiGo,9:55 AM,12:20 PM,145,0,8874.0,GoogleFlights-Aggregator,2 hr 25 min,DEL -> HYD
2026-09-25T17:48:08.407779,t+1,1,2026-09-26,DEL,HYD,IndiGo,11:45 AM,2:00 PM,135,0,8874.0,GoogleFlights-Aggregator,2 hr 15 min,DEL -> HYD
2026-09-25T17:48:08.407779,t+1,1,2026-09-26,DEL,HYD,IndiGo,4:15 PM,6:30 PM,135,0,8874.0,GoogleFlights-Aggregator,2 hr 15 min,DEL -> HYD
2026-09-25T17:48:08.407779,t+1,1,2026-09-26,DEL,HYD,IndiGo,5:55 PM,8:15 PM,140,0,8874.0,GoogleFlights-Aggregator,2 hr 20 min,DEL -> HYD
2026-09-25T17:48:08.407779,t+1,1,2026-09-26,DEL,HYD,IndiGo,7:45 PM,10:05 PM,140,0,8874.0,GoogleFlights-Aggregator,2 hr 20 min,DEL -> HYD
2026-09-25T17:48:08.407779,t+1,1,2026-09-26,DEL,HYD,IndiGo,9:00 PM,11:15 PM,135,0,8874.0,GoogleFlights-Aggregator,2 hr 15 min,DEL -> HYD
2026-09-25T17:48:08.407779,t+1,1,2026-09-26,DEL,HYD,IndiGo,11:15 PM,1:30 AM+1,135,0,8874.0,GoogleFlights-Aggregator,2 hr 15 min,DEL -> HYD
2026-09-25T17:48:08.407779,t+1,1,2026-09-26,DEL,HYD,Akasa Air,8:40 PM,11:10 PM,150,0,9362.0,GoogleFlights-Aggregator,2 hr 30 min,DEL -> HYD
2026-09-25T17:48:26.888150,t+7,7,2026-10-02,DEL,HYD,IndiGo,5:10 AM,10:15 AM,305,1,7982.0,GoogleFlights-Aggregator,5 hr 5 min,DEL -> HYD
2026-09-25T17:48:26.888150,t+7,7,2026-10-02,DEL,HYD,IndiGo,10:00 AM,2:50 PM,290,1,7982.0,GoogleFlights-Aggregator,4 hr 50 min,DEL -> HYD
2026-09-25T17:48:26.888150,t+7,7,2026-10-02,DEL,HYD,IndiGo,5:05 PM,10:30 PM,325,1,7982.0,GoogleFlights-Aggregator,5 hr 25 min,DEL -> HYD
2026-09-25T17:48:26.888150,t+7,7,2026-10-02,DEL,HYD,IndiGo,7:30 PM,12:45 AM+1,315,1,7982.0,GoogleFlights-Aggregator,5 hr 15 min,DEL -> HYD
2026-09-25T17:48:26.888150,t+7,7,2026-10-02,DEL,HYD,Akasa Air,8:40 PM,11:10 PM,150,0,8297.0,GoogleFlights-Aggregator,2 hr 30 min,DEL -> HYD
2026-09-25T17:48:26.888150,t+7,7,2026-10-02,DEL,HYD,Air India,10:00 PM,12:20 AM+1,140,0,8711.0,GoogleFlights-Aggregator,2 hr 20 min,DEL -> HYD
2026-09-25T17:48:26.888150,t+7,7,2026-10-02,DEL,HYD,Air India,11:00 PM,1:20 AM+1,140,0,8711.0,GoogleFlights-Aggregator,2 hr 20 min,DEL -> HYD
2026-09-25T17:48:26.888150,t+7,7,2026-10-02,DEL,HYD,Air India,3:30 PM,5:55 PM,145,0,8774.0,GoogleFlights-Aggregator,2 hr 25 min,DEL -> HYD
2026-09-25T17:48:26.888150,t+7,7,2026-10-02,DEL,HYD,Air India,8:30 PM,10:50 PM,140,0,8774.0,GoogleFlights-Aggregator,2 hr 20 min,DEL -> HYD
2026-09-25T17:48:26.888150,t+7,7,2026-10-02,DEL,HYD,Air India,2:30 PM,4:40 PM,130,0,8811.0,GoogleFlights-Aggregator,2 hr 10 min,DEL -> HYD
2026-09-25T17:48:26.888150,t+7,7,2026-10-02,DEL,HYD,Air India,6:00 PM,8:20 PM,140,0,8816.0,GoogleFlights-Aggregator,2 hr 20 min,DEL -> HYD
2026-09-25T17:48:26.888150,t+7,7,2026-10-02,DEL,HYD,Air India,7:30 PM,9:50 PM,140,0,8822.0,GoogleFlights-Aggregator,2 hr 20 min,DEL -> HYD
2026-09-25T17:48:26.888150,t+7,7,2026-10-02,DEL,HYD,IndiGo,1:30 PM,3:45 PM,135,0,8874.0,GoogleFlights-Aggregator,2 hr 15 min,DEL -> HYD
2026-09-25T17:48:26.888150,t+7,7,2026-10-02,DEL,HYD,IndiGo,5:30 AM,7:50 AM,140,0,8874.0,GoogleFlights-Aggregator,2 hr 20 min,DEL -> HYD
2026-09-25T17:48:26.888150,t+7,7,2026-10-02,DEL,HYD,IndiGo,7:10 AM,9:20 AM,130,0,8874.0,GoogleFlights-Aggregator,2 hr 10 min,DEL -> HYD
2026-09-25T17:48:26.888150,t+7,7,2026-10-02,DEL,HYD,IndiGo,2:45 PM,5:05 PM,140,0,8874.0,GoogleFlights-Aggregator,2 hr 20 min,DEL -> HYD
2026-09-25T17:48:26.888150,t+7,7,2026-10-02,DEL,HYD,IndiGo,4:15 PM,6:30 PM,135,0,8874.0,GoogleFlights-Aggregator,2 hr 15 min,DEL -> HYD
2026-09-25T17:48:26.888150,t+7,7,2026-10-02,DEL,HYD,IndiGo,5:55 PM,8:15 PM,140,0,8874.0,GoogleFlights-Aggregator,2 hr 20 min,DEL -> HYD
2026-09-25T17:48:26.888150,t+7,7,2026-10-02,DEL,HYD,IndiGo,7:45 PM,10:05 PM,140,0,8874.0,GoogleFlights-Aggregator,2 hr 20 min,DEL -> HYD
2026-09-25T17:48:26.888150,t+7,7,2026-10-02,DEL,HYD,IndiGo,9:00 PM,11:15 PM,135,0,8874.0,GoogleFlights-Aggregator,2 hr 15 min,DEL -> HYD
2026-09-25T17:48:26.888150,t+7,7,2026-10-02,DEL,HYD,IndiGo,11:15 PM,1:30 AM+1,135,0,8874.0,GoogleFlights-Aggregator,2 hr 15 min,DEL -> HYD
2026-09-25T17:48:26.888150,t+7,7,2026-10-02,DEL,HYD,Air India,6:00 AM,8:20 AM,140,0,8921.0,GoogleFlights-Aggregator,2 hr 20 min,DEL -> HYD
2026-09-25T17:48:26.888150,t+7,7,2026-10-02,DEL,HYD,Air India,2:00 AM,4:20 AM,140,0,9247.0,GoogleFlights-Aggregator,2 hr 20 min,DEL -> HYD
2026-09-25T17:48:26.888150,t+7,7,2026-10-02,DEL,HYD,IndiGo,11:45 AM,2:00 PM,135,0,9350.0,GoogleFlights-Aggregator,2 hr 15 min,DEL -> HYD
2026-09-25T17:48:26.888150,t+7,7,2026-10-02,DEL,HYD,Air India,9:40 AM,12:00 PM,140,0,9756.0,GoogleFlights-Aggregator,2 hr 20 min,DEL -> HYD
2026-09-25T17:48:26.888150,t+7,7,2026-10-02,DEL,HYD,Air India,10:30 AM,12:50 PM,140,0,9756.0,GoogleFlights-Aggregator,2 hr 20 min,DEL -> HYD
2026-09-25T17:48:26.888150,t+7,7,2026-10-02,DEL,HYD,IndiGo,2:25 AM,4:40 AM,135,0,9856.0,GoogleFlights-Aggregator,2 hr 15 min,DEL -> HYD
2026-09-25T17:48:26.888150,t+7,7,2026-10-02,DEL,HYD,IndiGo,8:30 AM,10:45 AM,135,0,9856.0,GoogleFlights-Aggregator,2 hr 15 min,DEL -> HYD
2026-09-25T17:48:26.888150,t+7,7,2026-10-02,DEL,HYD,IndiGo,9:55 AM,12:20 PM,145,0,9856.0,GoogleFlights-Aggregator,2 hr 25 min,DEL -> HYD
2026-09-25T17:48:26.888150,t+7,7,2026-10-02,DEL,HYD,Akasa Air,2:10 PM,4:30 PM,140,0,9866.0,GoogleFlights-Aggregator,2 hr 20 min,DEL -> HYD
2026-09-25T17:48:26.888150,t+7,7,2026-10-02,DEL,HYD,Air India,7:00 AM,9:20 AM,140,0,14203.0,GoogleFlights-Aggregator,2 hr 20 min,DEL -> HYD
2026-09-25T17:48:40.714460,t+15,15,2026-10-10,DEL,HYD,IndiGo,5:10 AM,10:15 AM,305,1,7982.0,GoogleFlights-Aggregator,5 hr 5 min,DEL -> HYD
2026-09-25T17:48:40.714460,t+15,15,2026-10-10,DEL,HYD,IndiGo,10:00 AM,2:50 PM,290,1,7982.0,GoogleFlights-Aggregator,4 hr 50 min,DEL -> HYD
2026-09-25T17:48:40.714460,t+15,15,2026-10-10,DEL,HYD,IndiGo,5:05 PM,10:30 PM,325,1,7982.0,GoogleFlights-Aggregator,5 hr 25 min,DEL -> HYD
2026-09-25T17:48:40.714460,t+15,15,2026-10-10,DEL,HYD,IndiGo,7:30 PM,12:45 AM+1,315,1,7982.0,GoogleFlights-Aggregator,5 hr 15 min,DEL -> HYD
2026-09-25T17:48:40.714460,t+15,15,2026-10-10,DEL,HYD,Air India,2:00 AM,4:20 AM,140,0,8711.0,GoogleFlights-Aggregator,2 hr 20 min,DEL -> HYD
2026-09-25T17:48:40.714460,t+15,15,2026-10-10,DEL,HYD,Air India,11:00 PM,1:20 AM+1,140,0,8711.0,GoogleFlights-Aggregator,2 hr 20 min,DEL -> HYD
2026-09-25T17:48:40.714460,t+15,15,2026-10-10,DEL,HYD,Air India,6:00 PM,8:20 PM,140,0,8774.0,GoogleFlights-Aggregator,2 hr 20 min,DEL -> HYD
2026-09-25T17:48:40.714460,t+15,15,2026-10-10,DEL,HYD,Air India,8:30 PM,10:50 PM,140,0,8774.0,GoogleFlights-Aggregator,2 hr 20 min,DEL -> HYD
2026-09-25T17:48:40.714460,t+15,15,2026-10-10,DEL,HYD,IndiGo,1:30 PM,3:45 PM,135,0,8874.0,GoogleFlights-Aggregator,2 hr 15 min,DEL -> HYD
2026-09-25T17:48:40.714460,t+15,15,2026-10-10,DEL,HYD,IndiGo,2:25 AM,4:40 AM,135,0,8874.0,GoogleFlights-Aggregator,2 hr 15 min,DEL -> HYD
2026-09-25T17:48:40.714460,t+15,15,2026-10-10,DEL,HYD,IndiGo,5:30 AM,7:50 AM,140,0,8874.0,GoogleFlights-Aggregator,2 hr 20 min,DEL -> HYD
2026-09-25T17:48:40.714460,t+15,15,2026-10-10,DEL,HYD,IndiGo,7:10 AM,9:20 AM,130,0,8874.0,GoogleFlights-Aggregator,2 hr 10 min,DEL -> HYD
2026-09-25T17:48:40.714460,t+15,15,2026-10-10,DEL,HYD,IndiGo,8:30 AM,10:45 AM,135,0,8874.0,GoogleFlights-Aggregator,2 hr 15 min,DEL -> HYD
2026-09-25T17:48:40.714460,t+15,15,2026-10-10,DEL,HYD,IndiGo,9:55 AM,12:20 PM,145,0,8874.0,GoogleFlights-Aggregator,2 hr 25 min,DEL -> HYD
2026-09-25T17:48:40.714460,t+15,15,2026-10-10,DEL,HYD,IndiGo,11:45 AM,2:00 PM,135,0,8874.0,GoogleFlights-Aggregator,2 hr 15 min,DEL -> HYD
2026-09-25T17:48:40.714460,t+15,15,2026-10-10,DEL,HYD,IndiGo,2:45 PM,5:05 PM,140,0,8874.0,GoogleFlights-Aggregator,2 hr 20 min,DEL -> HYD
2026-09-25T17:48:40.714460,t+15,15,2026-10-10,DEL,HYD,IndiGo,4:15 PM,6:30 PM,135,0,8874.0,GoogleFlights-Aggregator,2 hr 15 min,DEL -> HYD
2026-09-25T17:48:40.714460,t+15,15,2026-10-10,DEL,HYD,IndiGo,5:55 PM,8:15 PM,140,0,8874.0,GoogleFlights-Aggregator,2 hr 20 min,DEL -> HYD
2026-09-25T17:48:40.714460,t+15,15,2026-10-10,DEL,HYD,IndiGo,7:45 PM,10:05 PM,140,0,8874.0,GoogleFlights-Aggregator,2 hr 20 min,DEL -> HYD
2026-09-25T17:48:40.714460,t+15,15,2026-10-10,DEL,HYD,IndiGo,9:00 PM,11:15 PM,135,0,8874.0,GoogleFlights-Aggregator,2 hr 15 min,DEL -> HYD
2026-09-25T17:48:40.714460,t+15,15,2026-10-10,DEL,HYD,IndiGo,11:15 PM,1:30 AM+1,135,0,8874.0,GoogleFlights-Aggregator,2 hr 15 min,DEL -> HYD
2026-09-25T17:48:40.714460,t+15,15,2026-10-10,DEL,HYD,Air India,3:30 PM,5:55 PM,145,0,8995.0,GoogleFlights-Aggregator,2 hr 25 min,DEL -> HYD
2026-09-25T17:48:40.714460,t+15,15,2026-10-10,DEL,HYD,Akasa Air,8:40 PM,11:10 PM,150,0,9042.0,GoogleFlights-Aggregator,2 hr 30 min,DEL -> HYD
2026-09-25T17:48:40.714460,t+15,15,2026-10-10,DEL,HYD,Air India,10:30 AM,12:50 PM,140,0,9247.0,GoogleFlights-Aggregator,2 hr 20 min,DEL -> HYD
2026-09-25T17:48:40.714460,t+15,15,2026-10-10,DEL,HYD,Air India,6:00 AM,8:20 AM,140,0,9289.0,GoogleFlights-Aggregator,2 hr 20 min,DEL -> HYD
2026-09-25T17:48:40.714460,t+15,15,2026-10-10,DEL,HYD,Air India,2:30 PM,4:40 PM,130,0,9562.0,GoogleFlights-Aggregator,2 hr 10 min,DEL -> HYD
2026-09-25T17:48:40.714460,t+15,15,2026-10-10,DEL,HYD,Akasa Air,2:10 PM,4:30 PM,140,0,9695.0,GoogleFlights-Aggregator,2 hr 20 min,DEL -> HYD
2026-09-25T17:48:40.714460,t+15,15,2026-10-10,DEL,HYD,Air India,9:40 AM,12:00 PM,140,0,9756.0,GoogleFlights-Aggregator,2 hr 20 min,DEL -> HYD
2026-09-25T17:48:40.714460,t+15,15,2026-10-10,DEL,HYD,Air India,7:30 PM,9:50 PM,140,0,9924.0,GoogleFlights-Aggregator,2 hr 20 min,DEL -> HYD
2026-09-25T17:48:40.714460,t+15,15,2026-10-10,DEL,HYD,Air India,12:30 PM,2:45 PM,135,0,10292.0,GoogleFlights-Aggregator,2 hr 15 min,DEL -> HYD
2026-09-25T17:48:54.916981,t+30,30,2026-10-25,DEL,HYD,IndiGo,5:10 AM,10:30 AM,320,1,7982.0,GoogleFlights-Aggregator,5 hr 20 min,DEL -> HYD
2026-09-25T17:48:54.916981,t+30,30,2026-10-25,DEL,HYD,IndiGo,11:35 AM,5:05 PM,330,1,8060.0,GoogleFlights-Aggregator,5 hr 30 min,DEL -> HYD
2026-09-25T17:48:54.916981,t+30,30,2026-10-25,DEL,HYD,IndiGo,5:15 PM,10:25 PM,310,1,8687.0,GoogleFlights-Aggregator,5 hr 10 min,DEL -> HYD
2026-09-25T17:48:54.916981,t+30,30,2026-10-25,DEL,HYD,IndiGo,5:15 AM,7:30 AM,135,0,8877.0,GoogleFlights-Aggregator,2 hr 15 min,DEL -> HYD
2026-09-25T17:48:54.916981,t+30,30,2026-10-25,DEL,HYD,Air India,7:00 AM,9:15 AM,135,0,9299.0,GoogleFlights-Aggregator,2 hr 15 min,DEL -> HYD
2026-09-25T17:48:54.916981,t+30,30,2026-10-25,DEL,HYD,IndiGo,2:25 AM,4:40 AM,135,0,9352.0,GoogleFlights-Aggregator,2 hr 15 min,DEL -> HYD
2026-09-25T17:48:54.916981,t+30,30,2026-10-25,DEL,HYD,IndiGo,6:30 AM,8:45 AM,135,0,9352.0,GoogleFlights-Aggregator,2 hr 15 min,DEL -> HYD
2026-09-25T17:48:54.916981,t+30,30,2026-10-25,DEL,HYD,Air India,10:00 PM,12:15 AM+1,135,0,10344.0,GoogleFlights-Aggregator,2 hr 15 min,DEL -> HYD
2026-09-25T17:48:54.916981,t+30,30,2026-10-25,DEL,HYD,Air India,11:00 PM,1:15 AM+1,135,0,10344.0,GoogleFlights-Aggregator,2 hr 15 min,DEL -> HYD
2026-09-25T17:48:54.916981,t+30,30,2026-10-25,DEL,HYD,IndiGo,8:30 AM,10:45 AM,135,0,10397.0,GoogleFlights-Aggregator,2 hr 15 min,DEL -> HYD
2026-09-25T17:48:54.916981,t+30,30,2026-10-25,DEL,HYD,Air India,11:00 AM,1:15 PM,135,0,10612.0,GoogleFlights-Aggregator,2 hr 15 min,DEL -> HYD
2026-09-25T17:48:54.916981,t+30,30,2026-10-25,DEL,HYD,Air India,12:30 PM,2:45 PM,135,0,10612.0,GoogleFlights-Aggregator,2 hr 15 min,DEL -> HYD
2026-09-25T17:48:54.916981,t+30,30,2026-10-25,DEL,HYD,Air India,3:30 PM,5:45 PM,135,0,10612.0,GoogleFlights-Aggregator,2 hr 15 min,DEL -> HYD
2026-09-25T17:48:54.916981,t+30,30,2026-10-25,DEL,HYD,Air India,6:00 PM,8:15 PM,135,0,10612.0,GoogleFlights-Aggregator,2 hr 15 min,DEL -> HYD
2026-09-25T17:48:54.916981,t+30,30,2026-10-25,DEL,HYD,Air India,9:40 AM,11:55 AM,135,0,10790.0,GoogleFlights-Aggregator,2 hr 15 min,DEL -> HYD
2026-09-25T17:48:54.916981,t+30,30,2026-10-25,DEL,HYD,Air India,7:30 PM,9:45 PM,135,0,10922.0,GoogleFlights-Aggregator,2 hr 15 min,DEL -> HYD
2026-09-25T17:48:54.916981,t+30,30,2026-10-25,DEL,HYD,Akasa Air,8:35 PM,10:55 PM,140,0,10968.0,GoogleFlights-Aggregator,2 hr 20 min,DEL -> HYD
2026-09-25T17:48:54.916981,t+30,30,2026-10-25,DEL,HYD,Akasa Air,2:20 PM,4:45 PM,145,0,11366.0,GoogleFlights-Aggregator,2 hr 25 min,DEL -> HYD
2026-09-25T17:48:54.916981,t+30,30,2026-10-25,DEL,HYD,IndiGo,11:45 AM,2:00 PM,135,0,11576.0,GoogleFlights-Aggregator,2 hr 15 min,DEL -> HYD
2026-09-25T17:48:54.916981,t+30,30,2026-10-25,DEL,HYD,IndiGo,7:45 PM,10:00 PM,135,0,11576.0,GoogleFlights-Aggregator,2 hr 15 min,DEL -> HYD
2026-09-25T17:48:54.916981,t+30,30,2026-10-25,DEL,HYD,IndiGo,9:00 PM,11:15 PM,135,0,11576.0,GoogleFlights-Aggregator,2 hr 15 min,DEL -> HYD
2026-09-25T17:48:54.916981,t+30,30,2026-10-25,DEL,HYD,IndiGo,10:30 PM,12:45 AM+1,135,0,11576.0,GoogleFlights-Aggregator,2 hr 15 min,DEL -> HYD
2026-09-25T17:48:54.916981,t+30,30,2026-10-25,DEL,HYD,Air India,2:30 PM,4:45 PM,135,0,11583.0,GoogleFlights-Aggregator,2 hr 15 min,DEL -> HYD
2026-09-25T17:48:54.916981,t+30,30,2026-10-25,DEL,HYD,IndiGo,2:50 PM,5:05 PM,135,0,12223.0,GoogleFlights-Aggregator,2 hr 15 min,DEL -> HYD
2026-09-25T17:48:54.916981,t+30,30,2026-10-25,DEL,HYD,IndiGo,4:15 PM,6:30 PM,135,0,12223.0,GoogleFlights-Aggregator,2 hr 15 min,DEL -> HYD
2026-09-25T17:48:54.916981,t+30,30,2026-10-25,DEL,HYD,IndiGo,10:00 AM,12:15 PM,135,0,12910.0,GoogleFlights-Aggregator,2 hr 15 min,DEL -> HYD
2026-09-25T17:48:54.916981,t+30,30,2026-10-25,DEL,HYD,IndiGo,6:15 PM,8:30 PM,135,0,14417.0,GoogleFlights-Aggregator,2 hr 15 min,DEL -> HYD
2026-09-25T17:48:54.916981,t+30,30,2026-10-25,DEL,HYD,IndiGo,1:30 PM,3:45 PM,135,0,15243.0,GoogleFlights-Aggregator,2 hr 15 min,DEL -> HYD
2026-09-26T09:01:52.729156,t+1,1,2026-09-27,DEL,HYD,IndiGo,5:10 AM,10:15 AM,305,1,8608.0,GoogleFlights-Aggregator,5 hr 5 min,
2026-09-26T09:01:52.729156,t+1,1,2026-09-27,DEL,HYD,Air India,7:30 PM,9:50 PM,140,0,8675.0,GoogleFlights-Aggregator,2 hr 20 min,
2026-09-26T09:01:52.729156,t+1,1,2026-09-27,DEL,HYD,Air India,2:00 AM,4:20 AM,140,0,8711.0,GoogleFlights-Aggregator,2 hr 20 min,
2026-09-26T09:01:52.729156,t+1,1,2026-09-27,DEL,HYD,Air India,10:00 PM,12:20 AM+1,140,0,8711.0,GoogleFlights-Aggregator,2 hr 20 min,
2026-09-26T09:01:52.729156,t+1,1,2026-09-27,DEL,HYD,Air India,11:00 PM,1:20 AM+1,140,0,8711.0,GoogleFlights-Aggregator,2 hr 20 min,
2026-09-26T09:01:52.729156,t+1,1,2026-09-27,DEL,HYD,Air India,3:30 PM,5:55 PM,145,0,8774.0,GoogleFlights-Aggregator,2 hr 25 min,
2026-09-26T09:01:52.729156,t+1,1,2026-09-27,DEL,HYD,Air India,6:00 PM,8:20 PM,140,0,8774.0,GoogleFlights-Aggregator,2 hr 20 min,
2026-09-26T09:01:52.729156,t+1,1,2026-09-27,DEL,HYD,Air India,6:00 AM,8:20 AM,140,0,8774.0,GoogleFlights-Aggregator,2 hr 20 min,
2026-09-26T09:01:52.729156,t+1,1,2026-09-27,DEL,HYD,Air India,9:40 AM,12:00 PM,140,0,8774.0,GoogleFlights-Aggregator,2 hr 20 min,
2026-09-26T09:01:52.729156,t+1,1,2026-09-27,DEL,HYD,Air India,10:30 AM,12:50 PM,140,0,8774.0,GoogleFlights-Aggregator,2 hr 20 min,
2026-09-26T09:01:52.729156,t+1,1,2026-09-27,DEL,HYD,Air India,8:30 PM,10:50 PM,140,0,8774.0,GoogleFlights-Aggregator,2 hr 20 min,
2026-09-26T09:01:52.729156,t+1,1,2026-09-27,DEL,HYD,IndiGo,7:10 AM,9:20 AM,130,0,8874.0,GoogleFlights-Aggregator,2 hr 10 min,
2026-09-26T09:01:52.729156,t+1,1,2026-09-27,DEL,HYD,IndiGo,9:55 AM,12:20 PM,145,0,8874.0,GoogleFlights-Aggregator,2 hr 25 min,
2026-09-26T09:01:52.729156,t+1,1,2026-09-27,DEL,HYD,IndiGo,1:30 PM,3:45 PM,135,0,9350.0,GoogleFlights-Aggregator,2 hr 15 min,
2026-09-26T09:01:52.729156,t+1,1,2026-09-27,DEL,HYD,IndiGo,8:30 AM,10:45 AM,135,0,9350.0,GoogleFlights-Aggregator,2 hr 15 min,
2026-09-26T09:01:52.729156,t+1,1,2026-09-27,DEL,HYD,IndiGo,11:45 AM,2:00 PM,135,0,9350.0,GoogleFlights-Aggregator,2 hr 15 min,
2026-09-26T09:01:52.729156,t+1,1,2026-09-27,DEL,HYD,IndiGo,9:00 PM,11:15 PM,135,0,9350.0,GoogleFlights-Aggregator,2 hr 15 min,
2026-09-26T09:01:52.729156,t+1,1,2026-09-27,DEL,HYD,IndiGo,11:15 PM,1:30 AM+1,135,0,9350.0,GoogleFlights-Aggregator,2 hr 15 min,
2026-09-26T09:01:52.729156,t+1,1,2026-09-27,DEL,HYD,Air India,12:30 PM,2:45 PM,135,0,9483.0,GoogleFlights-Aggregator,2 hr 15 min,
2026-09-26T09:01:52.729156,t+1,1,2026-09-27,DEL,HYD,Akasa Air,8:40 PM,11:10 PM,150,0,9527.0,GoogleFlights-Aggregator,2 hr 30 min,
2026-09-26T09:01:52.729156,t+1,1,2026-09-27,DEL,HYD,IndiGo,2:45 PM,5:05 PM,140,0,9856.0,GoogleFlights-Aggregator,2 hr 20 min,
2026-09-26T09:01:52.729156,t+1,1,2026-09-27,DEL,HYD,IndiGo,5:55 PM,8:15 PM,140,0,9856.0,GoogleFlights-Aggregator,2 hr 20 min,
2026-09-26T09:01:52.729156,t+1,1,2026-09-27,DEL,HYD,IndiGo,7:45 PM,10:05 PM,140,0,9856.0,GoogleFlights-Aggregator,2 hr 20 min,
2026-09-26T09:01:52.729156,t+1,1,2026-09-27,DEL,HYD,Akasa Air,2:10 PM,4:30 PM,140,0,10040.0,GoogleFlights-Aggregator,2 hr 20 min,
2026-09-26T09:01:52.729156,t+1,1,2026-09-27,DEL,HYD,Air India,2:30 PM,4:40 PM,130,0,10344.0,GoogleFlights-Aggregator,2 hr 10 min,
2026-09-26T09:01:52.729156,t+1,1,2026-09-27,DEL,HYD,IndiGo,4:15 PM,6:30 PM,135,0,10395.0,GoogleFlights-Aggregator,2 hr 15 min,
2026-09-26T09:03:35.317813,t+15,15,2026-10-11,DEL,HYD,IndiGo,5:10 AM,10:15 AM,305,1,7982.0,GoogleFlights-Aggregator,5 hr 5 min,
2026-09-26T09:03:35.317813,t+15,15,2026-10-11,DEL,HYD,IndiGo,5:05 PM,10:30 PM,325,1,7982.0,GoogleFlights-Aggregator,5 hr 25 min,
2026-09-26T09:03:35.317813,t+15,15,2026-10-11,DEL,HYD,IndiGo,7:30 PM,12:45 AM+1,315,1,7982.0,GoogleFlights-Aggregator,5 hr 15 min,
2026-09-26T09:03:35.317813,t+15,15,2026-10-11,DEL,HYD,Air India,2:00 AM,4:20 AM,140,0,8774.0,GoogleFlights-Aggregator,2 hr 20 min,
2026-09-26T09:03:35.317813,t+15,15,2026-10-11,DEL,HYD,Air India,7:00 AM,9:20 AM,140,0,8774.0,GoogleFlights-Aggregator,2 hr 20 min,
2026-09-26T09:03:35.317813,t+15,15,2026-10-11,DEL,HYD,Air India,10:00 PM,12:20 AM+1,140,0,8774.0,GoogleFlights-Aggregator,2 hr 20 min,
2026-09-26T09:03:35.317813,t+15,15,2026-10-11,DEL,HYD,IndiGo,4:15 PM,6:30 PM,135,0,8874.0,GoogleFlights-Aggregator,2 hr 15 min,
2026-09-26T09:03:35.317813,t+15,15,2026-10-11,DEL,HYD,IndiGo,5:55 PM,8:15 PM,140,0,8874.0,GoogleFlights-Aggregator,2 hr 20 min,
2026-09-26T09:03:35.317813,t+15,15,2026-10-11,DEL,HYD,IndiGo,2:25 AM,4:40 AM,135,0,8874.0,GoogleFlights-Aggregator,2 hr 15 min,
2026-09-26T09:03:35.317813,t+15,15,2026-10-11,DEL,HYD,IndiGo,5:30 AM,7:50 AM,140,0,8874.0,GoogleFlights-Aggregator,2 hr 20 min,
2026-09-26T09:03:35.317813,t+15,15,2026-10-11,DEL,HYD,IndiGo,7:10 AM,9:20 AM,130,0,8874.0,GoogleFlights-Aggregator,2 hr 10 min,
2026-09-26T09:03:35.317813,t+15,15,2026-10-11,DEL,HYD,IndiGo,8:30 AM,10:45 AM,135,0,8874.0,GoogleFlights-Aggregator,2 hr 15 min,
2026-09-26T09:03:35.317813,t+15,15,2026-10-11,DEL,HYD,IndiGo,9:55 AM,12:20 PM,145,0,8874.0,GoogleFlights-Aggregator,2 hr 25 min,
2026-09-26T09:03:35.317813,t+15,15,2026-10-11,DEL,HYD,IndiGo,11:45 AM,2:00 PM,135,0,8874.0,GoogleFlights-Aggregator,2 hr 15 min,
2026-09-26T09:03:35.317813,t+15,15,2026-10-11,DEL,HYD,IndiGo,7:45 PM,10:05 PM,140,0,8874.0,GoogleFlights-Aggregator,2 hr 20 min,
2026-09-26T09:03:35.317813,t+15,15,2026-10-11,DEL,HYD,IndiGo,9:00 PM,11:15 PM,135,0,8874.0,GoogleFlights-Aggregator,2 hr 15 min,
2026-09-26T09:03:35.317813,t+15,15,2026-10-11,DEL,HYD,IndiGo,11:15 PM,1:30 AM+1,135,0,8874.0,GoogleFlights-Aggregator,2 hr 15 min,
2026-09-26T09:03:35.317813,t+15,15,2026-10-11,DEL,HYD,Air India,7:30 PM,9:50 PM,140,0,8921.0,GoogleFlights-Aggregator,2 hr 20 min,
2026-09-26T09:03:35.317813,t+15,15,2026-10-11,DEL,HYD,Air India,6:00 AM,8:20 AM,140,0,8921.0,GoogleFlights-Aggregator,2 hr 20 min,
2026-09-26T09:03:35.317813,t+15,15,2026-10-11,DEL,HYD,Air India,10:30 AM,12:50 PM,140,0,8995.0,GoogleFlights-Aggregator,2 hr 20 min,
2026-09-26T09:03:35.317813,t+15,15,2026-10-11,DEL,HYD,Air India,12:30 PM,2:45 PM,135,0,8995.0,GoogleFlights-Aggregator,2 hr 15 min,
2026-09-26T09:03:35.317813,t+15,15,2026-10-11,DEL,HYD,Air India,3:30 PM,5:55 PM,145,0,8995.0,GoogleFlights-Aggregator,2 hr 25 min,
2026-09-26T09:03:35.317813,t+15,15,2026-10-11,DEL,HYD,Air India,6:00 PM,8:20 PM,140,0,8995.0,GoogleFlights-Aggregator,2 hr 20 min,
2026-09-26T09:03:35.317813,t+15,15,2026-10-11,DEL,HYD,Air India,8:30 PM,10:50 PM,140,0,8995.0,GoogleFlights-Aggregator,2 hr 20 min,
2026-09-26T09:03:35.317813,t+15,15,2026-10-11,DEL,HYD,Air India,9:40 AM,12:00 PM,140,0,9142.0,GoogleFlights-Aggregator,2 hr 20 min,
2026-09-26T09:03:35.317813,t+15,15,2026-10-11,DEL,HYD,IndiGo,1:30 PM,3:45 PM,135,0,9350.0,GoogleFlights-Aggregator,2 hr 15 min,
2026-09-26T09:03:35.317813,t+15,15,2026-10-11,DEL,HYD,Air India,2:30 PM,4:40 PM,130,0,9798.0,GoogleFlights-Aggregator,2 hr 10 min,
2026-09-26T09:03:35.317813,t+15,15,2026-10-11,DEL,HYD,IndiGo,2:45 PM,5:05 PM,140,0,9856.0,GoogleFlights-Aggregator,2 hr 20 min,
2026-09-26T09:03:35.317813,t+15,15,2026-10-11,DEL,HYD,Akasa Air,8:40 PM,11:10 PM,150,0,10968.0,GoogleFlights-Aggregator,2 hr 30 min,
2026-09-26T09:03:35.317813,t+15,15,2026-10-11,DEL,HYD,Akasa Air,2:10 PM,4:30 PM,140,0,21029.0,GoogleFlights-Aggregator,2 hr 20 min,
2026-09-26T09:03:52.456977,t+30,30,2026-10-26,DEL,HYD,IndiGo,5:10 AM,10:30 AM,320,1,7982.0,GoogleFlights-Aggregator,5 hr 20 min,
2026-09-26T09:03:52.456977,t+30,30,2026-10-26,DEL,HYD,IndiGo,7:30 AM,1:25 PM,355,1,7982.0,GoogleFlights-Aggregator,5 hr 55 min,
2026-09-26T09:03:52.456977,t+30,30,2026-10-26,DEL,HYD,IndiGo,5:15 PM,10:25 PM,310,1,8060.0,GoogleFlights-Aggregator,5 hr 10 min,
2026-09-26T09:03:52.456977,t+30,30,2026-10-26,DEL,HYD,IndiGo,7:25 AM,12:10 PM,285,1,8060.0,GoogleFlights-Aggregator,4 hr 45 min,
2026-09-26T09:03:52.456977,t+30,30,2026-10-26,DEL,HYD,IndiGo,7:40 PM,12:30 AM+1,290,1,8192.0,GoogleFlights-Aggregator,4 hr 50 min,
2026-09-26T09:03:52.456977,t+30,30,2026-10-26,DEL,HYD,Air India,7:30 PM,9:45 PM,135,0,9809.0,GoogleFlights-Aggregator,2 hr 15 min,
2026-09-26T09:03:52.456977,t+30,30,2026-10-26,DEL,HYD,Air India,10:00 PM,12:15 AM+1,135,0,9809.0,GoogleFlights-Aggregator,2 hr 15 min,
2026-09-26T09:03:52.456977,t+30,30,2026-10-26,DEL,HYD,Air India,11:00 PM,1:15 AM+1,135,0,9809.0,GoogleFlights-Aggregator,2 hr 15 min,
2026-09-26T09:03:52.456977,t+30,30,2026-10-26,DEL,HYD,IndiGo,7:45 PM,10:00 PM,135,0,9858.0,GoogleFlights-Aggregator,2 hr 15 min,
2026-09-26T09:03:52.456977,t+30,30,2026-10-26,DEL,HYD,IndiGo,10:30 PM,12:45 AM+1,135,0,9858.0,GoogleFlights-Aggregator,2 hr 15 min,
2026-09-26T09:03:52.456977,t+30,30,2026-10-26,DEL,HYD,Akasa Air,8:35 PM,10:55 PM,140,0,10040.0,GoogleFlights-Aggregator,2 hr 20 min,
2026-09-26T09:03:52.456977,t+30,30,2026-10-26,DEL,HYD,Air India,9:40 AM,11:55 AM,135,0,10344.0,GoogleFlights-Aggregator,2 hr 15 min,
2026-09-26T09:03:52.456977,t+30,30,2026-10-26,DEL,HYD,Air India,12:30 PM,2:45 PM,135,0,10344.0,GoogleFlights-Aggregator,2 hr 15 min,
2026-09-26T09:03:52.456977,t+30,30,2026-10-26,DEL,HYD,Air India,3:30 PM,5:45 PM,135,0,10344.0,GoogleFlights-Aggregator,2 hr 15 min,
2026-09-26T09:03:52.456977,t+30,30,2026-10-26,DEL,HYD,Air India,6:00 PM,8:15 PM,135,0,10344.0,GoogleFlights-Aggregator,2 hr 15 min,
2026-09-26T09:03:52.456977,t+30,30,2026-10-26,DEL,HYD,IndiGo,5:15 AM,7:30 AM,135,0,10397.0,GoogleFlights-Aggregator,2 hr 15 min,
2026-09-26T09:03:52.456977,t+30,30,2026-10-26,DEL,HYD,IndiGo,11:45 AM,2:00 PM,135,0,10397.0,GoogleFlights-Aggregator,2 hr 15 min,
2026-09-26T09:03:52.456977,t+30,30,2026-10-26,DEL,HYD,IndiGo,1:30 PM,3:45 PM,135,0,10397.0,GoogleFlights-Aggregator,2 hr 15 min,
2026-09-26T09:03:52.456977,t+30,30,2026-10-26,DEL,HYD,IndiGo,2:50 PM,5:05 PM,135,0,10397.0,GoogleFlights-Aggregator,2 hr 15 min,
2026-09-26T09:03:52.456977,t+30,30,2026-10-26,DEL,HYD,IndiGo,9:00 PM,11:15 PM,135,0,10397.0,GoogleFlights-Aggregator,2 hr 15 min,
2026-09-26T09:03:52.456977,t+30,30,2026-10-26,DEL,HYD,Air India,11:00 AM,1:15 PM,135,0,10612.0,GoogleFlights-Aggregator,2 hr 15 min,
2026-09-26T09:03:52.456977,t+30,30,2026-10-26,DEL,HYD,Air India,2:30 PM,4:45 PM,135,0,10701.0,GoogleFlights-Aggregator,2 hr 15 min,
2026-09-26T09:03:52.456977,t+30,30,2026-10-26,DEL,HYD,Akasa Air,2:20 PM,4:45 PM,145,0,10776.0,GoogleFlights-Aggregator,2 hr 25 min,
2026-09-26T09:03:52.456977,t+30,30,2026-10-26,DEL,HYD,Air India,7:00 AM,9:15 AM,135,0,10790.0,GoogleFlights-Aggregator,2 hr 15 min,
2026-09-26T09:03:52.456977,t+30,30,2026-10-26,DEL,HYD,IndiGo,8:30 AM,10:45 AM,135,0,10968.0,GoogleFlights-Aggregator,2 hr 15 min,
2026-09-26T09:03:52.456977,t+30,30,2026-10-26,DEL,HYD,IndiGo,4:15 PM,6:30 PM,135,0,10968.0,GoogleFlights-Aggregator,2 hr 15 min,
2026-09-26T09:03:52.456977,t+30,30,2026-10-26,DEL,HYD,IndiGo,6:15 PM,8:30 PM,135,0,10968.0,GoogleFlights-Aggregator,2 hr 15 min,
2026-09-26T09:03:52.456977,t+30,30,2026-10-26,DEL,HYD,IndiGo,2:25 AM,4:40 AM,135,0,12223.0,GoogleFlights-Aggregator,2 hr 15 min,
2026-09-26T09:03:52.456977,t+30,30,2026-10-26,DEL,HYD,IndiGo,6:30 AM,8:45 AM,135,0,17053.0,GoogleFlights-Aggregator,2 hr 15 min,
2026-09-26T09:03:52.456977,t+30,30,2026-10-26,DEL,HYD,IndiGo,10:00 AM,12:15 PM,135,0,18044.0,GoogleFlights-Aggregator,2 hr 15 min,
2026-09-26T11:54:15.107351,t+1,1,2026-09-27,DEL,HYD,IndiGo,5:10 AM,10:15 AM,305,1,8608.0,GoogleFlights-Aggregator,5 hr 5 min,
2026-09-26T11:54:15.107351,t+1,1,2026-09-27,DEL,HYD,Air India,7:30 PM,9:50 PM,140,0,8675.0,GoogleFlights-Aggregator,2 hr 20 min,
2026-09-26T11:54:15.107351,t+1,1,2026-09-27,DEL,HYD,Air India,2:00 AM,4:20 AM,140,0,8711.0,GoogleFlights-Aggregator,2 hr 20 min,
2026-09-26T11:54:15.107351,t+1,1,2026-09-27,DEL,HYD,Air India,10:00 PM,12:20 AM+1,140,0,8711.0,GoogleFlights-Aggregator,2 hr 20 min,
2026-09-26T11:54:15.107351,t+1,1,2026-09-27,DEL,HYD,Air India,11:00 PM,1:20 AM+1,140,0,8711.0,GoogleFlights-Aggregator,2 hr 20 min,
2026-09-26T11:54:15.107351,t+1,1,2026-09-27,DEL,HYD,Air India,6:00 AM,8:20 AM,140,0,8774.0,GoogleFlights-Aggregator,2 hr 20 min,
2026-09-26T11:54:15.107351,t+1,1,2026-09-27,DEL,HYD,Air India,9:40 AM,12:00 PM,140,0,8774.0,GoogleFlights-Aggregator,2 hr 20 min,
2026-09-26T11:54:15.107351,t+1,1,2026-09-27,DEL,HYD,Air India,10:30 AM,12:50 PM,140,0,8774.0,GoogleFlights-Aggregator,2 hr 20 min,
2026-09-26T11:54:15.107351,t+1,1,2026-09-27,DEL,HYD,Air India,3:30 PM,5:55 PM,145,0,8774.0,GoogleFlights-Aggregator,2 hr 25 min,
2026-09-26T11:54:15.107351,t+1,1,2026-09-27,DEL,HYD,Air India,8:30 PM,10:50 PM,140,0,8774.0,GoogleFlights-Aggregator,2 hr 20 min,
2026-09-26T11:54:15.107351,t+1,1,2026-09-27,DEL,HYD,IndiGo,9:55 AM,12:20 PM,145,0,8874.0,GoogleFlights-Aggregator,2 hr 25 min,
2026-09-26T11:54:15.107351,t+1,1,2026-09-27,DEL,HYD,IndiGo,7:10 AM,9:20 AM,130,0,8874.0,GoogleFlights-Aggregator,2 hr 10 min,
2026-09-26T11:54:15.107351,t+1,1,2026-09-27,DEL,HYD,Akasa Air,2:10 PM,4:30 PM,140,0,9200.0,GoogleFlights-Aggregator,2 hr 20 min,
2026-09-26T11:54:15.107351,t+1,1,2026-09-27,DEL,HYD,IndiGo,8:30 AM,10:45 AM,135,0,9350.0,GoogleFlights-Aggregator,2 hr 15 min,
2026-09-26T11:54:15.107351,t+1,1,2026-09-27,DEL,HYD,IndiGo,9:00 PM,11:15 PM,135,0,9350.0,GoogleFlights-Aggregator,2 hr 15 min,
2026-09-26T11:54:15.107351,t+1,1,2026-09-27,DEL,HYD,IndiGo,11:15 PM,1:30 AM+1,135,0,9350.0,GoogleFlights-Aggregator,2 hr 15 min,
2026-09-26T11:54:15.107351,t+1,1,2026-09-27,DEL,HYD,Air India,12:30 PM,2:45 PM,135,0,9483.0,GoogleFlights-Aggregator,2 hr 15 min,
2026-09-26T11:54:15.107351,t+1,1,2026-09-27,DEL,HYD,Air India,6:00 PM,8:20 PM,140,0,9483.0,GoogleFlights-Aggregator,2 hr 20 min,
2026-09-26T11:54:15.107351,t+1,1,2026-09-27,DEL,HYD,Akasa Air,8:40 PM,11:10 PM,150,0,9527.0,GoogleFlights-Aggregator,2 hr 30 min,
2026-09-26T11:54:15.107351,t+1,1,2026-09-27,DEL,HYD,Air India,2:30 PM,4:40 PM,130,0,9798.0,GoogleFlights-Aggregator,2 hr 10 min,
2026-09-26T11:54:15.107351,t+1,1,2026-09-27,DEL,HYD,IndiGo,11:45 AM,2:00 PM,135,0,9856.0,GoogleFlights-Aggregator,2 hr 15 min,
2026-09-26T11:54:15.107351,t+1,1,2026-09-27,DEL,HYD,IndiGo,1:30 PM,3:45 PM,135,0,9856.0,GoogleFlights-Aggregator,2 hr 15 min,
2026-09-26T11:54:15.107351,t+1,1,2026-09-27,DEL,HYD,IndiGo,5:55 PM,8:15 PM,140,0,9856.0,GoogleFlights-Aggregator,2 hr 20 min,
2026-09-26T11:54:15.107351,t+1,1,2026-09-27,DEL,HYD,IndiGo,7:45 PM,10:05 PM,140,0,9856.0,GoogleFlights-Aggregator,2 hr 20 min,
2026-09-26T11:54:15.107351,t+1,1,2026-09-27,DEL,HYD,IndiGo,2:45 PM,5:05 PM,140,0,10395.0,GoogleFlights-Aggregator,2 hr 20 min,
2026-09-26T11:54:15.107351,t+1,1,2026-09-27,DEL,HYD,IndiGo,4:15 PM,6:30 PM,135,0,11574.0,GoogleFlights-Aggregator,2 hr 15 min,
2026-09-26T11:54:26.156680,t+7,7,2026-10-03,DEL,HYD,IndiGo,5:10 AM,10:15 AM,305,1,7982.0,GoogleFlights-Aggregator,5 hr 5 min,
2026-09-26T11:54:26.156680,t+7,7,2026-10-03,DEL,HYD,IndiGo,10:00 AM,2:50 PM,290,1,7982.0,GoogleFlights-Aggregator,4 hr 50 min,
2026-09-26T11:54:26.156680,t+7,7,2026-10-03,DEL,HYD,IndiGo,7:30 PM,12:45 AM+1,315,1,7982.0,GoogleFlights-Aggregator,5 hr 15 min,
2026-09-26T11:54:26.156680,t+7,7,2026-10-03,DEL,HYD,Akasa Air,8:40 PM,11:10 PM,150,0,8440.0,GoogleFlights-Aggregator,2 hr 30 min,
2026-09-26T11:54:26.156680,t+7,7,2026-10-03,DEL,HYD,Air India,10:00 PM,12:20 AM+1,140,0,8711.0,GoogleFlights-Aggregator,2 hr 20 min,
2026-09-26T11:54:26.156680,t+7,7,2026-10-03,DEL,HYD,Air India,11:00 PM,1:20 AM+1,140,0,8711.0,GoogleFlights-Aggregator,2 hr 20 min,
2026-09-26T11:54:26.156680,t+7,7,2026-10-03,DEL,HYD,Air India,9:40 AM,12:00 PM,140,0,8774.0,GoogleFlights-Aggregator,2 hr 20 min,
2026-09-26T11:54:26.156680,t+7,7,2026-10-03,DEL,HYD,Air India,10:30 AM,12:50 PM,140,0,8774.0,GoogleFlights-Aggregator,2 hr 20 min,
2026-09-26T11:54:26.156680,t+7,7,2026-10-03,DEL,HYD,Air India,12:30 PM,2:45 PM,135,0,8774.0,GoogleFlights-Aggregator,2 hr 15 min,
2026-09-26T11:54:26.156680,t+7,7,2026-10-03,DEL,HYD,Air India,6:00 PM,8:20 PM,140,0,8774.0,GoogleFlights-Aggregator,2 hr 20 min,
2026-09-26T11:54:26.156680,t+7,7,2026-10-03,DEL,HYD,Air India,8:30 PM,10:50 PM,140,0,8774.0,GoogleFlights-Aggregator,2 hr 20 min,
2026-09-26T11:54:26.156680,t+7,7,2026-10-03,DEL,HYD,Air India,2:30 PM,4:40 PM,130,0,8811.0,GoogleFlights-Aggregator,2 hr 10 min,
2026-09-26T11:54:26.156680,t+7,7,2026-10-03,DEL,HYD,Air India,7:30 PM,9:50 PM,140,0,8822.0,GoogleFlights-Aggregator,2 hr 20 min,
2026-09-26T11:54:26.156680,t+7,7,2026-10-03,DEL,HYD,IndiGo,4:15 PM,6:30 PM,135,0,8874.0,GoogleFlights-Aggregator,2 hr 15 min,
2026-09-26T11:54:26.156680,t+7,7,2026-10-03,DEL,HYD,IndiGo,7:10 AM,9:20 AM,130,0,8874.0,GoogleFlights-Aggregator,2 hr 10 min,
2026-09-26T11:54:26.156680,t+7,7,2026-10-03,DEL,HYD,IndiGo,8:30 AM,10:45 AM,135,0,8874.0,GoogleFlights-Aggregator,2 hr 15 min,
2026-09-26T11:54:26.156680,t+7,7,2026-10-03,DEL,HYD,IndiGo,9:55 AM,12:20 PM,145,0,8874.0,GoogleFlights-Aggregator,2 hr 25 min,
2026-09-26T11:54:26.156680,t+7,7,2026-10-03,DEL,HYD,IndiGo,11:45 AM,2:00 PM,135,0,8874.0,GoogleFlights-Aggregator,2 hr 15 min,
2026-09-26T11:54:26.156680,t+7,7,2026-10-03,DEL,HYD,IndiGo,2:45 PM,5:05 PM,140,0,8874.0,GoogleFlights-Aggregator,2 hr 20 min,
2026-09-26T11:54:26.156680,t+7,7,2026-10-03,DEL,HYD,IndiGo,5:55 PM,8:15 PM,140,0,8874.0,GoogleFlights-Aggregator,2 hr 20 min,
2026-09-26T11:54:26.156680,t+7,7,2026-10-03,DEL,HYD,IndiGo,7:45 PM,10:05 PM,140,0,8874.0,GoogleFlights-Aggregator,2 hr 20 min,
2026-09-26T11:54:26.156680,t+7,7,2026-10-03,DEL,HYD,IndiGo,9:00 PM,11:15 PM,135,0,8874.0,GoogleFlights-Aggregator,2 hr 15 min,
2026-09-26T11:54:26.156680,t+7,7,2026-10-03,DEL,HYD,IndiGo,11:15 PM,1:30 AM+1,135,0,8874.0,GoogleFlights-Aggregator,2 hr 15 min,
2026-09-26T11:54:26.156680,t+7,7,2026-10-03,DEL,HYD,Air India,3:30 PM,5:55 PM,145,0,8995.0,GoogleFlights-Aggregator,2 hr 25 min,
2026-09-26T11:54:26.156680,t+7,7,2026-10-03,DEL,HYD,Akasa Air,2:10 PM,4:30 PM,140,0,9042.0,GoogleFlights-Aggregator,2 hr 20 min,
2026-09-26T11:54:26.156680,t+7,7,2026-10-03,DEL,HYD,Air India,6:00 AM,8:20 AM,140,0,9184.0,GoogleFlights-Aggregator,2 hr 20 min,
2026-09-26T11:54:26.156680,t+7,7,2026-10-03,DEL,HYD,IndiGo,1:30 PM,3:45 PM,135,0,9350.0,GoogleFlights-Aggregator,2 hr 15 min,
2026-09-26T11:54:26.156680,t+7,7,2026-10-03,DEL,HYD,Air India,2:00 AM,4:20 AM,140,0,10292.0,GoogleFlights-Aggregator,2 hr 20 min,
2026-09-26T11:54:26.156680,t+7,7,2026-10-03,DEL,HYD,IndiGo,2:25 AM,4:40 AM,135,0,10395.0,GoogleFlights-Aggregator,2 hr 15 min,
2026-09-26T11:54:37.695160,t+15,15,2026-10-11,DEL,HYD,IndiGo,5:10 AM,10:15 AM,305,1,7982.0,GoogleFlights-Aggregator,5 hr 5 min,
2026-09-26T11:54:37.695160,t+15,15,2026-10-11,DEL,HYD,IndiGo,5:05 PM,10:30 PM,325,1,7982.0,GoogleFlights-Aggregator,5 hr 25 min,
2026-09-26T11:54:37.695160,t+15,15,2026-10-11,DEL,HYD,IndiGo,7:30 PM,12:45 AM+1,315,1,7982.0,GoogleFlights-Aggregator,5 hr 15 min,
2026-09-26T11:54:37.695160,t+15,15,2026-10-11,DEL,HYD,Air India,2:00 AM,4:20 AM,140,0,8774.0,GoogleFlights-Aggregator,2 hr 20 min,
2026-09-26T11:54:37.695160,t+15,15,2026-10-11,DEL,HYD,Air India,7:00 AM,9:20 AM,140,0,8774.0,GoogleFlights-Aggregator,2 hr 20 min,
2026-09-26T11:54:37.695160,t+15,15,2026-10-11,DEL,HYD,Air India,10:00 PM,12:20 AM+1,140,0,8774.0,GoogleFlights-Aggregator,2 hr 20 min,
2026-09-26T11:54:37.695160,t+15,15,2026-10-11,DEL,HYD,IndiGo,4:15 PM,6:30 PM,135,0,8874.0,GoogleFlights-Aggregator,2 hr 15 min,
2026-09-26T11:54:37.695160,t+15,15,2026-10-11,DEL,HYD,IndiGo,5:55 PM,8:15 PM,140,0,8874.0,GoogleFlights-Aggregator,2 hr 20 min,
2026-09-26T11:54:37.695160,t+15,15,2026-10-11,DEL,HYD,IndiGo,2:25 AM,4:40 AM,135,0,8874.0,GoogleFlights-Aggregator,2 hr 15 min,
2026-09-26T11:54:37.695160,t+15,15,2026-10-11,DEL,HYD,IndiGo,5:30 AM,7:50 AM,140,0,8874.0,GoogleFlights-Aggregator,2 hr 20 min,
2026-09-26T11:54:37.695160,t+15,15,2026-10-11,DEL,HYD,IndiGo,7:10 AM,9:20 AM,130,0,8874.0,GoogleFlights-Aggregator,2 hr 10 min,
2026-09-26T11:54:37.695160,t+15,15,2026-10-11,DEL,HYD,IndiGo,8:30 AM,10:45 AM,135,0,8874.0,GoogleFlights-Aggregator,2 hr 15 min,
2026-09-26T11:54:37.695160,t+15,15,2026-10-11,DEL,HYD,IndiGo,9:55 AM,12:20 PM,145,0,8874.0,GoogleFlights-Aggregator,2 hr 25 min,
2026-09-26T11:54:37.695160,t+15,15,2026-10-11,DEL,HYD,IndiGo,11:45 AM,2:00 PM,135,0,8874.0,GoogleFlights-Aggregator,2 hr 15 min,
2026-09-26T11:54:37.695160,t+15,15,2026-10-11,DEL,HYD,IndiGo,7:45 PM,10:05 PM,140,0,8874.0,GoogleFlights-Aggregator,2 hr 20 min,
2026-09-26T11:54:37.695160,t+15,15,2026-10-11,DEL,HYD,IndiGo,9:00 PM,11:15 PM,135,0,8874.0,GoogleFlights-Aggregator,2 hr 15 min,
2026-09-26T11:54:37.695160,t+15,15,2026-10-11,DEL,HYD,IndiGo,11:15 PM,1:30 AM+1,135,0,8874.0,GoogleFlights-Aggregator,2 hr 15 min,
2026-09-26T11:54:37.695160,t+15,15,2026-10-11,DEL,HYD,Air India,7:30 PM,9:50 PM,140,0,8921.0,GoogleFlights-Aggregator,2 hr 20 min,
2026-09-26T11:54:37.695160,t+15,15,2026-10-11,DEL,HYD,Air India,6:00 AM,8:20 AM,140,0,8921.0,GoogleFlights-Aggregator,2 hr 20 min,
2026-09-26T11:54:37.695160,t+15,15,2026-10-11,DEL,HYD,Air India,10:30 AM,12:50 PM,140,0,8995.0,GoogleFlights-Aggregator,2 hr 20 min,
2026-09-26T11:54:37.695160,t+15,15,2026-10-11,DEL,HYD,Air India,12:30 PM,2:45 PM,135,0,8995.0,GoogleFlights-Aggregator,2 hr 15 min,
2026-09-26T11:54:37.695160,t+15,15,2026-10-11,DEL,HYD,Air India,3:30 PM,5:55 PM,145,0,8995.0,GoogleFlights-Aggregator,2 hr 25 min,
2026-09-26T11:54:37.695160,t+15,15,2026-10-11,DEL,HYD,Air India,6:00 PM,8:20 PM,140,0,8995.0,GoogleFlights-Aggregator,2 hr 20 min,
2026-09-26T11:54:37.695160,t+15,15,2026-10-11,DEL,HYD,Air India,8:30 PM,10:50 PM,140,0,8995.0,GoogleFlights-Aggregator,2 hr 20 min,
2026-09-26T11:54:37.695160,t+15,15,2026-10-11,DEL,HYD,Air India,9:40 AM,12:00 PM,140,0,9142.0,GoogleFlights-Aggregator,2 hr 20 min,
2026-09-26T11:54:37.695160,t+15,15,2026-10-11,DEL,HYD,IndiGo,1:30 PM,3:45 PM,135,0,9350.0,GoogleFlights-Aggregator,2 hr 15 min,
2026-09-26T11:54:37.695160,t+15,15,2026-10-11,DEL,HYD,Air India,2:30 PM,4:40 PM,130,0,9798.0,GoogleFlights-Aggregator,2 hr 10 min,
2026-09-26T11:54:37.695160,t+15,15,2026-10-11,DEL,HYD,IndiGo,2:45 PM,5:05 PM,140,0,9856.0,GoogleFlights-Aggregator,2 hr 20 min,
2026-09-26T11:54:37.695160,t+15,15,2026-10-11,DEL,HYD,Akasa Air,8:40 PM,11:10 PM,150,0,10968.0,GoogleFlights-Aggregator,2 hr 30 min,
2026-09-26T11:54:37.695160,t+15,15,2026-10-11,DEL,HYD,Akasa Air,2:10 PM,4:30 PM,140,0,21029.0,GoogleFlights-Aggregator,2 hr 20 min,
2026-09-26T11:54:49.322881,t+30,30,2026-10-26,DEL,HYD,IndiGo,5:10 AM,10:30 AM,320,1,7982.0,GoogleFlights-Aggregator,5 hr 20 min,
2026-09-26T11:54:49.322881,t+30,30,2026-10-26,DEL,HYD,IndiGo,7:30 AM,1:25 PM,355,1,7982.0,GoogleFlights-Aggregator,5 hr 55 min,
2026-09-26T11:54:49.322881,t+30,30,2026-10-26,DEL,HYD,IndiGo,5:15 PM,10:25 PM,310,1,8060.0,GoogleFlights-Aggregator,5 hr 10 min,
2026-09-26T11:54:49.322881,t+30,30,2026-10-26,DEL,HYD,IndiGo,7:25 AM,12:10 PM,285,1,8060.0,GoogleFlights-Aggregator,4 hr 45 min,
2026-09-26T11:54:49.322881,t+30,30,2026-10-26,DEL,HYD,IndiGo,7:40 PM,12:30 AM+1,290,1,8192.0,GoogleFlights-Aggregator,4 hr 50 min,
2026-09-26T11:54:49.322881,t+30,30,2026-10-26,DEL,HYD,Air India,7:30 PM,9:45 PM,135,0,9809.0,GoogleFlights-Aggregator,2 hr 15 min,
2026-09-26T11:54:49.322881,t+30,30,2026-10-26,DEL,HYD,Air India,10:00 PM,12:15 AM+1,135,0,9809.0,GoogleFlights-Aggregator,2 hr 15 min,
2026-09-26T11:54:49.322881,t+30,30,2026-10-26,DEL,HYD,Air India,11:00 PM,1:15 AM+1,135,0,9809.0,GoogleFlights-Aggregator,2 hr 15 min,
2026-09-26T11:54:49.322881,t+30,30,2026-10-26,DEL,HYD,IndiGo,7:45 PM,10:00 PM,135,0,9858.0,GoogleFlights-Aggregator,2 hr 15 min,
2026-09-26T11:54:49.322881,t+30,30,2026-10-26,DEL,HYD,IndiGo,10:30 PM,12:45 AM+1,135,0,9858.0,GoogleFlights-Aggregator,2 hr 15 min,
2026-09-26T11:54:49.322881,t+30,30,2026-10-26,DEL,HYD,Akasa Air,8:35 PM,10:55 PM,140,0,10040.0,GoogleFlights-Aggregator,2 hr 20 min,
2026-09-26T11:54:49.322881,t+30,30,2026-10-26,DEL,HYD,Air India,9:40 AM,11:55 AM,135,0,10344.0,GoogleFlights-Aggregator,2 hr 15 min,
2026-09-26T11:54:49.322881,t+30,30,2026-10-26,DEL,HYD,Air India,12:30 PM,2:45 PM,135,0,10344.0,GoogleFlights-Aggregator,2 hr 15 min,
2026-09-26T11:54:49.322881,t+30,30,2026-10-26,DEL,HYD,Air India,3:30 PM,5:45 PM,135,0,10344.0,GoogleFlights-Aggregator,2 hr 15 min,
2026-09-26T11:54:49.322881,t+30,30,2026-10-26,DEL,HYD,Air India,6:00 PM,8:15 PM,135,0,10344.0,GoogleFlights-Aggregator,2 hr 15 min,
2026-09-26T11:54:49.322881,t+30,30,2026-10-26,DEL,HYD,IndiGo,5:15 AM,7:30 AM,135,0,10397.0,GoogleFlights-Aggregator,2 hr 15 min,
2026-09-26T11:54:49.322881,t+30,30,2026-10-26,DEL,HYD,IndiGo,11:45 AM,2:00 PM,135,0,10397.0,GoogleFlights-Aggregator,2 hr 15 min,
2026-09-26T11:54:49.322881,t+30,30,2026-10-26,DEL,HYD,IndiGo,1:30 PM,3:45 PM,135,0,10397.0,GoogleFlights-Aggregator,2 hr 15 min,
2026-09-26T11:54:49.322881,t+30,30,2026-10-26,DEL,HYD,IndiGo,2:50 PM,5:05 PM,135,0,10397.0,GoogleFlights-Aggregator,2 hr 15 min,
2026-09-26T11:54:49.322881,t+30,30,2026-10-26,DEL,HYD,IndiGo,9:00 PM,11:15 PM,135,0,10397.0,GoogleFlights-Aggregator,2 hr 15 min,
2026-09-26T11:54:49.322881,t+30,30,2026-10-26,DEL,HYD,Air India,11:00 AM,1:15 PM,135,0,10612.0,GoogleFlights-Aggregator,2 hr 15 min,
2026-09-26T11:54:49.322881,t+30,30,2026-10-26,DEL,HYD,Air India,2:30 PM,4:45 PM,135,0,10701.0,GoogleFlights-Aggregator,2 hr 15 min,
2026-09-26T11:54:49.322881,t+30,30,2026-10-26,DEL,HYD,Akasa Air,2:20 PM,4:45 PM,145,0,10776.0,GoogleFlights-Aggregator,2 hr 25 min,
2026-09-26T11:54:49.322881,t+30,30,2026-10-26,DEL,HYD,Air India,7:00 AM,9:15 AM,135,0,10790.0,GoogleFlights-Aggregator,2 hr 15 min,
2026-09-26T11:54:49.322881,t+30,30,2026-10-26,DEL,HYD,IndiGo,8:30 AM,10:45 AM,135,0,10968.0,GoogleFlights-Aggregator,2 hr 15 min,
2026-09-26T11:54:49.322881,t+30,30,2026-10-26,DEL,HYD,IndiGo,4:15 PM,6:30 PM,135,0,10968.0,GoogleFlights-Aggregator,2 hr 15 min,
2026-09-26T11:54:49.322881,t+30,30,2026-10-26,DEL,HYD,IndiGo,6:15 PM,8:30 PM,135,0,10968.0,GoogleFlights-Aggregator,2 hr 15 min,
2026-09-26T11:54:49.322881,t+30,30,2026-10-26,DEL,HYD,IndiGo,2:25 AM,4:40 AM,135,0,12223.0,GoogleFlights-Aggregator,2 hr 15 min,
2026-09-26T11:54:49.322881,t+30,30,2026-10-26,DEL,HYD,IndiGo,6:30 AM,8:45 AM,135,0,17053.0,GoogleFlights-Aggregator,2 hr 15 min,
2026-09-26T11:54:49.322881,t+30,30,2026-10-26,DEL,HYD,IndiGo,10:00 AM,12:15 PM,135,0,18044.0,GoogleFlights-Aggregator,2 hr 15 min,
2026-09-26T12:09:42.957122,t+1,1,2026-09-27,DEL,HYD,IndiGo,5:10 AM,10:15 AM,305,1,8608.0,GoogleFlights-Aggregator,5 hr 5 min,DEL -> HYD
2026-09-26T12:09:42.957122,t+1,1,2026-09-27,DEL,HYD,Air India,7:30 PM,9:50 PM,140,0,8675.0,GoogleFlights-Aggregator,2 hr 20 min,DEL -> HYD
2026-09-26T12:09:42.957122,t+1,1,2026-09-27,DEL,HYD,Air India,2:00 AM,4:20 AM,140,0,8711.0,GoogleFlights-Aggregator,2 hr 20 min,DEL -> HYD
2026-09-26T12:09:42.957122,t+1,1,2026-09-27,DEL,HYD,Air India,10:00 PM,12:20 AM+1,140,0,8711.0,GoogleFlights-Aggregator,2 hr 20 min,DEL -> HYD
2026-09-26T12:09:42.957122,t+1,1,2026-09-27,DEL,HYD,Air India,11:00 PM,1:20 AM+1,140,0,8711.0,GoogleFlights-Aggregator,2 hr 20 min,DEL -> HYD
2026-09-26T12:09:42.957122,t+1,1,2026-09-27,DEL,HYD,Air India,6:00 AM,8:20 AM,140,0,8774.0,GoogleFlights-Aggregator,2 hr 20 min,DEL -> HYD
2026-09-26T12:09:42.957122,t+1,1,2026-09-27,DEL,HYD,Air India,9:40 AM,12:00 PM,140,0,8774.0,GoogleFlights-Aggregator,2 hr 20 min,DEL -> HYD
2026-09-26T12:09:42.957122,t+1,1,2026-09-27,DEL,HYD,Air India,10:30 AM,12:50 PM,140,0,8774.0,GoogleFlights-Aggregator,2 hr 20 min,DEL -> HYD
2026-09-26T12:09:42.957122,t+1,1,2026-09-27,DEL,HYD,Air India,3:30 PM,5:55 PM,145,0,8774.0,GoogleFlights-Aggregator,2 hr 25 min,DEL -> HYD
2026-09-26T12:09:42.957122,t+1,1,2026-09-27,DEL,HYD,Air India,8:30 PM,10:50 PM,140,0,8774.0,GoogleFlights-Aggregator,2 hr 20 min,DEL -> HYD
2026-09-26T12:09:42.957122,t+1,1,2026-09-27,DEL,HYD,IndiGo,9:55 AM,12:20 PM,145,0,8874.0,GoogleFlights-Aggregator,2 hr 25 min,DEL -> HYD
2026-09-26T12:09:42.957122,t+1,1,2026-09-27,DEL,HYD,IndiGo,7:10 AM,9:20 AM,130,0,8874.0,GoogleFlights-Aggregator,2 hr 10 min,DEL -> HYD
2026-09-26T12:09:42.957122,t+1,1,2026-09-27,DEL,HYD,Akasa Air,2:10 PM,4:30 PM,140,0,9200.0,GoogleFlights-Aggregator,2 hr 20 min,DEL -> HYD
2026-09-26T12:09:42.957122,t+1,1,2026-09-27,DEL,HYD,IndiGo,8:30 AM,10:45 AM,135,0,9350.0,GoogleFlights-Aggregator,2 hr 15 min,DEL -> HYD
2026-09-26T12:09:42.957122,t+1,1,2026-09-27,DEL,HYD,IndiGo,9:00 PM,11:15 PM,135,0,9350.0,GoogleFlights-Aggregator,2 hr 15 min,DEL -> HYD
2026-09-26T12:09:42.957122,t+1,1,2026-09-27,DEL,HYD,IndiGo,11:15 PM,1:30 AM+1,135,0,9350.0,GoogleFlights-Aggregator,2 hr 15 min,DEL -> HYD
2026-09-26T12:09:42.957122,t+1,1,2026-09-27,DEL,HYD,Air India,12:30 PM,2:45 PM,135,0,9483.0,GoogleFlights-Aggregator,2 hr 15 min,DEL -> HYD
2026-09-26T12:09:42.957122,t+1,1,2026-09-27,DEL,HYD,Air India,6:00 PM,8:20 PM,140,0,9483.0,GoogleFlights-Aggregator,2 hr 20 min,DEL -> HYD
2026-09-26T12:09:42.957122,t+1,1,2026-09-27,DEL,HYD,Akasa Air,8:40 PM,11:10 PM,150,0,9527.0,GoogleFlights-Aggregator,2 hr 30 min,DEL -> HYD
2026-09-26T12:09:42.957122,t+1,1,2026-09-27,DEL,HYD,Air India,2:30 PM,4:40 PM,130,0,9798.0,GoogleFlights-Aggregator,2 hr 10 min,DEL -> HYD
2026-09-26T12:09:42.957122,t+1,1,2026-09-27,DEL,HYD,IndiGo,11:45 AM,2:00 PM,135,0,9856.0,GoogleFlights-Aggregator,2 hr 15 min,DEL -> HYD
2026-09-26T12:09:42.957122,t+1,1,2026-09-27,DEL,HYD,IndiGo,1:30 PM,3:45 PM,135,0,9856.0,GoogleFlights-Aggregator,2 hr 15 min,DEL -> HYD
2026-09-26T12:09:42.957122,t+1,1,2026-09-27,DEL,HYD,IndiGo,5:55 PM,8:15 PM,140,0,9856.0,GoogleFlights-Aggregator,2 hr 20 min,DEL -> HYD
2026-09-26T12:09:42.957122,t+1,1,2026-09-27,DEL,HYD,IndiGo,7:45 PM,10:05 PM,140,0,9856.0,GoogleFlights-Aggregator,2 hr 20 min,DEL -> HYD
2026-09-26T12:09:42.957122,t+1,1,2026-09-27,DEL,HYD,IndiGo,2:45 PM,5:05 PM,140,0,10395.0,GoogleFlights-Aggregator,2 hr 20 min,DEL -> HYD
2026-09-26T12:09:42.957122,t+1,1,2026-09-27,DEL,HYD,IndiGo,4:15 PM,6:30 PM,135,0,11574.0,GoogleFlights-Aggregator,2 hr 15 min,DEL -> HYD
2026-09-26T12:09:57.373894,t+7,7,2026-10-03,DEL,HYD,IndiGo,5:10 AM,10:15 AM,305,1,7982.0,GoogleFlights-Aggregator,5 hr 5 min,DEL -> HYD
2026-09-26T12:09:57.373894,t+7,7,2026-10-03,DEL,HYD,IndiGo,10:00 AM,2:50 PM,290,1,7982.0,GoogleFlights-Aggregator,4 hr 50 min,DEL -> HYD
2026-09-26T12:09:57.373894,t+7,7,2026-10-03,DEL,HYD,IndiGo,7:30 PM,12:45 AM+1,315,1,7982.0,GoogleFlights-Aggregator,5 hr 15 min,DEL -> HYD
2026-09-26T12:09:57.373894,t+7,7,2026-10-03,DEL,HYD,Akasa Air,8:40 PM,11:10 PM,150,0,8440.0,GoogleFlights-Aggregator,2 hr 30 min,DEL -> HYD
2026-09-26T12:09:57.373894,t+7,7,2026-10-03,DEL,HYD,Air India,10:00 PM,12:20 AM+1,140,0,8711.0,GoogleFlights-Aggregator,2 hr 20 min,DEL -> HYD
2026-09-26T12:09:57.373894,t+7,7,2026-10-03,DEL,HYD,Air India,11:00 PM,1:20 AM+1,140,0,8711.0,GoogleFlights-Aggregator,2 hr 20 min,DEL -> HYD
2026-09-26T12:09:57.373894,t+7,7,2026-10-03,DEL,HYD,Air India,9:40 AM,12:00 PM,140,0,8774.0,GoogleFlights-Aggregator,2 hr 20 min,DEL -> HYD
2026-09-26T12:09:57.373894,t+7,7,2026-10-03,DEL,HYD,Air India,10:30 AM,12:50 PM,140,0,8774.0,GoogleFlights-Aggregator,2 hr 20 min,DEL -> HYD
2026-09-26T12:09:57.373894,t+7,7,2026-10-03,DEL,HYD,Air India,12:30 PM,2:45 PM,135,0,8774.0,GoogleFlights-Aggregator,2 hr 15 min,DEL -> HYD
2026-09-26T12:09:57.373894,t+7,7,2026-10-03,DEL,HYD,Air India,6:00 PM,8:20 PM,140,0,8774.0,GoogleFlights-Aggregator,2 hr 20 min,DEL -> HYD
2026-09-26T12:09:57.373894,t+7,7,2026-10-03,DEL,HYD,Air India,8:30 PM,10:50 PM,140,0,8774.0,GoogleFlights-Aggregator,2 hr 20 min,DEL -> HYD
2026-09-26T12:09:57.373894,t+7,7,2026-10-03,DEL,HYD,Air India,2:30 PM,4:40 PM,130,0,8811.0,GoogleFlights-Aggregator,2 hr 10 min,DEL -> HYD
2026-09-26T12:09:57.373894,t+7,7,2026-10-03,DEL,HYD,Air India,7:30 PM,9:50 PM,140,0,8822.0,GoogleFlights-Aggregator,2 hr 20 min,DEL -> HYD
2026-09-26T12:09:57.373894,t+7,7,2026-10-03,DEL,HYD,IndiGo,4:15 PM,6:30 PM,135,0,8874.0,GoogleFlights-Aggregator,2 hr 15 min,DEL -> HYD
2026-09-26T12:09:57.373894,t+7,7,2026-10-03,DEL,HYD,IndiGo,7:10 AM,9:20 AM,130,0,8874.0,GoogleFlights-Aggregator,2 hr 10 min,DEL -> HYD
2026-09-26T12:09:57.373894,t+7,7,2026-10-03,DEL,HYD,IndiGo,8:30 AM,10:45 AM,135,0,8874.0,GoogleFlights-Aggregator,2 hr 15 min,DEL -> HYD
2026-09-26T12:09:57.373894,t+7,7,2026-10-03,DEL,HYD,IndiGo,9:55 AM,12:20 PM,145,0,8874.0,GoogleFlights-Aggregator,2 hr 25 min,DEL -> HYD
2026-09-26T12:09:57.373894,t+7,7,2026-10-03,DEL,HYD,IndiGo,11:45 AM,2:00 PM,135,0,8874.0,GoogleFlights-Aggregator,2 hr 15 min,DEL -> HYD
2026-09-26T12:09:57.373894,t+7,7,2026-10-03,DEL,HYD,IndiGo,2:45 PM,5:05 PM,140,0,8874.0,GoogleFlights-Aggregator,2 hr 20 min,DEL -> HYD
2026-09-26T12:09:57.373894,t+7,7,2026-10-03,DEL,HYD,IndiGo,5:55 PM,8:15 PM,140,0,8874.0,GoogleFlights-Aggregator,2 hr 20 min,DEL -> HYD
2026-09-26T12:09:57.373894,t+7,7,2026-10-03,DEL,HYD,IndiGo,7:45 PM,10:05 PM,140,0,8874.0,GoogleFlights-Aggregator,2 hr 20 min,DEL -> HYD
2026-09-26T12:09:57.373894,t+7,7,2026-10-03,DEL,HYD,IndiGo,9:00 PM,11:15 PM,135,0,8874.0,GoogleFlights-Aggregator,2 hr 15 min,DEL -> HYD
2026-09-26T12:09:57.373894,t+7,7,2026-10-03,DEL,HYD,IndiGo,11:15 PM,1:30 AM+1,135,0,8874.0,GoogleFlights-Aggregator,2 hr 15 min,DEL -> HYD
2026-09-26T12:09:57.373894,t+7,7,2026-10-03,DEL,HYD,Air India,3:30 PM,5:55 PM,145,0,8995.0,GoogleFlights-Aggregator,2 hr 25 min,DEL -> HYD
2026-09-26T12:09:57.373894,t+7,7,2026-10-03,DEL,HYD,Akasa Air,2:10 PM,4:30 PM,140,0,9042.0,GoogleFlights-Aggregator,2 hr 20 min,DEL -> HYD
2026-09-26T12:09:57.373894,t+7,7,2026-10-03,DEL,HYD,Air India,6:00 AM,8:20 AM,140,0,9184.0,GoogleFlights-Aggregator,2 hr 20 min,DEL -> HYD
2026-09-26T12:09:57.373894,t+7,7,2026-10-03,DEL,HYD,IndiGo,1:30 PM,3:45 PM,135,0,9350.0,GoogleFlights-Aggregator,2 hr 15 min,DEL -> HYD
2026-09-26T12:09:57.373894,t+7,7,2026-10-03,DEL,HYD,Air India,2:00 AM,4:20 AM,140,0,10292.0,GoogleFlights-Aggregator,2 hr 20 min,DEL -> HYD
2026-09-26T12:09:57.373894,t+7,7,2026-10-03,DEL,HYD,IndiGo,2:25 AM,4:40 AM,135,0,10395.0,GoogleFlights-Aggregator,2 hr 15 min,DEL -> HYD
2026-09-26T12:10:10.864742,t+15,15,2026-10-11,DEL,HYD,IndiGo,5:10 AM,10:15 AM,305,1,7982.0,GoogleFlights-Aggregator,5 hr 5 min,DEL -> HYD
2026-09-26T12:10:10.864742,t+15,15,2026-10-11,DEL,HYD,IndiGo,5:05 PM,10:30 PM,325,1,7982.0,GoogleFlights-Aggregator,5 hr 25 min,DEL -> HYD
2026-09-26T12:10:10.864742,t+15,15,2026-10-11,DEL,HYD,IndiGo,7:30 PM,12:45 AM+1,315,1,7982.0,GoogleFlights-Aggregator,5 hr 15 min,DEL -> HYD
2026-09-26T12:10:10.864742,t+15,15,2026-10-11,DEL,HYD,Air India,2:00 AM,4:20 AM,140,0,8774.0,GoogleFlights-Aggregator,2 hr 20 min,DEL -> HYD
2026-09-26T12:10:10.864742,t+15,15,2026-10-11,DEL,HYD,Air India,7:00 AM,9:20 AM,140,0,8774.0,GoogleFlights-Aggregator,2 hr 20 min,DEL -> HYD
2026-09-26T12:10:10.864742,t+15,15,2026-10-11,DEL,HYD,Air India,10:00 PM,12:20 AM+1,140,0,8774.0,GoogleFlights-Aggregator,2 hr 20 min,DEL -> HYD
2026-09-26T12:10:10.864742,t+15,15,2026-10-11,DEL,HYD,IndiGo,4:15 PM,6:30 PM,135,0,8874.0,GoogleFlights-Aggregator,2 hr 15 min,DEL -> HYD
2026-09-26T12:10:10.864742,t+15,15,2026-10-11,DEL,HYD,IndiGo,5:55 PM,8:15 PM,140,0,8874.0,GoogleFlights-Aggregator,2 hr 20 min,DEL -> HYD
2026-09-26T12:10:10.864742,t+15,15,2026-10-11,DEL,HYD,IndiGo,2:25 AM,4:40 AM,135,0,8874.0,GoogleFlights-Aggregator,2 hr 15 min,DEL -> HYD
2026-09-26T12:10:10.864742,t+15,15,2026-10-11,DEL,HYD,IndiGo,5:30 AM,7:50 AM,140,0,8874.0,GoogleFlights-Aggregator,2 hr 20 min,DEL -> HYD
2026-09-26T12:10:10.864742,t+15,15,2026-10-11,DEL,HYD,IndiGo,7:10 AM,9:20 AM,130,0,8874.0,GoogleFlights-Aggregator,2 hr 10 min,DEL -> HYD
2026-09-26T12:10:10.864742,t+15,15,2026-10-11,DEL,HYD,IndiGo,8:30 AM,10:45 AM,135,0,8874.0,GoogleFlights-Aggregator,2 hr 15 min,DEL -> HYD
2026-09-26T12:10:10.864742,t+15,15,2026-10-11,DEL,HYD,IndiGo,9:55 AM,12:20 PM,145,0,8874.0,GoogleFlights-Aggregator,2 hr 25 min,DEL -> HYD
2026-09-26T12:10:10.864742,t+15,15,2026-10-11,DEL,HYD,IndiGo,11:45 AM,2:00 PM,135,0,8874.0,GoogleFlights-Aggregator,2 hr 15 min,DEL -> HYD
2026-09-26T12:10:10.864742,t+15,15,2026-10-11,DEL,HYD,IndiGo,7:45 PM,10:05 PM,140,0,8874.0,GoogleFlights-Aggregator,2 hr 20 min,DEL -> HYD
2026-09-26T12:10:10.864742,t+15,15,2026-10-11,DEL,HYD,IndiGo,9:00 PM,11:15 PM,135,0,8874.0,GoogleFlights-Aggregator,2 hr 15 min,DEL -> HYD
2026-09-26T12:10:10.864742,t+15,15,2026-10-11,DEL,HYD,IndiGo,11:15 PM,1:30 AM+1,135,0,8874.0,GoogleFlights-Aggregator,2 hr 15 min,DEL -> HYD
2026-09-26T12:10:10.864742,t+15,15,2026-10-11,DEL,HYD,Air India,7:30 PM,9:50 PM,140,0,8921.0,GoogleFlights-Aggregator,2 hr 20 min,DEL -> HYD
2026-09-26T12:10:10.864742,t+15,15,2026-10-11,DEL,HYD,Air India,6:00 AM,8:20 AM,140,0,8921.0,GoogleFlights-Aggregator,2 hr 20 min,DEL -> HYD
2026-09-26T12:10:10.864742,t+15,15,2026-10-11,DEL,HYD,Air India,10:30 AM,12:50 PM,140,0,8995.0,GoogleFlights-Aggregator,2 hr 20 min,DEL -> HYD
2026-09-26T12:10:10.864742,t+15,15,2026-10-11,DEL,HYD,Air India,12:30 PM,2:45 PM,135,0,8995.0,GoogleFlights-Aggregator,2 hr 15 min,DEL -> HYD
2026-09-26T12:10:10.864742,t+15,15,2026-10-11,DEL,HYD,Air India,3:30 PM,5:55 PM,145,0,8995.0,GoogleFlights-Aggregator,2 hr 25 min,DEL -> HYD
2026-09-26T12:10:10.864742,t+15,15,2026-10-11,DEL,HYD,Air India,6:00 PM,8:20 PM,140,0,8995.0,GoogleFlights-Aggregator,2 hr 20 min,DEL -> HYD
2026-09-26T12:10:10.864742,t+15,15,2026-10-11,DEL,HYD,Air India,8:30 PM,10:50 PM,140,0,8995.0,GoogleFlights-Aggregator,2 hr 20 min,DEL -> HYD
2026-09-26T12:10:10.864742,t+15,15,2026-10-11,DEL,HYD,Air India,9:40 AM,12:00 PM,140,0,9142.0,GoogleFlights-Aggregator,2 hr 20 min,DEL -> HYD
2026-09-26T12:10:10.864742,t+15,15,2026-10-11,DEL,HYD,IndiGo,1:30 PM,3:45 PM,135,0,9350.0,GoogleFlights-Aggregator,2 hr 15 min,DEL -> HYD
2026-09-26T12:10:10.864742,t+15,15,2026-10-11,DEL,HYD,Air India,2:30 PM,4:40 PM,130,0,9798.0,GoogleFlights-Aggregator,2 hr 10 min,DEL -> HYD
2026-09-26T12:10:10.864742,t+15,15,2026-10-11,DEL,HYD,IndiGo,2:45 PM,5:05 PM,140,0,9856.0,GoogleFlights-Aggregator,2 hr 20 min,DEL -> HYD
2026-09-26T12:10:10.864742,t+15,15,2026-10-11,DEL,HYD,Akasa Air,8:40 PM,11:10 PM,150,0,10968.0,GoogleFlights-Aggregator,2 hr 30 min,DEL -> HYD
2026-09-26T12:10:10.864742,t+15,15,2026-10-11,DEL,HYD,Akasa Air,2:10 PM,4:30 PM,140,0,21029.0,GoogleFlights-Aggregator,2 hr 20 min,DEL -> HYD
2026-09-26T12:10:24.462628,t+30,30,2026-10-26,DEL,HYD,IndiGo,6:30 AM,11:55 AM,325,1,9028.0,GoogleFlights-Aggregator,5 hr 25 min,DEL -> HYD
2026-09-26T12:10:24.462628,t+30,30,2026-10-26,DEL,HYD,IndiGo,1:00 PM,6:40 PM,340,1,9028.0,GoogleFlights-Aggregator,5 hr 40 min,DEL -> HYD
2026-09-26T12:10:24.462628,t+30,30,2026-10-26,DEL,HYD,IndiGo,3:00 PM,8:55 PM,355,1,9028.0,GoogleFlights-Aggregator,5 hr 55 min,DEL -> HYD
2026-09-26T12:10:24.462628,t+30,30,2026-10-26,DEL,HYD,Air India,7:30 PM,9:45 PM,135,0,9809.0,GoogleFlights-Aggregator,2 hr 15 min,DEL -> HYD
2026-09-26T12:10:24.462628,t+30,30,2026-10-26,DEL,HYD,Air India,10:00 PM,12:15 AM+1,135,0,9809.0,GoogleFlights-Aggregator,2 hr 15 min,DEL -> HYD
2026-09-26T12:10:24.462628,t+30,30,2026-10-26,DEL,HYD,Air India,11:00 PM,1:15 AM+1,135,0,9809.0,GoogleFlights-Aggregator,2 hr 15 min,DEL -> HYD
2026-09-26T12:10:24.462628,t+30,30,2026-10-26,DEL,HYD,IndiGo,7:45 PM,10:00 PM,135,0,9858.0,GoogleFlights-Aggregator,2 hr 15 min,DEL -> HYD
2026-09-26T12:10:24.462628,t+30,30,2026-10-26,DEL,HYD,IndiGo,10:30 PM,12:45 AM+1,135,0,9858.0,GoogleFlights-Aggregator,2 hr 15 min,DEL -> HYD
2026-09-26T12:10:24.462628,t+30,30,2026-10-26,DEL,HYD,Akasa Air,8:35 PM,10:55 PM,140,0,10040.0,GoogleFlights-Aggregator,2 hr 20 min,DEL -> HYD
2026-09-26T12:10:24.462628,t+30,30,2026-10-26,DEL,HYD,Air India,9:40 AM,11:55 AM,135,0,10344.0,GoogleFlights-Aggregator,2 hr 15 min,DEL -> HYD
2026-09-26T12:10:24.462628,t+30,30,2026-10-26,DEL,HYD,Air India,12:30 PM,2:45 PM,135,0,10344.0,GoogleFlights-Aggregator,2 hr 15 min,DEL -> HYD
2026-09-26T12:10:24.462628,t+30,30,2026-10-26,DEL,HYD,Air India,3:30 PM,5:45 PM,135,0,10344.0,GoogleFlights-Aggregator,2 hr 15 min,DEL -> HYD
2026-09-26T12:10:24.462628,t+30,30,2026-10-26,DEL,HYD,Air India,6:00 PM,8:15 PM,135,0,10344.0,GoogleFlights-Aggregator,2 hr 15 min,DEL -> HYD
2026-09-26T12:10:24.462628,t+30,30,2026-10-26,DEL,HYD,IndiGo,5:15 AM,7:30 AM,135,0,10397.0,GoogleFlights-Aggregator,2 hr 15 min,DEL -> HYD
2026-09-26T12:10:24.462628,t+30,30,2026-10-26,DEL,HYD,IndiGo,11:45 AM,2:00 PM,135,0,10397.0,GoogleFlights-Aggregator,2 hr 15 min,DEL -> HYD
2026-09-26T12:10:24.462628,t+30,30,2026-10-26,DEL,HYD,IndiGo,1:30 PM,3:45 PM,135,0,10397.0,GoogleFlights-Aggregator,2 hr 15 min,DEL -> HYD
2026-09-26T12:10:24.462628,t+30,30,2026-10-26,DEL,HYD,IndiGo,2:50 PM,5:05 PM,135,0,10397.0,GoogleFlights-Aggregator,2 hr 15 min,DEL -> HYD
2026-09-26T12:10:24.462628,t+30,30,2026-10-26,DEL,HYD,IndiGo,9:00 PM,11:15 PM,135,0,10397.0,GoogleFlights-Aggregator,2 hr 15 min,DEL -> HYD
2026-09-26T12:10:24.462628,t+30,30,2026-10-26,DEL,HYD,Air India,11:00 AM,1:15 PM,135,0,10612.0,GoogleFlights-Aggregator,2 hr 15 min,DEL -> HYD
2026-09-26T12:10:24.462628,t+30,30,2026-10-26,DEL,HYD,Air India,2:30 PM,4:45 PM,135,0,10701.0,GoogleFlights-Aggregator,2 hr 15 min,DEL -> HYD
2026-09-26T12:10:24.462628,t+30,30,2026-10-26,DEL,HYD,Akasa Air,2:20 PM,4:45 PM,145,0,10776.0,GoogleFlights-Aggregator,2 hr 25 min,DEL -> HYD
2026-09-26T12:10:24.462628,t+30,30,2026-10-26,DEL,HYD,Air India,7:00 AM,9:15 AM,135,0,10790.0,GoogleFlights-Aggregator,2 hr 15 min,DEL -> HYD
2026-09-26T12:10:24.462628,t+30,30,2026-10-26,DEL,HYD,IndiGo,8:30 AM,10:45 AM,135,0,10968.0,GoogleFlights-Aggregator,2 hr 15 min,DEL -> HYD
2026-09-26T12:10:24.462628,t+30,30,2026-10-26,DEL,HYD,IndiGo,4:15 PM,6:30 PM,135,0,10968.0,GoogleFlights-Aggregator,2 hr 15 min,DEL -> HYD
2026-09-26T12:10:24.462628,t+30,30,2026-10-26,DEL,HYD,IndiGo,6:15 PM,8:30 PM,135,0,10968.0,GoogleFlights-Aggregator,2 hr 15 min,DEL -> HYD
2026-09-26T12:10:24.462628,t+30,30,2026-10-26,DEL,HYD,IndiGo,2:25 AM,4:40 AM,135,0,12223.0,GoogleFlights-Aggregator,2 hr 15 min,DEL -> HYD
2026-09-26T12:10:24.462628,t+30,30,2026-10-26,DEL,HYD,IndiGo,6:30 AM,8:45 AM,135,0,17053.0,GoogleFlights-Aggregator,2 hr 15 min,DEL -> HYD
2026-09-26T12:10:24.462628,t+30,30,2026-10-26,DEL,HYD,IndiGo,10:00 AM,12:15 PM,135,0,18044.0,GoogleFlights-Aggregator,2 hr 15 min,DEL -> HYD
2026-09-27T09:43:28.553576,t+1,1,2026-09-28,DEL,HYD,IndiGo,4:40 PM,10:40 PM,360,1,8402.0,GoogleFlights-Aggregator,6 hr,DEL -> HYD
2026-09-27T09:43:28.553576,t+1,1,2026-09-28,DEL,HYD,Air India,6:00 AM,8:20 AM,140,0,8675.0,GoogleFlights-Aggregator,2 hr 20 min,DEL -> HYD
2026-09-27T09:43:28.553576,t+1,1,2026-09-28,DEL,HYD,Air India,7:30 PM,9:50 PM,140,0,8675.0,GoogleFlights-Aggregator,2 hr 20 min,DEL -> HYD
2026-09-27T09:43:28.553576,t+1,1,2026-09-28,DEL,HYD,Air India,10:00 PM,12:20 AM+1,140,0,8711.0,GoogleFlights-Aggregator,2 hr 20 min,DEL -> HYD
2026-09-27T09:43:28.553576,t+1,1,2026-09-28,DEL,HYD,Air India,11:00 PM,1:20 AM+1,140,0,8711.0,GoogleFlights-Aggregator,2 hr 20 min,DEL -> HYD
2026-09-27T09:43:28.553576,t+1,1,2026-09-28,DEL,HYD,Akasa Air,2:10 PM,4:30 PM,140,0,8735.0,GoogleFlights-Aggregator,2 hr 20 min,DEL -> HYD
2026-09-27T09:43:28.553576,t+1,1,2026-09-28,DEL,HYD,Air India,2:30 PM,4:40 PM,130,0,8774.0,GoogleFlights-Aggregator,2 hr 10 min,DEL -> HYD
2026-09-27T09:43:28.553576,t+1,1,2026-09-28,DEL,HYD,Air India,3:30 PM,5:55 PM,145,0,8774.0,GoogleFlights-Aggregator,2 hr 25 min,DEL -> HYD
2026-09-27T09:43:28.553576,t+1,1,2026-09-28,DEL,HYD,Air India,8:30 PM,10:50 PM,140,0,8774.0,GoogleFlights-Aggregator,2 hr 20 min,DEL -> HYD
2026-09-27T09:43:28.553576,t+1,1,2026-09-28,DEL,HYD,IndiGo,1:30 PM,3:45 PM,135,0,8874.0,GoogleFlights-Aggregator,2 hr 15 min,DEL -> HYD
2026-09-27T09:43:28.553576,t+1,1,2026-09-28,DEL,HYD,IndiGo,2:25 AM,4:40 AM,135,0,8874.0,GoogleFlights-Aggregator,2 hr 15 min,DEL -> HYD
2026-09-27T09:43:28.553576,t+1,1,2026-09-28,DEL,HYD,IndiGo,2:45 PM,5:05 PM,140,0,8874.0,GoogleFlights-Aggregator,2 hr 20 min,DEL -> HYD
2026-09-27T09:43:28.553576,t+1,1,2026-09-28,DEL,HYD,IndiGo,4:15 PM,6:30 PM,135,0,8874.0,GoogleFlights-Aggregator,2 hr 15 min,DEL -> HYD
2026-09-27T09:43:28.553576,t+1,1,2026-09-28,DEL,HYD,IndiGo,5:55 PM,8:15 PM,140,0,8874.0,GoogleFlights-Aggregator,2 hr 20 min,DEL -> HYD
2026-09-27T09:43:28.553576,t+1,1,2026-09-28,DEL,HYD,IndiGo,7:45 PM,10:05 PM,140,0,8874.0,GoogleFlights-Aggregator,2 hr 20 min,DEL -> HYD
2026-09-27T09:43:28.553576,t+1,1,2026-09-28,DEL,HYD,IndiGo,9:00 PM,11:15 PM,135,0,8874.0,GoogleFlights-Aggregator,2 hr 15 min,DEL -> HYD
2026-09-27T09:43:28.553576,t+1,1,2026-09-28,DEL,HYD,IndiGo,11:15 PM,1:30 AM+1,135,0,8874.0,GoogleFlights-Aggregator,2 hr 15 min,DEL -> HYD
2026-09-27T09:43:28.553576,t+1,1,2026-09-28,DEL,HYD,Akasa Air,8:40 PM,11:10 PM,150,0,9042.0,GoogleFlights-Aggregator,2 hr 30 min,DEL -> HYD
2026-09-27T09:43:28.553576,t+1,1,2026-09-28,DEL,HYD,Air India,2:00 AM,4:20 AM,140,0,9247.0,GoogleFlights-Aggregator,2 hr 20 min,DEL -> HYD
2026-09-27T09:43:28.553576,t+1,1,2026-09-28,DEL,HYD,Air India,12:30 PM,2:45 PM,135,0,9247.0,GoogleFlights-Aggregator,2 hr 15 min,DEL -> HYD
2026-09-27T09:43:28.553576,t+1,1,2026-09-28,DEL,HYD,Air India,6:00 PM,8:20 PM,140,0,9247.0,GoogleFlights-Aggregator,2 hr 20 min,DEL -> HYD
2026-09-27T09:43:28.553576,t+1,1,2026-09-28,DEL,HYD,IndiGo,11:45 AM,2:00 PM,135,0,9350.0,GoogleFlights-Aggregator,2 hr 15 min,DEL -> HYD
2026-09-27T09:43:28.553576,t+1,1,2026-09-28,DEL,HYD,IndiGo,9:55 AM,12:20 PM,145,0,11574.0,GoogleFlights-Aggregator,2 hr 25 min,DEL -> HYD
2026-09-27T09:43:28.553576,t+1,1,2026-09-28,DEL,HYD,IndiGo,8:30 AM,10:45 AM,135,0,18042.0,GoogleFlights-Aggregator,2 hr 15 min,DEL -> HYD
2026-09-27T09:43:28.553576,t+1,1,2026-09-28,DEL,HYD,Air India,9:40 AM,12:00 PM,140,0,22440.0,GoogleFlights-Aggregator,2 hr 20 min,DEL -> HYD
2026-09-27T09:43:28.553576,t+1,1,2026-09-28,DEL,HYD,IndiGo,7:10 AM,9:20 AM,130,0,22676.0,GoogleFlights-Aggregator,2 hr 10 min,DEL -> HYD
2026-09-27T09:43:28.553576,t+1,1,2026-09-28,DEL,HYD,Air India,10:30 AM,12:50 PM,140,0,23070.0,GoogleFlights-Aggregator,2 hr 20 min,DEL -> HYD
2026-09-27T09:43:40.072629,t+7,7,2026-10-04,DEL,HYD,IndiGo,2:20 AM,7:35 AM,315,1,8687.0,GoogleFlights-Aggregator,5 hr 15 min,DEL -> HYD
2026-09-27T09:43:40.072629,t+7,7,2026-10-04,DEL,HYD,Air India,2:00 AM,4:20 AM,140,0,8711.0,GoogleFlights-Aggregator,2 hr 20 min,DEL -> HYD
2026-09-27T09:43:40.072629,t+7,7,2026-10-04,DEL,HYD,IndiGo,5:10 AM,10:20 AM,310,1,8818.0,GoogleFlights-Aggregator,5 hr 10 min,DEL -> HYD
2026-09-27T09:43:40.072629,t+7,7,2026-10-04,DEL,HYD,IndiGo,6:10 AM,11:15 AM,305,1,8818.0,GoogleFlights-Aggregator,5 hr 5 min,DEL -> HYD
2026-09-27T09:43:40.072629,t+7,7,2026-10-04,DEL,HYD,IndiGo,8:10 AM,1:10 PM,300,1,8818.0,GoogleFlights-Aggregator,5 hr,DEL -> HYD
2026-09-27T09:43:40.072629,t+7,7,2026-10-04,DEL,HYD,Air India,6:00 AM,8:20 AM,140,0,8822.0,GoogleFlights-Aggregator,2 hr 20 min,DEL -> HYD
2026-09-27T09:43:40.072629,t+7,7,2026-10-04,DEL,HYD,IndiGo,2:25 AM,4:40 AM,135,0,8874.0,GoogleFlights-Aggregator,2 hr 15 min,DEL -> HYD
2026-09-27T09:43:40.072629,t+7,7,2026-10-04,DEL,HYD,IndiGo,5:30 AM,7:50 AM,140,0,8874.0,GoogleFlights-Aggregator,2 hr 20 min,DEL -> HYD
2026-09-27T09:43:40.072629,t+7,7,2026-10-04,DEL,HYD,IndiGo,6:10 PM,11:00 PM,290,1,9507.0,GoogleFlights-Aggregator,4 hr 50 min,DEL -> HYD
2026-09-27T09:43:40.072629,t+7,7,2026-10-04,DEL,HYD,Air India,10:00 PM,12:20 AM+1,140,0,10869.0,GoogleFlights-Aggregator,2 hr 20 min,DEL -> HYD
2026-09-27T09:43:40.072629,t+7,7,2026-10-04,DEL,HYD,IndiGo,7:10 AM,9:20 AM,130,0,10966.0,GoogleFlights-Aggregator,2 hr 10 min,DEL -> HYD
2026-09-27T09:43:40.072629,t+7,7,2026-10-04,DEL,HYD,Air India,8:30 PM,10:50 PM,140,0,11153.0,GoogleFlights-Aggregator,2 hr 20 min,DEL -> HYD
2026-09-27T09:43:40.072629,t+7,7,2026-10-04,DEL,HYD,IndiGo,9:00 PM,11:15 PM,135,0,11574.0,GoogleFlights-Aggregator,2 hr 15 min,DEL -> HYD
2026-09-27T09:43:40.072629,t+7,7,2026-10-04,DEL,HYD,Akasa Air,8:40 PM,11:10 PM,150,0,11780.0,GoogleFlights-Aggregator,2 hr 30 min,DEL -> HYD
2026-09-27T09:43:40.072629,t+7,7,2026-10-04,DEL,HYD,Air India,11:00 PM,1:20 AM+1,140,0,12124.0,GoogleFlights-Aggregator,2 hr 20 min,DEL -> HYD
2026-09-27T09:43:40.072629,t+7,7,2026-10-04,DEL,HYD,IndiGo,11:15 PM,1:30 AM+1,135,0,12221.0,GoogleFlights-Aggregator,2 hr 15 min,DEL -> HYD
2026-09-27T09:43:40.072629,t+7,7,2026-10-04,DEL,HYD,Air India,6:00 PM,8:20 PM,140,0,12444.0,GoogleFlights-Aggregator,2 hr 20 min,DEL -> HYD
2026-09-27T09:43:40.072629,t+7,7,2026-10-04,DEL,HYD,Akasa Air,2:10 PM,4:30 PM,140,0,12656.0,GoogleFlights-Aggregator,2 hr 20 min,DEL -> HYD
2026-09-27T09:43:40.072629,t+7,7,2026-10-04,DEL,HYD,IndiGo,4:15 PM,6:30 PM,135,0,12907.0,GoogleFlights-Aggregator,2 hr 15 min,DEL -> HYD
2026-09-27T09:43:40.072629,t+7,7,2026-10-04,DEL,HYD,IndiGo,5:55 PM,8:15 PM,140,0,12907.0,GoogleFlights-Aggregator,2 hr 20 min,DEL -> HYD
2026-09-27T09:43:40.072629,t+7,7,2026-10-04,DEL,HYD,Air India,3:30 PM,5:55 PM,145,0,13153.0,GoogleFlights-Aggregator,2 hr 25 min,DEL -> HYD
2026-09-27T09:43:40.072629,t+7,7,2026-10-04,DEL,HYD,Air India,2:30 PM,4:40 PM,130,0,13604.0,GoogleFlights-Aggregator,2 hr 10 min,DEL -> HYD
2026-09-27T09:43:40.072629,t+7,7,2026-10-04,DEL,HYD,IndiGo,8:30 AM,10:45 AM,135,0,13638.0,GoogleFlights-Aggregator,2 hr 15 min,DEL -> HYD
2026-09-27T09:43:40.072629,t+7,7,2026-10-04,DEL,HYD,IndiGo,2:45 PM,5:05 PM,140,0,13638.0,GoogleFlights-Aggregator,2 hr 20 min,DEL -> HYD
2026-09-27T09:43:40.072629,t+7,7,2026-10-04,DEL,HYD,Air India,7:30 PM,9:50 PM,140,0,14460.0,GoogleFlights-Aggregator,2 hr 20 min,DEL -> HYD
2026-09-27T09:43:40.072629,t+7,7,2026-10-04,DEL,HYD,IndiGo,1:30 PM,3:45 PM,135,0,17051.0,GoogleFlights-Aggregator,2 hr 15 min,DEL -> HYD
2026-09-27T09:43:40.072629,t+7,7,2026-10-04,DEL,HYD,Air India,12:30 PM,2:45 PM,135,0,17111.0,GoogleFlights-Aggregator,2 hr 15 min,DEL -> HYD
2026-09-27T09:43:40.072629,t+7,7,2026-10-04,DEL,HYD,IndiGo,7:45 PM,10:05 PM,140,0,18042.0,GoogleFlights-Aggregator,2 hr 20 min,DEL -> HYD
2026-09-27T09:43:40.072629,t+7,7,2026-10-04,DEL,HYD,IndiGo,11:45 AM,2:00 PM,135,0,20218.0,GoogleFlights-Aggregator,2 hr 15 min,DEL -> HYD
2026-09-27T09:43:40.072629,t+7,7,2026-10-04,DEL,HYD,IndiGo,9:55 AM,12:20 PM,145,0,21409.0,GoogleFlights-Aggregator,2 hr 25 min,DEL -> HYD
2026-09-27T09:43:40.072629,t+7,7,2026-10-04,DEL,HYD,Air India,10:30 AM,12:50 PM,140,0,23070.0,GoogleFlights-Aggregator,2 hr 20 min,DEL -> HYD
2026-09-27T09:43:40.072629,t+7,7,2026-10-04,DEL,HYD,Air India,9:40 AM,12:00 PM,140,0,23490.0,GoogleFlights-Aggregator,2 hr 20 min,DEL -> HYD
2026-09-27T09:43:51.822151,t+15,15,2026-10-12,DEL,HYD,IndiGo,5:10 AM,10:15 AM,305,1,7982.0,GoogleFlights-Aggregator,5 hr 5 min,DEL -> HYD
2026-09-27T09:43:51.822151,t+15,15,2026-10-12,DEL,HYD,IndiGo,10:00 AM,2:50 PM,290,1,7982.0,GoogleFlights-Aggregator,4 hr 50 min,DEL -> HYD
2026-09-27T09:43:51.822151,t+15,15,2026-10-12,DEL,HYD,IndiGo,5:05 PM,10:30 PM,325,1,7982.0,GoogleFlights-Aggregator,5 hr 25 min,DEL -> HYD
2026-09-27T09:43:51.822151,t+15,15,2026-10-12,DEL,HYD,IndiGo,7:30 PM,12:45 AM+1,315,1,7982.0,GoogleFlights-Aggregator,5 hr 15 min,DEL -> HYD
2026-09-27T09:43:51.822151,t+15,15,2026-10-12,DEL,HYD,Akasa Air,2:10 PM,4:30 PM,140,0,8735.0,GoogleFlights-Aggregator,2 hr 20 min,DEL -> HYD
2026-09-27T09:43:51.822151,t+15,15,2026-10-12,DEL,HYD,Air India,3:30 PM,5:55 PM,145,0,8774.0,GoogleFlights-Aggregator,2 hr 25 min,DEL -> HYD
2026-09-27T09:43:51.822151,t+15,15,2026-10-12,DEL,HYD,Air India,2:00 AM,4:20 AM,140,0,8774.0,GoogleFlights-Aggregator,2 hr 20 min,DEL -> HYD
2026-09-27T09:43:51.822151,t+15,15,2026-10-12,DEL,HYD,Air India,9:40 AM,12:00 PM,140,0,8774.0,GoogleFlights-Aggregator,2 hr 20 min,DEL -> HYD
2026-09-27T09:43:51.822151,t+15,15,2026-10-12,DEL,HYD,IndiGo,1:30 PM,3:45 PM,135,0,8874.0,GoogleFlights-Aggregator,2 hr 15 min,DEL -> HYD
2026-09-27T09:43:51.822151,t+15,15,2026-10-12,DEL,HYD,IndiGo,2:25 AM,4:40 AM,135,0,8874.0,GoogleFlights-Aggregator,2 hr 15 min,DEL -> HYD
2026-09-27T09:43:51.822151,t+15,15,2026-10-12,DEL,HYD,IndiGo,5:30 AM,7:50 AM,140,0,8874.0,GoogleFlights-Aggregator,2 hr 20 min,DEL -> HYD
2026-09-27T09:43:51.822151,t+15,15,2026-10-12,DEL,HYD,IndiGo,8:30 AM,10:45 AM,135,0,8874.0,GoogleFlights-Aggregator,2 hr 15 min,DEL -> HYD
2026-09-27T09:43:51.822151,t+15,15,2026-10-12,DEL,HYD,IndiGo,9:55 AM,12:20 PM,145,0,8874.0,GoogleFlights-Aggregator,2 hr 25 min,DEL -> HYD
2026-09-27T09:43:51.822151,t+15,15,2026-10-12,DEL,HYD,IndiGo,11:45 AM,2:00 PM,135,0,8874.0,GoogleFlights-Aggregator,2 hr 15 min,DEL -> HYD
2026-09-27T09:43:51.822151,t+15,15,2026-10-12,DEL,HYD,IndiGo,2:45 PM,5:05 PM,140,0,8874.0,GoogleFlights-Aggregator,2 hr 20 min,DEL -> HYD
2026-09-27T09:43:51.822151,t+15,15,2026-10-12,DEL,HYD,Air India,12:30 PM,2:45 PM,135,0,9247.0,GoogleFlights-Aggregator,2 hr 15 min,DEL -> HYD
2026-09-27T09:43:51.822151,t+15,15,2026-10-12,DEL,HYD,Air India,6:00 AM,8:20 AM,140,0,9289.0,GoogleFlights-Aggregator,2 hr 20 min,DEL -> HYD
2026-09-27T09:43:51.822151,t+15,15,2026-10-12,DEL,HYD,IndiGo,7:10 AM,9:20 AM,130,0,9350.0,GoogleFlights-Aggregator,2 hr 10 min,DEL -> HYD
2026-09-27T09:43:51.822151,t+15,15,2026-10-12,DEL,HYD,Air India,2:30 PM,4:40 PM,130,0,9562.0,GoogleFlights-Aggregator,2 hr 10 min,DEL -> HYD
2026-09-27T09:43:51.822151,t+15,15,2026-10-12,DEL,HYD,Air India,7:00 AM,9:20 AM,140,0,9641.0,GoogleFlights-Aggregator,2 hr 20 min,DEL -> HYD
2026-09-27T09:43:51.822151,t+15,15,2026-10-12,DEL,HYD,Air India,8:30 PM,10:50 PM,140,0,9756.0,GoogleFlights-Aggregator,2 hr 20 min,DEL -> HYD
2026-09-27T09:43:51.822151,t+15,15,2026-10-12,DEL,HYD,Air India,10:00 PM,12:20 AM+1,140,0,9756.0,GoogleFlights-Aggregator,2 hr 20 min,DEL -> HYD
2026-09-27T09:43:51.822151,t+15,15,2026-10-12,DEL,HYD,IndiGo,4:15 PM,6:30 PM,135,0,9856.0,GoogleFlights-Aggregator,2 hr 15 min,DEL -> HYD
2026-09-27T09:43:51.822151,t+15,15,2026-10-12,DEL,HYD,IndiGo,9:00 PM,11:15 PM,135,0,9856.0,GoogleFlights-Aggregator,2 hr 15 min,DEL -> HYD
2026-09-27T09:43:51.822151,t+15,15,2026-10-12,DEL,HYD,Akasa Air,8:40 PM,11:10 PM,150,0,9866.0,GoogleFlights-Aggregator,2 hr 30 min,DEL -> HYD
2026-09-27T09:43:51.822151,t+15,15,2026-10-12,DEL,HYD,Air India,6:00 PM,8:20 PM,140,0,10292.0,GoogleFlights-Aggregator,2 hr 20 min,DEL -> HYD
2026-09-27T09:43:51.822151,t+15,15,2026-10-12,DEL,HYD,Air India,11:00 PM,1:20 AM+1,140,0,10292.0,GoogleFlights-Aggregator,2 hr 20 min,DEL -> HYD
2026-09-27T09:43:51.822151,t+15,15,2026-10-12,DEL,HYD,Air India,7:30 PM,9:50 PM,140,0,10470.0,GoogleFlights-Aggregator,2 hr 20 min,DEL -> HYD
2026-09-27T09:43:51.822151,t+15,15,2026-10-12,DEL,HYD,IndiGo,11:15 PM,1:30 AM+1,135,0,10966.0,GoogleFlights-Aggregator,2 hr 15 min,DEL -> HYD
2026-09-27T09:43:51.822151,t+15,15,2026-10-12,DEL,HYD,IndiGo,7:45 PM,10:05 PM,140,0,11574.0,GoogleFlights-Aggregator,2 hr 20 min,DEL -> HYD
2026-09-27T09:43:51.822151,t+15,15,2026-10-12,DEL,HYD,IndiGo,5:55 PM,8:15 PM,140,0,15241.0,GoogleFlights-Aggregator,2 hr 20 min,DEL -> HYD
2026-09-27T09:44:03.501260,t+30,30,2026-10-27,DEL,HYD,IndiGo,6:30 AM,11:05 AM,275,1,7850.0,GoogleFlights-Aggregator,4 hr 35 min,DEL -> HYD
2026-09-27T09:44:03.501260,t+30,30,2026-10-27,DEL,HYD,IndiGo,5:10 AM,10:30 AM,320,1,7982.0,GoogleFlights-Aggregator,5 hr 20 min,DEL -> HYD
2026-09-27T09:44:03.501260,t+30,30,2026-10-27,DEL,HYD,IndiGo,5:05 AM,9:40 AM,275,1,8060.0,GoogleFlights-Aggregator,4 hr 35 min,DEL -> HYD
2026-09-27T09:44:03.501260,t+30,30,2026-10-27,DEL,HYD,IndiGo,7:25 AM,12:10 PM,285,1,8060.0,GoogleFlights-Aggregator,4 hr 45 min,DEL -> HYD
2026-09-27T09:44:03.501260,t+30,30,2026-10-27,DEL,HYD,IndiGo,5:15 PM,10:25 PM,310,1,8060.0,GoogleFlights-Aggregator,5 hr 10 min,DEL -> HYD
2026-09-27T09:44:03.501260,t+30,30,2026-10-27,DEL,HYD,IndiGo,6:10 PM,10:50 PM,280,1,8192.0,GoogleFlights-Aggregator,4 hr 40 min,DEL -> HYD
2026-09-27T09:44:03.501260,t+30,30,2026-10-27,DEL,HYD,IndiGo,7:40 PM,12:30 AM+1,290,1,8192.0,GoogleFlights-Aggregator,4 hr 50 min,DEL -> HYD
2026-09-27T09:44:03.501260,t+30,30,2026-10-27,DEL,HYD,Air India,11:00 AM,1:15 PM,135,0,9299.0,GoogleFlights-Aggregator,2 hr 15 min,DEL -> HYD
2026-09-27T09:44:03.501260,t+30,30,2026-10-27,DEL,HYD,Air India,9:40 AM,11:55 AM,135,0,9299.0,GoogleFlights-Aggregator,2 hr 15 min,DEL -> HYD
2026-09-27T09:44:03.501260,t+30,30,2026-10-27,DEL,HYD,IndiGo,10:00 AM,12:15 PM,135,0,9352.0,GoogleFlights-Aggregator,2 hr 15 min,DEL -> HYD
2026-09-27T09:44:03.501260,t+30,30,2026-10-27,DEL,HYD,IndiGo,5:15 AM,7:30 AM,135,0,9352.0,GoogleFlights-Aggregator,2 hr 15 min,DEL -> HYD
2026-09-27T09:44:03.501260,t+30,30,2026-10-27,DEL,HYD,Air India,7:00 AM,9:15 AM,135,0,9809.0,GoogleFlights-Aggregator,2 hr 15 min,DEL -> HYD
2026-09-27T09:44:03.501260,t+30,30,2026-10-27,DEL,HYD,Air India,12:30 PM,2:45 PM,135,0,9809.0,GoogleFlights-Aggregator,2 hr 15 min,DEL -> HYD
2026-09-27T09:44:03.501260,t+30,30,2026-10-27,DEL,HYD,Air India,3:30 PM,5:45 PM,135,0,9809.0,GoogleFlights-Aggregator,2 hr 15 min,DEL -> HYD
2026-09-27T09:44:03.501260,t+30,30,2026-10-27,DEL,HYD,Air India,6:00 PM,8:15 PM,135,0,9809.0,GoogleFlights-Aggregator,2 hr 15 min,DEL -> HYD
2026-09-27T09:44:03.501260,t+30,30,2026-10-27,DEL,HYD,Air India,10:00 PM,12:15 AM+1,135,0,9809.0,GoogleFlights-Aggregator,2 hr 15 min,DEL -> HYD
2026-09-27T09:44:03.501260,t+30,30,2026-10-27,DEL,HYD,Air India,11:00 PM,1:15 AM+1,135,0,9809.0,GoogleFlights-Aggregator,2 hr 15 min,DEL -> HYD
2026-09-27T09:44:03.501260,t+30,30,2026-10-27,DEL,HYD,IndiGo,2:25 AM,4:40 AM,135,0,9858.0,GoogleFlights-Aggregator,2 hr 15 min,DEL -> HYD
2026-09-27T09:44:03.501260,t+30,30,2026-10-27,DEL,HYD,IndiGo,6:30 AM,8:45 AM,135,0,9858.0,GoogleFlights-Aggregator,2 hr 15 min,DEL -> HYD
2026-09-27T09:44:03.501260,t+30,30,2026-10-27,DEL,HYD,IndiGo,8:30 AM,10:45 AM,135,0,9858.0,GoogleFlights-Aggregator,2 hr 15 min,DEL -> HYD
2026-09-27T09:44:03.501260,t+30,30,2026-10-27,DEL,HYD,IndiGo,11:45 AM,2:00 PM,135,0,9858.0,GoogleFlights-Aggregator,2 hr 15 min,DEL -> HYD
2026-09-27T09:44:03.501260,t+30,30,2026-10-27,DEL,HYD,IndiGo,1:30 PM,3:45 PM,135,0,9858.0,GoogleFlights-Aggregator,2 hr 15 min,DEL -> HYD
2026-09-27T09:44:03.501260,t+30,30,2026-10-27,DEL,HYD,IndiGo,2:50 PM,5:05 PM,135,0,9858.0,GoogleFlights-Aggregator,2 hr 15 min,DEL -> HYD
2026-09-27T09:44:03.501260,t+30,30,2026-10-27,DEL,HYD,IndiGo,6:15 PM,8:30 PM,135,0,9858.0,GoogleFlights-Aggregator,2 hr 15 min,DEL -> HYD
2026-09-27T09:44:03.501260,t+30,30,2026-10-27,DEL,HYD,IndiGo,9:00 PM,11:15 PM,135,0,9858.0,GoogleFlights-Aggregator,2 hr 15 min,DEL -> HYD
2026-09-27T09:44:03.501260,t+30,30,2026-10-27,DEL,HYD,IndiGo,10:30 PM,12:45 AM+1,135,0,9858.0,GoogleFlights-Aggregator,2 hr 15 min,DEL -> HYD
2026-09-27T09:44:03.501260,t+30,30,2026-10-27,DEL,HYD,Akasa Air,2:20 PM,4:45 PM,145,0,9866.0,GoogleFlights-Aggregator,2 hr 25 min,DEL -> HYD
2026-09-27T09:44:03.501260,t+30,30,2026-10-27,DEL,HYD,Akasa Air,8:35 PM,10:55 PM,140,0,9866.0,GoogleFlights-Aggregator,2 hr 20 min,DEL -> HYD
2026-09-27T09:44:03.501260,t+30,30,2026-10-27,DEL,HYD,Air India,2:30 PM,4:45 PM,135,0,10145.0,GoogleFlights-Aggregator,2 hr 15 min,DEL -> HYD
2026-09-27T09:44:03.501260,t+30,30,2026-10-27,DEL,HYD,Air India,7:30 PM,9:45 PM,135,0,10344.0,GoogleFlights-Aggregator,2 hr 15 min,DEL -> HYD
2026-09-27T09:44:03.501260,t+30,30,2026-10-27,DEL,HYD,IndiGo,4:15 PM,6:30 PM,135,0,10397.0,GoogleFlights-Aggregator,2 hr 15 min,DEL -> HYD
2026-09-27T09:44:03.501260,t+30,30,2026-10-27,DEL,HYD,IndiGo,7:45 PM,10:00 PM,135,0,10397.0,GoogleFlights-Aggregator,2 hr 15 min,DEL -> HYD
2026-09-28T10:41:23.986617,t+1,1,2026-09-29,DEL,HYD,IndiGo,5:10 AM,10:15 AM,305,1,7982.0,GoogleFlights-Aggregator,5 hr 5 min,DEL -> HYD
2026-09-28T10:41:23.986617,t+1,1,2026-09-29,DEL,HYD,IndiGo,12:20 PM,4:45 PM,265,1,7982.0,GoogleFlights-Aggregator,4 hr 25 min,DEL -> HYD
2026-09-28T10:41:23.986617,t+1,1,2026-09-29,DEL,HYD,Air India,6:00 AM,8:20 AM,140,0,8675.0,GoogleFlights-Aggregator,2 hr 20 min,DEL -> HYD
2026-09-28T10:41:23.986617,t+1,1,2026-09-29,DEL,HYD,Air India,10:00 PM,12:20 AM+1,140,0,8711.0,GoogleFlights-Aggregator,2 hr 20 min,DEL -> HYD
2026-09-28T10:41:23.986617,t+1,1,2026-09-29,DEL,HYD,Air India,11:00 PM,1:20 AM+1,140,0,8711.0,GoogleFlights-Aggregator,2 hr 20 min,DEL -> HYD
2026-09-28T10:41:23.986617,t+1,1,2026-09-29,DEL,HYD,Air India,2:30 PM,4:40 PM,130,0,8774.0,GoogleFlights-Aggregator,2 hr 10 min,DEL -> HYD
2026-09-28T10:41:23.986617,t+1,1,2026-09-29,DEL,HYD,Air India,2:00 AM,4:20 AM,140,0,8774.0,GoogleFlights-Aggregator,2 hr 20 min,DEL -> HYD
2026-09-28T10:41:23.986617,t+1,1,2026-09-29,DEL,HYD,Air India,9:40 AM,12:00 PM,140,0,8774.0,GoogleFlights-Aggregator,2 hr 20 min,DEL -> HYD
2026-09-28T10:41:23.986617,t+1,1,2026-09-29,DEL,HYD,Air India,10:30 AM,12:50 PM,140,0,8774.0,GoogleFlights-Aggregator,2 hr 20 min,DEL -> HYD
2026-09-28T10:41:23.986617,t+1,1,2026-09-29,DEL,HYD,Air India,3:30 PM,5:55 PM,145,0,8774.0,GoogleFlights-Aggregator,2 hr 25 min,DEL -> HYD
2026-09-28T10:41:23.986617,t+1,1,2026-09-29,DEL,HYD,IndiGo,1:30 PM,3:45 PM,135,0,8874.0,GoogleFlights-Aggregator,2 hr 15 min,DEL -> HYD
2026-09-28T10:41:23.986617,t+1,1,2026-09-29,DEL,HYD,IndiGo,2:25 AM,4:40 AM,135,0,8874.0,GoogleFlights-Aggregator,2 hr 15 min,DEL -> HYD
2026-09-28T10:41:23.986617,t+1,1,2026-09-29,DEL,HYD,IndiGo,9:55 AM,12:20 PM,145,0,8874.0,GoogleFlights-Aggregator,2 hr 25 min,DEL -> HYD
2026-09-28T10:41:23.986617,t+1,1,2026-09-29,DEL,HYD,IndiGo,11:45 AM,2:00 PM,135,0,8874.0,GoogleFlights-Aggregator,2 hr 15 min,DEL -> HYD
2026-09-28T10:41:23.986617,t+1,1,2026-09-29,DEL,HYD,IndiGo,4:15 PM,6:30 PM,135,0,8874.0,GoogleFlights-Aggregator,2 hr 15 min,DEL -> HYD
2026-09-28T10:41:23.986617,t+1,1,2026-09-29,DEL,HYD,IndiGo,5:55 PM,8:15 PM,140,0,8874.0,GoogleFlights-Aggregator,2 hr 20 min,DEL -> HYD
2026-09-28T10:41:23.986617,t+1,1,2026-09-29,DEL,HYD,IndiGo,7:45 PM,10:05 PM,140,0,8874.0,GoogleFlights-Aggregator,2 hr 20 min,DEL -> HYD
2026-09-28T10:41:23.986617,t+1,1,2026-09-29,DEL,HYD,IndiGo,9:00 PM,11:15 PM,135,0,8874.0,GoogleFlights-Aggregator,2 hr 15 min,DEL -> HYD
2026-09-28T10:41:23.986617,t+1,1,2026-09-29,DEL,HYD,IndiGo,11:15 PM,1:30 AM+1,135,0,8874.0,GoogleFlights-Aggregator,2 hr 15 min,DEL -> HYD
2026-09-28T10:41:23.986617,t+1,1,2026-09-29,DEL,HYD,Air India,12:30 PM,2:45 PM,135,0,9247.0,GoogleFlights-Aggregator,2 hr 15 min,DEL -> HYD
2026-09-28T10:41:23.986617,t+1,1,2026-09-29,DEL,HYD,Air India,6:00 PM,8:20 PM,140,0,9247.0,GoogleFlights-Aggregator,2 hr 20 min,DEL -> HYD
2026-09-28T10:41:23.986617,t+1,1,2026-09-29,DEL,HYD,Akasa Air,8:40 PM,11:10 PM,150,0,9362.0,GoogleFlights-Aggregator,2 hr 30 min,DEL -> HYD
2026-09-28T10:41:23.986617,t+1,1,2026-09-29,DEL,HYD,Akasa Air,2:10 PM,4:30 PM,140,0,9527.0,GoogleFlights-Aggregator,2 hr 20 min,DEL -> HYD
2026-09-28T10:41:23.986617,t+1,1,2026-09-29,DEL,HYD,IndiGo,7:10 AM,9:20 AM,130,0,9856.0,GoogleFlights-Aggregator,2 hr 10 min,DEL -> HYD
2026-09-28T10:41:23.986617,t+1,1,2026-09-29,DEL,HYD,IndiGo,8:30 AM,10:45 AM,135,0,9856.0,GoogleFlights-Aggregator,2 hr 15 min,DEL -> HYD
2026-09-28T10:41:23.986617,t+1,1,2026-09-29,DEL,HYD,Air India,7:30 PM,9:50 PM,140,0,9924.0,GoogleFlights-Aggregator,2 hr 20 min,DEL -> HYD
2026-09-28T10:41:23.986617,t+1,1,2026-09-29,DEL,HYD,Air India,8:30 PM,10:50 PM,140,0,10292.0,GoogleFlights-Aggregator,2 hr 20 min,DEL -> HYD
2026-09-28T10:41:35.414737,t+7,7,2026-10-05,DEL,HYD,IndiGo,12:10 PM,5:50 PM,340,1,8402.0,GoogleFlights-Aggregator,5 hr 40 min,DEL -> HYD
2026-09-28T10:41:35.414737,t+7,7,2026-10-05,DEL,HYD,IndiGo,6:15 PM,11:50 PM,335,1,8402.0,GoogleFlights-Aggregator,5 hr 35 min,DEL -> HYD
2026-09-28T10:41:35.414737,t+7,7,2026-10-05,DEL,HYD,Air India,10:00 PM,12:20 AM+1,140,0,8711.0,GoogleFlights-Aggregator,2 hr 20 min,DEL -> HYD
2026-09-28T10:41:35.414737,t+7,7,2026-10-05,DEL,HYD,Air India,11:00 PM,1:20 AM+1,140,0,8711.0,GoogleFlights-Aggregator,2 hr 20 min,DEL -> HYD
2026-09-28T10:41:35.414737,t+7,7,2026-10-05,DEL,HYD,Air India,8:30 PM,10:50 PM,140,0,8774.0,GoogleFlights-Aggregator,2 hr 20 min,DEL -> HYD
2026-09-28T10:41:35.414737,t+7,7,2026-10-05,DEL,HYD,IndiGo,4:15 PM,6:30 PM,135,0,8874.0,GoogleFlights-Aggregator,2 hr 15 min,DEL -> HYD
2026-09-28T10:41:35.414737,t+7,7,2026-10-05,DEL,HYD,IndiGo,2:45 PM,5:05 PM,140,0,8874.0,GoogleFlights-Aggregator,2 hr 20 min,DEL -> HYD
2026-09-28T10:41:35.414737,t+7,7,2026-10-05,DEL,HYD,IndiGo,7:45 PM,10:05 PM,140,0,8874.0,GoogleFlights-Aggregator,2 hr 20 min,DEL -> HYD
2026-09-28T10:41:35.414737,t+7,7,2026-10-05,DEL,HYD,IndiGo,9:00 PM,11:15 PM,135,0,8874.0,GoogleFlights-Aggregator,2 hr 15 min,DEL -> HYD
2026-09-28T10:41:35.414737,t+7,7,2026-10-05,DEL,HYD,IndiGo,11:15 PM,1:30 AM+1,135,0,8874.0,GoogleFlights-Aggregator,2 hr 15 min,DEL -> HYD
2026-09-28T10:41:35.414737,t+7,7,2026-10-05,DEL,HYD,Akasa Air,2:10 PM,4:30 PM,140,0,9042.0,GoogleFlights-Aggregator,2 hr 20 min,DEL -> HYD
2026-09-28T10:41:35.414737,t+7,7,2026-10-05,DEL,HYD,Air India,3:30 PM,5:55 PM,145,0,9247.0,GoogleFlights-Aggregator,2 hr 25 min,DEL -> HYD
2026-09-28T10:41:35.414737,t+7,7,2026-10-05,DEL,HYD,IndiGo,11:45 AM,2:00 PM,135,0,9350.0,GoogleFlights-Aggregator,2 hr 15 min,DEL -> HYD
2026-09-28T10:41:35.414737,t+7,7,2026-10-05,DEL,HYD,Akasa Air,8:40 PM,11:10 PM,150,0,9362.0,GoogleFlights-Aggregator,2 hr 30 min,DEL -> HYD
2026-09-28T10:41:35.414737,t+7,7,2026-10-05,DEL,HYD,Air India,12:30 PM,2:45 PM,135,0,9756.0,GoogleFlights-Aggregator,2 hr 15 min,DEL -> HYD
2026-09-28T10:41:35.414737,t+7,7,2026-10-05,DEL,HYD,Air India,6:00 PM,8:20 PM,140,0,9756.0,GoogleFlights-Aggregator,2 hr 20 min,DEL -> HYD
2026-09-28T10:41:35.414737,t+7,7,2026-10-05,DEL,HYD,IndiGo,5:30 AM,7:50 AM,140,0,9856.0,GoogleFlights-Aggregator,2 hr 20 min,DEL -> HYD
2026-09-28T10:41:35.414737,t+7,7,2026-10-05,DEL,HYD,IndiGo,1:30 PM,3:45 PM,135,0,9856.0,GoogleFlights-Aggregator,2 hr 15 min,DEL -> HYD
2026-09-28T10:41:35.414737,t+7,7,2026-10-05,DEL,HYD,IndiGo,5:55 PM,8:15 PM,140,0,9856.0,GoogleFlights-Aggregator,2 hr 20 min,DEL -> HYD
2026-09-28T10:41:35.414737,t+7,7,2026-10-05,DEL,HYD,Air India,7:30 PM,9:50 PM,140,0,9924.0,GoogleFlights-Aggregator,2 hr 20 min,DEL -> HYD
2026-09-28T10:41:35.414737,t+7,7,2026-10-05,DEL,HYD,Air India,2:30 PM,4:40 PM,130,0,10092.0,GoogleFlights-Aggregator,2 hr 10 min,DEL -> HYD
2026-09-28T10:41:35.414737,t+7,7,2026-10-05,DEL,HYD,Air India,2:00 AM,4:20 AM,140,0,10292.0,GoogleFlights-Aggregator,2 hr 20 min,DEL -> HYD
2026-09-28T10:41:35.414737,t+7,7,2026-10-05,DEL,HYD,Air India,6:00 AM,8:20 AM,140,0,10344.0,GoogleFlights-Aggregator,2 hr 20 min,DEL -> HYD
2026-09-28T10:41:35.414737,t+7,7,2026-10-05,DEL,HYD,IndiGo,9:55 AM,12:20 PM,145,0,10395.0,GoogleFlights-Aggregator,2 hr 25 min,DEL -> HYD
2026-09-28T10:41:35.414737,t+7,7,2026-10-05,DEL,HYD,IndiGo,2:25 AM,4:40 AM,135,0,11574.0,GoogleFlights-Aggregator,2 hr 15 min,DEL -> HYD
2026-09-28T10:41:35.414737,t+7,7,2026-10-05,DEL,HYD,IndiGo,8:30 AM,10:45 AM,135,0,11574.0,GoogleFlights-Aggregator,2 hr 15 min,DEL -> HYD
2026-09-28T10:41:35.414737,t+7,7,2026-10-05,DEL,HYD,IndiGo,7:10 AM,9:20 AM,130,0,12907.0,GoogleFlights-Aggregator,2 hr 10 min,DEL -> HYD
2026-09-28T10:41:35.414737,t+7,7,2026-10-05,DEL,HYD,Air India,7:00 AM,9:20 AM,140,0,13379.0,GoogleFlights-Aggregator,2 hr 20 min,DEL -> HYD
2026-09-28T10:41:35.414737,t+7,7,2026-10-05,DEL,HYD,Air India,9:40 AM,12:00 PM,140,0,16655.0,GoogleFlights-Aggregator,2 hr 20 min,DEL -> HYD
2026-09-28T10:41:46.579464,t+15,15,2026-10-13,DEL,HYD,IndiGo,6:15 PM,11:50 PM,335,1,8402.0,GoogleFlights-Aggregator,5 hr 35 min,DEL -> HYD
2026-09-28T10:41:46.579464,t+15,15,2026-10-13,DEL,HYD,Akasa Air,2:10 PM,4:30 PM,140,0,8735.0,GoogleFlights-Aggregator,2 hr 20 min,DEL -> HYD
2026-09-28T10:41:46.579464,t+15,15,2026-10-13,DEL,HYD,Air India,12:30 PM,2:45 PM,135,0,8774.0,GoogleFlights-Aggregator,2 hr 15 min,DEL -> HYD
2026-09-28T10:41:46.579464,t+15,15,2026-10-13,DEL,HYD,Air India,3:30 PM,5:55 PM,145,0,8774.0,GoogleFlights-Aggregator,2 hr 25 min,DEL -> HYD
2026-09-28T10:41:46.579464,t+15,15,2026-10-13,DEL,HYD,IndiGo,1:30 PM,3:45 PM,135,0,8874.0,GoogleFlights-Aggregator,2 hr 15 min,DEL -> HYD
2026-09-28T10:41:46.579464,t+15,15,2026-10-13,DEL,HYD,IndiGo,7:10 AM,9:20 AM,130,0,8874.0,GoogleFlights-Aggregator,2 hr 10 min,DEL -> HYD
2026-09-28T10:41:46.579464,t+15,15,2026-10-13,DEL,HYD,IndiGo,8:30 AM,10:45 AM,135,0,8874.0,GoogleFlights-Aggregator,2 hr 15 min,DEL -> HYD
2026-09-28T10:41:46.579464,t+15,15,2026-10-13,DEL,HYD,IndiGo,11:45 AM,2:00 PM,135,0,8874.0,GoogleFlights-Aggregator,2 hr 15 min,DEL -> HYD
2026-09-28T10:41:46.579464,t+15,15,2026-10-13,DEL,HYD,IndiGo,2:45 PM,5:05 PM,140,0,8874.0,GoogleFlights-Aggregator,2 hr 20 min,DEL -> HYD
2026-09-28T10:41:46.579464,t+15,15,2026-10-13,DEL,HYD,IndiGo,4:15 PM,6:30 PM,135,0,8874.0,GoogleFlights-Aggregator,2 hr 15 min,DEL -> HYD
2026-09-28T10:41:46.579464,t+15,15,2026-10-13,DEL,HYD,Air India,2:30 PM,4:40 PM,130,0,9068.0,GoogleFlights-Aggregator,2 hr 10 min,DEL -> HYD
2026-09-28T10:41:46.579464,t+15,15,2026-10-13,DEL,HYD,Akasa Air,8:40 PM,11:10 PM,150,0,9200.0,GoogleFlights-Aggregator,2 hr 30 min,DEL -> HYD
2026-09-28T10:41:46.579464,t+15,15,2026-10-13,DEL,HYD,Air India,2:00 AM,4:20 AM,140,0,9247.0,GoogleFlights-Aggregator,2 hr 20 min,DEL -> HYD
2026-09-28T10:41:46.579464,t+15,15,2026-10-13,DEL,HYD,Air India,7:00 AM,9:20 AM,140,0,9247.0,GoogleFlights-Aggregator,2 hr 20 min,DEL -> HYD
2026-09-28T10:41:46.579464,t+15,15,2026-10-13,DEL,HYD,Air India,9:40 AM,12:00 PM,140,0,9247.0,GoogleFlights-Aggregator,2 hr 20 min,DEL -> HYD
2026-09-28T10:41:46.579464,t+15,15,2026-10-13,DEL,HYD,Air India,10:30 AM,12:50 PM,140,0,9247.0,GoogleFlights-Aggregator,2 hr 20 min,DEL -> HYD
2026-09-28T10:41:46.579464,t+15,15,2026-10-13,DEL,HYD,Air India,6:00 PM,8:20 PM,140,0,9247.0,GoogleFlights-Aggregator,2 hr 20 min,DEL -> HYD
2026-09-28T10:41:46.579464,t+15,15,2026-10-13,DEL,HYD,IndiGo,2:25 AM,4:40 AM,135,0,9350.0,GoogleFlights-Aggregator,2 hr 15 min,DEL -> HYD
2026-09-28T10:41:46.579464,t+15,15,2026-10-13,DEL,HYD,IndiGo,5:30 AM,7:50 AM,140,0,9350.0,GoogleFlights-Aggregator,2 hr 20 min,DEL -> HYD
2026-09-28T10:41:46.579464,t+15,15,2026-10-13,DEL,HYD,IndiGo,9:55 AM,12:20 PM,145,0,9350.0,GoogleFlights-Aggregator,2 hr 25 min,DEL -> HYD
2026-09-28T10:41:46.579464,t+15,15,2026-10-13,DEL,HYD,IndiGo,5:55 PM,8:15 PM,140,0,9350.0,GoogleFlights-Aggregator,2 hr 20 min,DEL -> HYD
2026-09-28T10:41:46.579464,t+15,15,2026-10-13,DEL,HYD,IndiGo,11:15 PM,1:30 AM+1,135,0,9350.0,GoogleFlights-Aggregator,2 hr 15 min,DEL -> HYD
2026-09-28T10:41:46.579464,t+15,15,2026-10-13,DEL,HYD,Air India,10:00 PM,12:20 AM+1,140,0,9756.0,GoogleFlights-Aggregator,2 hr 20 min,DEL -> HYD
2026-09-28T10:41:46.579464,t+15,15,2026-10-13,DEL,HYD,Air India,11:00 PM,1:20 AM+1,140,0,9756.0,GoogleFlights-Aggregator,2 hr 20 min,DEL -> HYD
2026-09-28T10:41:46.579464,t+15,15,2026-10-13,DEL,HYD,Air India,8:30 PM,10:50 PM,140,0,10292.0,GoogleFlights-Aggregator,2 hr 20 min,DEL -> HYD
2026-09-28T10:41:46.579464,t+15,15,2026-10-13,DEL,HYD,Air India,7:30 PM,9:50 PM,140,0,10470.0,GoogleFlights-Aggregator,2 hr 20 min,DEL -> HYD
2026-09-28T10:41:46.579464,t+15,15,2026-10-13,DEL,HYD,IndiGo,9:00 PM,11:15 PM,135,0,10966.0,GoogleFlights-Aggregator,2 hr 15 min,DEL -> HYD
2026-09-28T10:41:46.579464,t+15,15,2026-10-13,DEL,HYD,Air India,6:00 AM,8:20 AM,140,0,11058.0,GoogleFlights-Aggregator,2 hr 20 min,DEL -> HYD
2026-09-28T10:41:46.579464,t+15,15,2026-10-13,DEL,HYD,IndiGo,7:45 PM,10:05 PM,140,0,13638.0,GoogleFlights-Aggregator,2 hr 20 min,DEL -> HYD
2026-09-28T10:41:58.034796,t+30,30,2026-10-28,DEL,HYD,IndiGo,6:30 AM,11:05 AM,275,1,7850.0,GoogleFlights-Aggregator,4 hr 35 min,DEL -> HYD
2026-09-28T10:41:58.034796,t+30,30,2026-10-28,DEL,HYD,IndiGo,7:30 AM,12:10 PM,280,1,7982.0,GoogleFlights-Aggregator,4 hr 40 min,DEL -> HYD
2026-09-28T10:41:58.034796,t+30,30,2026-10-28,DEL,HYD,IndiGo,11:35 AM,5:05 PM,330,1,8060.0,GoogleFlights-Aggregator,5 hr 30 min,DEL -> HYD
2026-09-28T10:41:58.034796,t+30,30,2026-10-28,DEL,HYD,IndiGo,3:45 PM,8:40 PM,295,1,8060.0,GoogleFlights-Aggregator,4 hr 55 min,DEL -> HYD
2026-09-28T10:41:58.034796,t+30,30,2026-10-28,DEL,HYD,IndiGo,5:15 PM,10:25 PM,310,1,8060.0,GoogleFlights-Aggregator,5 hr 10 min,DEL -> HYD
2026-09-28T10:41:58.034796,t+30,30,2026-10-28,DEL,HYD,IndiGo,6:10 PM,10:50 PM,280,1,8192.0,GoogleFlights-Aggregator,4 hr 40 min,DEL -> HYD
2026-09-28T10:41:58.034796,t+30,30,2026-10-28,DEL,HYD,IndiGo,7:40 PM,12:30 AM+1,290,1,8192.0,GoogleFlights-Aggregator,4 hr 50 min,DEL -> HYD
2026-09-28T10:41:58.034796,t+30,30,2026-10-28,DEL,HYD,Air India,3:30 PM,5:45 PM,135,0,9299.0,GoogleFlights-Aggregator,2 hr 15 min,DEL -> HYD
2026-09-28T10:41:58.034796,t+30,30,2026-10-28,DEL,HYD,Air India,9:40 AM,11:55 AM,135,0,9299.0,GoogleFlights-Aggregator,2 hr 15 min,DEL -> HYD
2026-09-28T10:41:58.034796,t+30,30,2026-10-28,DEL,HYD,Air India,11:00 AM,1:15 PM,135,0,9299.0,GoogleFlights-Aggregator,2 hr 15 min,DEL -> HYD
2026-09-28T10:41:58.034796,t+30,30,2026-10-28,DEL,HYD,Air India,12:30 PM,2:45 PM,135,0,9299.0,GoogleFlights-Aggregator,2 hr 15 min,DEL -> HYD
2026-09-28T10:41:58.034796,t+30,30,2026-10-28,DEL,HYD,IndiGo,1:30 PM,3:45 PM,135,0,9352.0,GoogleFlights-Aggregator,2 hr 15 min,DEL -> HYD
2026-09-28T10:41:58.034796,t+30,30,2026-10-28,DEL,HYD,IndiGo,2:25 AM,4:40 AM,135,0,9352.0,GoogleFlights-Aggregator,2 hr 15 min,DEL -> HYD
2026-09-28T10:41:58.034796,t+30,30,2026-10-28,DEL,HYD,IndiGo,5:15 AM,7:30 AM,135,0,9352.0,GoogleFlights-Aggregator,2 hr 15 min,DEL -> HYD
2026-09-28T10:41:58.034796,t+30,30,2026-10-28,DEL,HYD,IndiGo,10:00 AM,12:15 PM,135,0,9352.0,GoogleFlights-Aggregator,2 hr 15 min,DEL -> HYD
2026-09-28T10:41:58.034796,t+30,30,2026-10-28,DEL,HYD,IndiGo,2:50 PM,5:05 PM,135,0,9352.0,GoogleFlights-Aggregator,2 hr 15 min,DEL -> HYD
2026-09-28T10:41:58.034796,t+30,30,2026-10-28,DEL,HYD,IndiGo,10:30 PM,12:45 AM+1,135,0,9352.0,GoogleFlights-Aggregator,2 hr 15 min,DEL -> HYD
2026-09-28T10:41:58.034796,t+30,30,2026-10-28,DEL,HYD,Akasa Air,2:20 PM,4:45 PM,145,0,9527.0,GoogleFlights-Aggregator,2 hr 25 min,DEL -> HYD
2026-09-28T10:41:58.034796,t+30,30,2026-10-28,DEL,HYD,Air India,2:30 PM,4:45 PM,135,0,9614.0,GoogleFlights-Aggregator,2 hr 15 min,DEL -> HYD
2026-09-28T10:41:58.034796,t+30,30,2026-10-28,DEL,HYD,Air India,6:00 PM,8:15 PM,135,0,9809.0,GoogleFlights-Aggregator,2 hr 15 min,DEL -> HYD
2026-09-28T10:41:58.034796,t+30,30,2026-10-28,DEL,HYD,Air India,10:00 PM,12:15 AM+1,135,0,9809.0,GoogleFlights-Aggregator,2 hr 15 min,DEL -> HYD
2026-09-28T10:41:58.034796,t+30,30,2026-10-28,DEL,HYD,Air India,11:00 PM,1:15 AM+1,135,0,9809.0,GoogleFlights-Aggregator,2 hr 15 min,DEL -> HYD
2026-09-28T10:41:58.034796,t+30,30,2026-10-28,DEL,HYD,IndiGo,11:45 AM,2:00 PM,135,0,9858.0,GoogleFlights-Aggregator,2 hr 15 min,DEL -> HYD
2026-09-28T10:41:58.034796,t+30,30,2026-10-28,DEL,HYD,IndiGo,4:15 PM,6:30 PM,135,0,9858.0,GoogleFlights-Aggregator,2 hr 15 min,DEL -> HYD
2026-09-28T10:41:58.034796,t+30,30,2026-10-28,DEL,HYD,IndiGo,6:15 PM,8:30 PM,135,0,9858.0,GoogleFlights-Aggregator,2 hr 15 min,DEL -> HYD
2026-09-28T10:41:58.034796,t+30,30,2026-10-28,DEL,HYD,IndiGo,9:00 PM,11:15 PM,135,0,9858.0,GoogleFlights-Aggregator,2 hr 15 min,DEL -> HYD
2026-09-28T10:41:58.034796,t+30,30,2026-10-28,DEL,HYD,Akasa Air,8:35 PM,10:55 PM,140,0,9866.0,GoogleFlights-Aggregator,2 hr 20 min,DEL -> HYD
2026-09-28T10:41:58.034796,t+30,30,2026-10-28,DEL,HYD,Air India,7:00 AM,9:15 AM,135,0,10344.0,GoogleFlights-Aggregator,2 hr 15 min,DEL -> HYD
2026-09-28T10:41:58.034796,t+30,30,2026-10-28,DEL,HYD,Air India,7:30 PM,9:45 PM,135,0,10344.0,GoogleFlights-Aggregator,2 hr 15 min,DEL -> HYD
2026-09-28T10:41:58.034796,t+30,30,2026-10-28,DEL,HYD,IndiGo,6:30 AM,8:45 AM,135,0,10397.0,GoogleFlights-Aggregator,2 hr 15 min,DEL -> HYD
2026-09-28T10:41:58.034796,t+30,30,2026-10-28,DEL,HYD,IndiGo,8:30 AM,10:45 AM,135,0,10397.0,GoogleFlights-Aggregator,2 hr 15 min,DEL -> HYD
2026-09-28T10:41:58.034796,t+30,30,2026-10-28,DEL,HYD,IndiGo,7:45 PM,10:00 PM,135,0,11576.0,GoogleFlights-Aggregator,2 hr 15 min,DEL -> HYD
2026-09-28T16:56:09.212807,t+1,1,2026-09-29,DEL,HYD,IndiGo,3:50 PM,9:10 PM,320,1,8060.0,GoogleFlights-Aggregator,5 hr 20 min,DEL -> HYD
2026-09-28T16:56:09.212807,t+1,1,2026-09-29,DEL,HYD,IndiGo,4:40 PM,10:45 PM,365,1,8060.0,GoogleFlights-Aggregator,6 hr 5 min,DEL -> HYD
2026-09-28T16:56:09.212807,t+1,1,2026-09-29,DEL,HYD,Air India,6:00 AM,8:20 AM,140,0,8675.0,GoogleFlights-Aggregator,2 hr 20 min,DEL -> HYD
2026-09-28T16:56:09.212807,t+1,1,2026-09-29,DEL,HYD,Air India,10:00 PM,12:20 AM+1,140,0,8711.0,GoogleFlights-Aggregator,2 hr 20 min,DEL -> HYD
2026-09-28T16:56:09.212807,t+1,1,2026-09-29,DEL,HYD,Air India,11:00 PM,1:20 AM+1,140,0,8711.0,GoogleFlights-Aggregator,2 hr 20 min,DEL -> HYD
2026-09-28T16:56:09.212807,t+1,1,2026-09-29,DEL,HYD,Air India,2:00 AM,4:20 AM,140,0,8711.0,GoogleFlights-Aggregator,2 hr 20 min,DEL -> HYD
2026-09-28T16:56:09.212807,t+1,1,2026-09-29,DEL,HYD,Air India,2:30 PM,4:40 PM,130,0,8827.0,GoogleFlights-Aggregator,2 hr 10 min,DEL -> HYD
2026-09-28T16:56:09.212807,t+1,1,2026-09-29,DEL,HYD,Air India,10:30 AM,12:50 PM,140,0,8827.0,GoogleFlights-Aggregator,2 hr 20 min,DEL -> HYD
2026-09-28T16:56:09.212807,t+1,1,2026-09-29,DEL,HYD,Air India,12:30 PM,2:45 PM,135,0,8827.0,GoogleFlights-Aggregator,2 hr 15 min,DEL -> HYD
2026-09-28T16:56:09.212807,t+1,1,2026-09-29,DEL,HYD,Air India,3:30 PM,5:55 PM,145,0,8827.0,GoogleFlights-Aggregator,2 hr 25 min,DEL -> HYD
2026-09-28T16:56:09.212807,t+1,1,2026-09-29,DEL,HYD,Air India,6:00 PM,8:20 PM,140,0,8827.0,GoogleFlights-Aggregator,2 hr 20 min,DEL -> HYD
2026-09-28T16:56:09.212807,t+1,1,2026-09-29,DEL,HYD,Air India,7:30 PM,9:50 PM,140,0,8827.0,GoogleFlights-Aggregator,2 hr 20 min,DEL -> HYD
2026-09-28T16:56:09.212807,t+1,1,2026-09-29,DEL,HYD,Air India,8:30 PM,10:50 PM,140,0,8827.0,GoogleFlights-Aggregator,2 hr 20 min,DEL -> HYD
2026-09-28T16:56:09.212807,t+1,1,2026-09-29,DEL,HYD,IndiGo,1:30 PM,3:45 PM,135,0,8874.0,GoogleFlights-Aggregator,2 hr 15 min,DEL -> HYD
2026-09-28T16:56:09.212807,t+1,1,2026-09-29,DEL,HYD,IndiGo,2:25 AM,4:40 AM,135,0,8874.0,GoogleFlights-Aggregator,2 hr 15 min,DEL -> HYD
2026-09-28T16:56:09.212807,t+1,1,2026-09-29,DEL,HYD,IndiGo,9:55 AM,12:20 PM,145,0,8874.0,GoogleFlights-Aggregator,2 hr 25 min,DEL -> HYD
2026-09-28T16:56:09.212807,t+1,1,2026-09-29,DEL,HYD,IndiGo,11:45 AM,2:00 PM,135,0,8874.0,GoogleFlights-Aggregator,2 hr 15 min,DEL -> HYD
2026-09-28T16:56:09.212807,t+1,1,2026-09-29,DEL,HYD,IndiGo,4:15 PM,6:30 PM,135,0,8874.0,GoogleFlights-Aggregator,2 hr 15 min,DEL -> HYD
2026-09-28T16:56:09.212807,t+1,1,2026-09-29,DEL,HYD,IndiGo,5:55 PM,8:15 PM,140,0,8874.0,GoogleFlights-Aggregator,2 hr 20 min,DEL -> HYD
2026-09-28T16:56:09.212807,t+1,1,2026-09-29,DEL,HYD,IndiGo,7:45 PM,10:05 PM,140,0,8874.0,GoogleFlights-Aggregator,2 hr 20 min,DEL -> HYD
2026-09-28T16:56:09.212807,t+1,1,2026-09-29,DEL,HYD,IndiGo,9:00 PM,11:15 PM,135,0,8874.0,GoogleFlights-Aggregator,2 hr 15 min,DEL -> HYD
2026-09-28T16:56:09.212807,t+1,1,2026-09-29,DEL,HYD,IndiGo,11:15 PM,1:30 AM+1,135,0,8874.0,GoogleFlights-Aggregator,2 hr 15 min,DEL -> HYD
2026-09-28T16:56:09.212807,t+1,1,2026-09-29,DEL,HYD,Air India,9:40 AM,12:00 PM,140,0,9299.0,GoogleFlights-Aggregator,2 hr 20 min,DEL -> HYD
2026-09-28T16:56:09.212807,t+1,1,2026-09-29,DEL,HYD,Akasa Air,2:10 PM,4:30 PM,140,0,9527.0,GoogleFlights-Aggregator,2 hr 20 min,DEL -> HYD
2026-09-28T16:56:09.212807,t+1,1,2026-09-29,DEL,HYD,Akasa Air,8:40 PM,11:10 PM,150,0,9527.0,GoogleFlights-Aggregator,2 hr 30 min,DEL -> HYD
2026-09-28T16:56:09.212807,t+1,1,2026-09-29,DEL,HYD,IndiGo,7:10 AM,9:20 AM,130,0,10395.0,GoogleFlights-Aggregator,2 hr 10 min,DEL -> HYD
2026-09-28T16:56:09.212807,t+1,1,2026-09-29,DEL,HYD,IndiGo,8:30 AM,10:45 AM,135,0,10395.0,GoogleFlights-Aggregator,2 hr 15 min,DEL -> HYD
2026-09-28T16:56:23.547145,t+7,7,2026-10-05,DEL,HYD,IndiGo,12:10 PM,5:50 PM,340,1,8402.0,GoogleFlights-Aggregator,5 hr 40 min,DEL -> HYD
2026-09-28T16:56:23.547145,t+7,7,2026-10-05,DEL,HYD,IndiGo,6:15 PM,11:50 PM,335,1,8402.0,GoogleFlights-Aggregator,5 hr 35 min,DEL -> HYD
2026-09-28T16:56:23.547145,t+7,7,2026-10-05,DEL,HYD,Akasa Air,2:10 PM,4:30 PM,140,0,8587.0,GoogleFlights-Aggregator,2 hr 20 min,DEL -> HYD
2026-09-28T16:56:23.547145,t+7,7,2026-10-05,DEL,HYD,Air India,10:00 PM,12:20 AM+1,140,0,8711.0,GoogleFlights-Aggregator,2 hr 20 min,DEL -> HYD
2026-09-28T16:56:23.547145,t+7,7,2026-10-05,DEL,HYD,Air India,11:00 PM,1:20 AM+1,140,0,8711.0,GoogleFlights-Aggregator,2 hr 20 min,DEL -> HYD
2026-09-28T16:56:23.547145,t+7,7,2026-10-05,DEL,HYD,Air India,3:30 PM,5:55 PM,145,0,8827.0,GoogleFlights-Aggregator,2 hr 25 min,DEL -> HYD
2026-09-28T16:56:23.547145,t+7,7,2026-10-05,DEL,HYD,Air India,8:30 PM,10:50 PM,140,0,8827.0,GoogleFlights-Aggregator,2 hr 20 min,DEL -> HYD
2026-09-28T16:56:23.547145,t+7,7,2026-10-05,DEL,HYD,IndiGo,4:15 PM,6:30 PM,135,0,8874.0,GoogleFlights-Aggregator,2 hr 15 min,DEL -> HYD
2026-09-28T16:56:23.547145,t+7,7,2026-10-05,DEL,HYD,IndiGo,2:45 PM,5:05 PM,140,0,8874.0,GoogleFlights-Aggregator,2 hr 20 min,DEL -> HYD
2026-09-28T16:56:23.547145,t+7,7,2026-10-05,DEL,HYD,IndiGo,7:45 PM,10:05 PM,140,0,8874.0,GoogleFlights-Aggregator,2 hr 20 min,DEL -> HYD
2026-09-28T16:56:23.547145,t+7,7,2026-10-05,DEL,HYD,IndiGo,9:00 PM,11:15 PM,135,0,8874.0,GoogleFlights-Aggregator,2 hr 15 min,DEL -> HYD
2026-09-28T16:56:23.547145,t+7,7,2026-10-05,DEL,HYD,IndiGo,11:15 PM,1:30 AM+1,135,0,8874.0,GoogleFlights-Aggregator,2 hr 15 min,DEL -> HYD
2026-09-28T16:56:23.547145,t+7,7,2026-10-05,DEL,HYD,Air India,2:30 PM,4:40 PM,130,0,9121.0,GoogleFlights-Aggregator,2 hr 10 min,DEL -> HYD
2026-09-28T16:56:23.547145,t+7,7,2026-10-05,DEL,HYD,IndiGo,11:45 AM,2:00 PM,135,0,9350.0,GoogleFlights-Aggregator,2 hr 15 min,DEL -> HYD
2026-09-28T16:56:23.547145,t+7,7,2026-10-05,DEL,HYD,Akasa Air,8:40 PM,11:10 PM,150,0,9362.0,GoogleFlights-Aggregator,2 hr 30 min,DEL -> HYD
2026-09-28T16:56:23.547145,t+7,7,2026-10-05,DEL,HYD,Air India,12:30 PM,2:45 PM,135,0,9809.0,GoogleFlights-Aggregator,2 hr 15 min,DEL -> HYD
2026-09-28T16:56:23.547145,t+7,7,2026-10-05,DEL,HYD,Air India,6:00 PM,8:20 PM,140,0,9809.0,GoogleFlights-Aggregator,2 hr 20 min,DEL -> HYD
2026-09-28T16:56:23.547145,t+7,7,2026-10-05,DEL,HYD,IndiGo,5:30 AM,7:50 AM,140,0,9856.0,GoogleFlights-Aggregator,2 hr 20 min,DEL -> HYD
2026-09-28T16:56:23.547145,t+7,7,2026-10-05,DEL,HYD,IndiGo,1:30 PM,3:45 PM,135,0,9856.0,GoogleFlights-Aggregator,2 hr 15 min,DEL -> HYD
2026-09-28T16:56:23.547145,t+7,7,2026-10-05,DEL,HYD,IndiGo,5:55 PM,8:15 PM,140,0,9856.0,GoogleFlights-Aggregator,2 hr 20 min,DEL -> HYD
2026-09-28T16:56:23.547145,t+7,7,2026-10-05,DEL,HYD,Air India,2:00 AM,4:20 AM,140,0,10302.0,GoogleFlights-Aggregator,2 hr 20 min,DEL -> HYD
2026-09-28T16:56:23.547145,t+7,7,2026-10-05,DEL,HYD,IndiGo,9:55 AM,12:20 PM,145,0,10395.0,GoogleFlights-Aggregator,2 hr 25 min,DEL -> HYD
2026-09-28T16:56:23.547145,t+7,7,2026-10-05,DEL,HYD,IndiGo,2:25 AM,4:40 AM,135,0,11574.0,GoogleFlights-Aggregator,2 hr 15 min,DEL -> HYD
2026-09-28T16:56:23.547145,t+7,7,2026-10-05,DEL,HYD,IndiGo,8:30 AM,10:45 AM,135,0,12221.0,GoogleFlights-Aggregator,2 hr 15 min,DEL -> HYD
2026-09-28T16:56:23.547145,t+7,7,2026-10-05,DEL,HYD,IndiGo,7:10 AM,9:20 AM,130,0,12907.0,GoogleFlights-Aggregator,2 hr 10 min,DEL -> HYD
2026-09-28T16:56:23.547145,t+7,7,2026-10-05,DEL,HYD,Air India,9:40 AM,12:00 PM,140,0,16655.0,GoogleFlights-Aggregator,2 hr 20 min,DEL -> HYD
2026-09-28T16:56:23.547145,t+7,7,2026-10-05,DEL,HYD,Air India,7:00 AM,9:20 AM,140,0,30655.0,GoogleFlights-Aggregator,2 hr 20 min,DEL -> HYD
2026-09-28T16:56:48.050933,t+15,15,2026-10-13,DEL,HYD,IndiGo,6:15 PM,11:50 PM,335,1,8402.0,GoogleFlights-Aggregator,5 hr 35 min,DEL -> HYD
2026-09-28T16:56:48.050933,t+15,15,2026-10-13,DEL,HYD,Akasa Air,2:10 PM,4:30 PM,140,0,8735.0,GoogleFlights-Aggregator,2 hr 20 min,DEL -> HYD
2026-09-28T16:56:48.050933,t+15,15,2026-10-13,DEL,HYD,Air India,12:30 PM,2:45 PM,135,0,8827.0,GoogleFlights-Aggregator,2 hr 15 min,DEL -> HYD
2026-09-28T16:56:48.050933,t+15,15,2026-10-13,DEL,HYD,Air India,3:30 PM,5:55 PM,145,0,8827.0,GoogleFlights-Aggregator,2 hr 25 min,DEL -> HYD
2026-09-28T16:56:48.050933,t+15,15,2026-10-13,DEL,HYD,IndiGo,1:30 PM,3:45 PM,135,0,8874.0,GoogleFlights-Aggregator,2 hr 15 min,DEL -> HYD
2026-09-28T16:56:48.050933,t+15,15,2026-10-13,DEL,HYD,IndiGo,5:30 AM,7:50 AM,140,0,8874.0,GoogleFlights-Aggregator,2 hr 20 min,DEL -> HYD
2026-09-28T16:56:48.050933,t+15,15,2026-10-13,DEL,HYD,IndiGo,7:10 AM,9:20 AM,130,0,8874.0,GoogleFlights-Aggregator,2 hr 10 min,DEL -> HYD
2026-09-28T16:56:48.050933,t+15,15,2026-10-13,DEL,HYD,IndiGo,8:30 AM,10:45 AM,135,0,8874.0,GoogleFlights-Aggregator,2 hr 15 min,DEL -> HYD
2026-09-28T16:56:48.050933,t+15,15,2026-10-13,DEL,HYD,IndiGo,11:45 AM,2:00 PM,135,0,8874.0,GoogleFlights-Aggregator,2 hr 15 min,DEL -> HYD
2026-09-28T16:56:48.050933,t+15,15,2026-10-13,DEL,HYD,IndiGo,2:45 PM,5:05 PM,140,0,8874.0,GoogleFlights-Aggregator,2 hr 20 min,DEL -> HYD
2026-09-28T16:56:48.050933,t+15,15,2026-10-13,DEL,HYD,IndiGo,4:15 PM,6:30 PM,135,0,8874.0,GoogleFlights-Aggregator,2 hr 15 min,DEL -> HYD
2026-09-28T16:56:48.050933,t+15,15,2026-10-13,DEL,HYD,Air India,2:30 PM,4:40 PM,130,0,9121.0,GoogleFlights-Aggregator,2 hr 10 min,DEL -> HYD
2026-09-28T16:56:48.050933,t+15,15,2026-10-13,DEL,HYD,Akasa Air,8:40 PM,11:10 PM,150,0,9200.0,GoogleFlights-Aggregator,2 hr 30 min,DEL -> HYD
2026-09-28T16:56:48.050933,t+15,15,2026-10-13,DEL,HYD,Air India,2:00 AM,4:20 AM,140,0,9299.0,GoogleFlights-Aggregator,2 hr 20 min,DEL -> HYD
2026-09-28T16:56:48.050933,t+15,15,2026-10-13,DEL,HYD,Air India,9:40 AM,12:00 PM,140,0,9299.0,GoogleFlights-Aggregator,2 hr 20 min,DEL -> HYD
2026-09-28T16:56:48.050933,t+15,15,2026-10-13,DEL,HYD,Air India,10:30 AM,12:50 PM,140,0,9299.0,GoogleFlights-Aggregator,2 hr 20 min,DEL -> HYD
2026-09-28T16:56:48.050933,t+15,15,2026-10-13,DEL,HYD,Air India,6:00 PM,8:20 PM,140,0,9299.0,GoogleFlights-Aggregator,2 hr 20 min,DEL -> HYD
2026-09-28T16:56:48.050933,t+15,15,2026-10-13,DEL,HYD,IndiGo,2:25 AM,4:40 AM,135,0,9350.0,GoogleFlights-Aggregator,2 hr 15 min,DEL -> HYD
2026-09-28T16:56:48.050933,t+15,15,2026-10-13,DEL,HYD,IndiGo,9:55 AM,12:20 PM,145,0,9350.0,GoogleFlights-Aggregator,2 hr 25 min,DEL -> HYD
2026-09-28T16:56:48.050933,t+15,15,2026-10-13,DEL,HYD,IndiGo,5:55 PM,8:15 PM,140,0,9350.0,GoogleFlights-Aggregator,2 hr 20 min,DEL -> HYD
2026-09-28T16:56:48.050933,t+15,15,2026-10-13,DEL,HYD,IndiGo,11:15 PM,1:30 AM+1,135,0,9350.0,GoogleFlights-Aggregator,2 hr 15 min,DEL -> HYD
2026-09-28T16:56:48.050933,t+15,15,2026-10-13,DEL,HYD,Air India,10:00 PM,12:20 AM+1,140,0,9809.0,GoogleFlights-Aggregator,2 hr 20 min,DEL -> HYD
2026-09-28T16:56:48.050933,t+15,15,2026-10-13,DEL,HYD,Air India,11:00 PM,1:20 AM+1,140,0,9809.0,GoogleFlights-Aggregator,2 hr 20 min,DEL -> HYD
2026-09-28T16:56:48.050933,t+15,15,2026-10-13,DEL,HYD,Air India,8:30 PM,10:50 PM,140,0,10344.0,GoogleFlights-Aggregator,2 hr 20 min,DEL -> HYD
2026-09-28T16:56:48.050933,t+15,15,2026-10-13,DEL,HYD,IndiGo,9:00 PM,11:15 PM,135,0,10966.0,GoogleFlights-Aggregator,2 hr 15 min,DEL -> HYD
2026-09-28T16:56:48.050933,t+15,15,2026-10-13,DEL,HYD,IndiGo,7:45 PM,10:05 PM,140,0,13638.0,GoogleFlights-Aggregator,2 hr 20 min,DEL -> HYD
2026-09-28T16:56:48.050933,t+15,15,2026-10-13,DEL,HYD,Air India,7:00 AM,9:20 AM,140,0,22440.0,GoogleFlights-Aggregator,2 hr 20 min,DEL -> HYD
2026-09-28T16:57:02.590854,t+30,30,2026-10-28,DEL,HYD,IndiGo,6:30 AM,11:55 AM,325,1,8402.0,GoogleFlights-Aggregator,5 hr 25 min,DEL -> HYD
2026-09-28T16:57:02.590854,t+30,30,2026-10-28,DEL,HYD,IndiGo,9:00 AM,2:15 PM,315,1,8402.0,GoogleFlights-Aggregator,5 hr 15 min,DEL -> HYD
2026-09-28T16:57:02.590854,t+30,30,2026-10-28,DEL,HYD,IndiGo,1:00 PM,6:40 PM,340,1,8402.0,GoogleFlights-Aggregator,5 hr 40 min,DEL -> HYD
2026-09-28T16:57:02.590854,t+30,30,2026-10-28,DEL,HYD,IndiGo,5:15 AM,7:30 AM,135,0,8877.0,GoogleFlights-Aggregator,2 hr 15 min,DEL -> HYD
2026-09-28T16:57:02.590854,t+30,30,2026-10-28,DEL,HYD,Air India,3:30 PM,5:45 PM,135,0,9299.0,GoogleFlights-Aggregator,2 hr 15 min,DEL -> HYD
2026-09-28T16:57:02.590854,t+30,30,2026-10-28,DEL,HYD,Air India,9:40 AM,11:55 AM,135,0,9299.0,GoogleFlights-Aggregator,2 hr 15 min,DEL -> HYD
2026-09-28T16:57:02.590854,t+30,30,2026-10-28,DEL,HYD,Air India,12:30 PM,2:45 PM,135,0,9299.0,GoogleFlights-Aggregator,2 hr 15 min,DEL -> HYD
2026-09-28T16:57:02.590854,t+30,30,2026-10-28,DEL,HYD,IndiGo,2:25 AM,4:40 AM,135,0,9352.0,GoogleFlights-Aggregator,2 hr 15 min,DEL -> HYD
2026-09-28T16:57:02.590854,t+30,30,2026-10-28,DEL,HYD,IndiGo,6:30 AM,8:45 AM,135,0,9352.0,GoogleFlights-Aggregator,2 hr 15 min,DEL -> HYD
2026-09-28T16:57:02.590854,t+30,30,2026-10-28,DEL,HYD,IndiGo,10:00 AM,12:15 PM,135,0,9352.0,GoogleFlights-Aggregator,2 hr 15 min,DEL -> HYD
2026-09-28T16:57:02.590854,t+30,30,2026-10-28,DEL,HYD,IndiGo,1:30 PM,3:45 PM,135,0,9352.0,GoogleFlights-Aggregator,2 hr 15 min,DEL -> HYD
2026-09-28T16:57:02.590854,t+30,30,2026-10-28,DEL,HYD,IndiGo,2:50 PM,5:05 PM,135,0,9352.0,GoogleFlights-Aggregator,2 hr 15 min,DEL -> HYD
2026-09-28T16:57:02.590854,t+30,30,2026-10-28,DEL,HYD,Akasa Air,8:35 PM,10:55 PM,140,0,9527.0,GoogleFlights-Aggregator,2 hr 20 min,DEL -> HYD
2026-09-28T16:57:02.590854,t+30,30,2026-10-28,DEL,HYD,Air India,2:30 PM,4:45 PM,135,0,9614.0,GoogleFlights-Aggregator,2 hr 15 min,DEL -> HYD
2026-09-28T16:57:02.590854,t+30,30,2026-10-28,DEL,HYD,Akasa Air,2:20 PM,4:45 PM,145,0,9695.0,GoogleFlights-Aggregator,2 hr 25 min,DEL -> HYD
2026-09-28T16:57:02.590854,t+30,30,2026-10-28,DEL,HYD,Air India,11:00 AM,1:15 PM,135,0,9809.0,GoogleFlights-Aggregator,2 hr 15 min,DEL -> HYD
2026-09-28T16:57:02.590854,t+30,30,2026-10-28,DEL,HYD,Air India,6:00 PM,8:15 PM,135,0,9809.0,GoogleFlights-Aggregator,2 hr 15 min,DEL -> HYD
2026-09-28T16:57:02.590854,t+30,30,2026-10-28,DEL,HYD,Air India,10:00 PM,12:15 AM+1,135,0,9809.0,GoogleFlights-Aggregator,2 hr 15 min,DEL -> HYD
2026-09-28T16:57:02.590854,t+30,30,2026-10-28,DEL,HYD,Air India,11:00 PM,1:15 AM+1,135,0,9809.0,GoogleFlights-Aggregator,2 hr 15 min,DEL -> HYD
2026-09-28T16:57:02.590854,t+30,30,2026-10-28,DEL,HYD,IndiGo,11:45 AM,2:00 PM,135,0,9858.0,GoogleFlights-Aggregator,2 hr 15 min,DEL -> HYD
2026-09-28T16:57:02.590854,t+30,30,2026-10-28,DEL,HYD,IndiGo,4:15 PM,6:30 PM,135,0,9858.0,GoogleFlights-Aggregator,2 hr 15 min,DEL -> HYD
2026-09-28T16:57:02.590854,t+30,30,2026-10-28,DEL,HYD,IndiGo,6:15 PM,8:30 PM,135,0,9858.0,GoogleFlights-Aggregator,2 hr 15 min,DEL -> HYD
2026-09-28T16:57:02.590854,t+30,30,2026-10-28,DEL,HYD,IndiGo,9:00 PM,11:15 PM,135,0,9858.0,GoogleFlights-Aggregator,2 hr 15 min,DEL -> HYD
2026-09-28T16:57:02.590854,t+30,30,2026-10-28,DEL,HYD,IndiGo,10:30 PM,12:45 AM+1,135,0,9858.0,GoogleFlights-Aggregator,2 hr 15 min,DEL -> HYD
2026-09-28T16:57:02.590854,t+30,30,2026-10-28,DEL,HYD,Air India,7:00 AM,9:15 AM,135,0,10344.0,GoogleFlights-Aggregator,2 hr 15 min,DEL -> HYD
2026-09-28T16:57:02.590854,t+30,30,2026-10-28,DEL,HYD,Air India,7:30 PM,9:45 PM,135,0,10344.0,GoogleFlights-Aggregator,2 hr 15 min,DEL -> HYD
2026-09-28T16:57:02.590854,t+30,30,2026-10-28,DEL,HYD,IndiGo,8:30 AM,10:45 AM,135,0,10397.0,GoogleFlights-Aggregator,2 hr 15 min,DEL -> HYD
2026-09-28T16:57:02.590854,t+30,30,2026-10-28,DEL,HYD,IndiGo,7:45 PM,10:00 PM,135,0,11576.0,GoogleFlights-Aggregator,2 hr 15 min,DEL -> HYD
2026-10-01T10:34:08.358083,t+1,1,2026-10-02,DEL,HYD,Air India,2:00 AM,4:20 AM,140,0,8711.0,GoogleFlights-Aggregator,2 hr 20 min,DEL -> HYD
2026-10-01T10:34:08.358083,t+1,1,2026-10-02,DEL,HYD,Air India,10:00 PM,12:20 AM+1,140,0,8711.0,GoogleFlights-Aggregator,2 hr 20 min,DEL -> HYD
2026-10-01T10:34:08.358083,t+1,1,2026-10-02,DEL,HYD,Air India,11:00 PM,1:20 AM+1,140,0,8711.0,GoogleFlights-Aggregator,2 hr 20 min,DEL -> HYD
2026-10-01T10:34:08.358083,t+1,1,2026-10-02,DEL,HYD,Akasa Air,2:10 PM,4:30 PM,140,0,8735.0,GoogleFlights-Aggregator,2 hr 20 min,DEL -> HYD
2026-10-01T10:34:08.358083,t+1,1,2026-10-02,DEL,HYD,Air India,6:00 PM,8:20 PM,140,0,8816.0,GoogleFlights-Aggregator,2 hr 20 min,DEL -> HYD
2026-10-01T10:34:08.358083,t+1,1,2026-10-02,DEL,HYD,Air India,10:30 AM,12:50 PM,140,0,8827.0,GoogleFlights-Aggregator,2 hr 20 min,DEL -> HYD
2026-10-01T10:34:08.358083,t+1,1,2026-10-02,DEL,HYD,Air India,9:40 AM,12:00 PM,140,0,8827.0,GoogleFlights-Aggregator,2 hr 20 min,DEL -> HYD
2026-10-01T10:34:08.358083,t+1,1,2026-10-02,DEL,HYD,Air India,3:30 PM,5:55 PM,145,0,8827.0,GoogleFlights-Aggregator,2 hr 25 min,DEL -> HYD
2026-10-01T10:34:08.358083,t+1,1,2026-10-02,DEL,HYD,Air India,8:30 PM,10:50 PM,140,0,8827.0,GoogleFlights-Aggregator,2 hr 20 min,DEL -> HYD
2026-10-01T10:34:08.358083,t+1,1,2026-10-02,DEL,HYD,IndiGo,1:30 PM,3:45 PM,135,0,8874.0,GoogleFlights-Aggregator,2 hr 15 min,DEL -> HYD
2026-10-01T10:34:08.358083,t+1,1,2026-10-02,DEL,HYD,IndiGo,2:25 AM,4:40 AM,135,0,8874.0,GoogleFlights-Aggregator,2 hr 15 min,DEL -> HYD
2026-10-01T10:34:08.358083,t+1,1,2026-10-02,DEL,HYD,IndiGo,5:30 AM,7:50 AM,140,0,8874.0,GoogleFlights-Aggregator,2 hr 20 min,DEL -> HYD
2026-10-01T10:34:08.358083,t+1,1,2026-10-02,DEL,HYD,IndiGo,7:10 AM,9:20 AM,130,0,8874.0,GoogleFlights-Aggregator,2 hr 10 min,DEL -> HYD
2026-10-01T10:34:08.358083,t+1,1,2026-10-02,DEL,HYD,IndiGo,8:30 AM,10:45 AM,135,0,8874.0,GoogleFlights-Aggregator,2 hr 15 min,DEL -> HYD
2026-10-01T10:34:08.358083,t+1,1,2026-10-02,DEL,HYD,IndiGo,9:55 AM,12:20 PM,145,0,8874.0,GoogleFlights-Aggregator,2 hr 25 min,DEL -> HYD
2026-10-01T10:34:08.358083,t+1,1,2026-10-02,DEL,HYD,IndiGo,11:45 AM,2:00 PM,135,0,8874.0,GoogleFlights-Aggregator,2 hr 15 min,DEL -> HYD
2026-10-01T10:34:08.358083,t+1,1,2026-10-02,DEL,HYD,IndiGo,2:45 PM,5:05 PM,140,0,8874.0,GoogleFlights-Aggregator,2 hr 20 min,DEL -> HYD
2026-10-01T10:34:08.358083,t+1,1,2026-10-02,DEL,HYD,IndiGo,4:15 PM,6:30 PM,135,0,8874.0,GoogleFlights-Aggregator,2 hr 15 min,DEL -> HYD
2026-10-01T10:34:08.358083,t+1,1,2026-10-02,DEL,HYD,IndiGo,5:55 PM,8:15 PM,140,0,8874.0,GoogleFlights-Aggregator,2 hr 20 min,DEL -> HYD
2026-10-01T10:34:08.358083,t+1,1,2026-10-02,DEL,HYD,IndiGo,7:45 PM,10:05 PM,140,0,8874.0,GoogleFlights-Aggregator,2 hr 20 min,DEL -> HYD
2026-10-01T10:34:08.358083,t+1,1,2026-10-02,DEL,HYD,IndiGo,9:00 PM,11:15 PM,135,0,8874.0,GoogleFlights-Aggregator,2 hr 15 min,DEL -> HYD
2026-10-01T10:34:08.358083,t+1,1,2026-10-02,DEL,HYD,IndiGo,11:15 PM,1:30 AM+1,135,0,8874.0,GoogleFlights-Aggregator,2 hr 15 min,DEL -> HYD
2026-10-01T10:34:08.358083,t+1,1,2026-10-02,DEL,HYD,Akasa Air,8:40 PM,11:10 PM,150,0,9042.0,GoogleFlights-Aggregator,2 hr 30 min,DEL -> HYD
2026-10-01T10:34:08.358083,t+1,1,2026-10-02,DEL,HYD,Air India,2:30 PM,4:40 PM,130,0,9798.0,GoogleFlights-Aggregator,2 hr 10 min,DEL -> HYD
2026-10-01T10:34:08.358083,t+1,1,2026-10-02,DEL,HYD,Air India,7:00 AM,9:20 AM,140,0,22440.0,GoogleFlights-Aggregator,2 hr 20 min,DEL -> HYD
2026-10-01T10:34:18.662902,t+7,7,2026-10-08,DEL,HYD,Akasa Air,8:40 PM,11:10 PM,150,0,8440.0,GoogleFlights-Aggregator,2 hr 30 min,DEL -> HYD
2026-10-01T10:34:18.662902,t+7,7,2026-10-08,DEL,HYD,Air India,2:00 AM,4:20 AM,140,0,8711.0,GoogleFlights-Aggregator,2 hr 20 min,DEL -> HYD
2026-10-01T10:34:18.662902,t+7,7,2026-10-08,DEL,HYD,Air India,10:00 PM,12:20 AM+1,140,0,8711.0,GoogleFlights-Aggregator,2 hr 20 min,DEL -> HYD
2026-10-01T10:34:18.662902,t+7,7,2026-10-08,DEL,HYD,Air India,11:00 PM,1:20 AM+1,140,0,8711.0,GoogleFlights-Aggregator,2 hr 20 min,DEL -> HYD
2026-10-01T10:34:18.662902,t+7,7,2026-10-08,DEL,HYD,Air India,6:00 PM,8:20 PM,140,0,8827.0,GoogleFlights-Aggregator,2 hr 20 min,DEL -> HYD
2026-10-01T10:34:18.662902,t+7,7,2026-10-08,DEL,HYD,Air India,7:00 AM,9:20 AM,140,0,8827.0,GoogleFlights-Aggregator,2 hr 20 min,DEL -> HYD
2026-10-01T10:34:18.662902,t+7,7,2026-10-08,DEL,HYD,Air India,10:30 AM,12:50 PM,140,0,8827.0,GoogleFlights-Aggregator,2 hr 20 min,DEL -> HYD
2026-10-01T10:34:18.662902,t+7,7,2026-10-08,DEL,HYD,Air India,12:30 PM,2:45 PM,135,0,8827.0,GoogleFlights-Aggregator,2 hr 15 min,DEL -> HYD
2026-10-01T10:34:18.662902,t+7,7,2026-10-08,DEL,HYD,Air India,3:30 PM,5:55 PM,145,0,8827.0,GoogleFlights-Aggregator,2 hr 25 min,DEL -> HYD
2026-10-01T10:34:18.662902,t+7,7,2026-10-08,DEL,HYD,IndiGo,1:30 PM,3:45 PM,135,0,8874.0,GoogleFlights-Aggregator,2 hr 15 min,DEL -> HYD
2026-10-01T10:34:18.662902,t+7,7,2026-10-08,DEL,HYD,IndiGo,2:25 AM,4:40 AM,135,0,8874.0,GoogleFlights-Aggregator,2 hr 15 min,DEL -> HYD
2026-10-01T10:34:18.662902,t+7,7,2026-10-08,DEL,HYD,IndiGo,5:30 AM,7:50 AM,140,0,8874.0,GoogleFlights-Aggregator,2 hr 20 min,DEL -> HYD
2026-10-01T10:34:18.662902,t+7,7,2026-10-08,DEL,HYD,IndiGo,7:10 AM,9:20 AM,130,0,8874.0,GoogleFlights-Aggregator,2 hr 10 min,DEL -> HYD
2026-10-01T10:34:18.662902,t+7,7,2026-10-08,DEL,HYD,IndiGo,8:30 AM,10:45 AM,135,0,8874.0,GoogleFlights-Aggregator,2 hr 15 min,DEL -> HYD
2026-10-01T10:34:18.662902,t+7,7,2026-10-08,DEL,HYD,IndiGo,9:55 AM,12:20 PM,145,0,8874.0,GoogleFlights-Aggregator,2 hr 25 min,DEL -> HYD
2026-10-01T10:34:18.662902,t+7,7,2026-10-08,DEL,HYD,IndiGo,11:45 AM,2:00 PM,135,0,8874.0,GoogleFlights-Aggregator,2 hr 15 min,DEL -> HYD
2026-10-01T10:34:18.662902,t+7,7,2026-10-08,DEL,HYD,IndiGo,2:45 PM,5:05 PM,140,0,8874.0,GoogleFlights-Aggregator,2 hr 20 min,DEL -> HYD
2026-10-01T10:34:18.662902,t+7,7,2026-10-08,DEL,HYD,IndiGo,4:15 PM,6:30 PM,135,0,8874.0,GoogleFlights-Aggregator,2 hr 15 min,DEL -> HYD
2026-10-01T10:34:18.662902,t+7,7,2026-10-08,DEL,HYD,IndiGo,5:55 PM,8:15 PM,140,0,8874.0,GoogleFlights-Aggregator,2 hr 20 min,DEL -> HYD
2026-10-01T10:34:18.662902,t+7,7,2026-10-08,DEL,HYD,IndiGo,7:45 PM,10:05 PM,140,0,8874.0,GoogleFlights-Aggregator,2 hr 20 min,DEL -> HYD
2026-10-01T10:34:18.662902,t+7,7,2026-10-08,DEL,HYD,IndiGo,9:00 PM,11:15 PM,135,0,8874.0,GoogleFlights-Aggregator,2 hr 15 min,DEL -> HYD
2026-10-01T10:34:18.662902,t+7,7,2026-10-08,DEL,HYD,IndiGo,11:15 PM,1:30 AM+1,135,0,8874.0,GoogleFlights-Aggregator,2 hr 15 min,DEL -> HYD
2026-10-01T10:34:18.662902,t+7,7,2026-10-08,DEL,HYD,Air India,2:30 PM,4:40 PM,130,0,9121.0,GoogleFlights-Aggregator,2 hr 10 min,DEL -> HYD
2026-10-01T10:34:18.662902,t+7,7,2026-10-08,DEL,HYD,Air India,9:40 AM,12:00 PM,140,0,9194.0,GoogleFlights-Aggregator,2 hr 20 min,DEL -> HYD
2026-10-01T10:34:18.662902,t+7,7,2026-10-08,DEL,HYD,Akasa Air,2:10 PM,4:30 PM,140,0,9200.0,GoogleFlights-Aggregator,2 hr 20 min,DEL -> HYD
2026-10-01T10:34:18.662902,t+7,7,2026-10-08,DEL,HYD,Air India,8:30 PM,10:50 PM,140,0,9299.0,GoogleFlights-Aggregator,2 hr 20 min,DEL -> HYD
2026-10-01T10:34:28.859334,t+15,15,2026-10-16,DEL,HYD,IndiGo,5:30 AM,7:50 AM,140,0,8874.0,GoogleFlights-Aggregator,2 hr 20 min,DEL -> HYD
2026-10-01T10:34:28.859334,t+15,15,2026-10-16,DEL,HYD,Air India,7:00 AM,9:20 AM,140,0,9299.0,GoogleFlights-Aggregator,2 hr 20 min,DEL -> HYD
2026-10-01T10:34:28.859334,t+15,15,2026-10-16,DEL,HYD,IndiGo,7:10 AM,9:20 AM,130,0,9350.0,GoogleFlights-Aggregator,2 hr 10 min,DEL -> HYD
2026-10-01T10:34:28.859334,t+15,15,2026-10-16,DEL,HYD,Air India,2:00 AM,4:20 AM,140,0,9809.0,GoogleFlights-Aggregator,2 hr 20 min,DEL -> HYD
2026-10-01T10:34:28.859334,t+15,15,2026-10-16,DEL,HYD,Air India,10:30 AM,12:50 PM,140,0,9809.0,GoogleFlights-Aggregator,2 hr 20 min,DEL -> HYD
2026-10-01T10:34:28.859334,t+15,15,2026-10-16,DEL,HYD,Air India,12:30 PM,2:45 PM,135,0,9809.0,GoogleFlights-Aggregator,2 hr 15 min,DEL -> HYD
2026-10-01T10:34:28.859334,t+15,15,2026-10-16,DEL,HYD,Air India,3:30 PM,5:55 PM,145,0,9809.0,GoogleFlights-Aggregator,2 hr 25 min,DEL -> HYD
2026-10-01T10:34:28.859334,t+15,15,2026-10-16,DEL,HYD,Air India,11:00 PM,1:20 AM+1,140,0,9809.0,GoogleFlights-Aggregator,2 hr 20 min,DEL -> HYD
2026-10-01T10:34:28.859334,t+15,15,2026-10-16,DEL,HYD,IndiGo,8:30 AM,10:45 AM,135,0,9856.0,GoogleFlights-Aggregator,2 hr 15 min,DEL -> HYD
2026-10-01T10:34:28.859334,t+15,15,2026-10-16,DEL,HYD,IndiGo,1:30 PM,3:45 PM,135,0,9856.0,GoogleFlights-Aggregator,2 hr 15 min,DEL -> HYD
2026-10-01T10:34:28.859334,t+15,15,2026-10-16,DEL,HYD,IndiGo,2:45 PM,5:05 PM,140,0,9856.0,GoogleFlights-Aggregator,2 hr 20 min,DEL -> HYD
2026-10-01T10:34:28.859334,t+15,15,2026-10-16,DEL,HYD,Akasa Air,2:10 PM,4:30 PM,140,0,10040.0,GoogleFlights-Aggregator,2 hr 20 min,DEL -> HYD
2026-10-01T10:34:28.859334,t+15,15,2026-10-16,DEL,HYD,Air India,2:30 PM,4:40 PM,130,0,10145.0,GoogleFlights-Aggregator,2 hr 10 min,DEL -> HYD
2026-10-01T10:34:28.859334,t+15,15,2026-10-16,DEL,HYD,Air India,10:00 PM,12:20 AM+1,140,0,10344.0,GoogleFlights-Aggregator,2 hr 20 min,DEL -> HYD
2026-10-01T10:34:28.859334,t+15,15,2026-10-16,DEL,HYD,IndiGo,2:25 AM,4:40 AM,135,0,10395.0,GoogleFlights-Aggregator,2 hr 15 min,DEL -> HYD
2026-10-01T10:34:28.859334,t+15,15,2026-10-16,DEL,HYD,IndiGo,9:55 AM,12:20 PM,145,0,10395.0,GoogleFlights-Aggregator,2 hr 25 min,DEL -> HYD
2026-10-01T10:34:28.859334,t+15,15,2026-10-16,DEL,HYD,Akasa Air,8:40 PM,11:10 PM,150,0,10401.0,GoogleFlights-Aggregator,2 hr 30 min,DEL -> HYD
2026-10-01T10:34:28.859334,t+15,15,2026-10-16,DEL,HYD,Air India,6:00 PM,8:20 PM,140,0,10612.0,GoogleFlights-Aggregator,2 hr 20 min,DEL -> HYD
2026-10-01T10:34:28.859334,t+15,15,2026-10-16,DEL,HYD,IndiGo,11:45 AM,2:00 PM,135,0,10966.0,GoogleFlights-Aggregator,2 hr 15 min,DEL -> HYD
2026-10-01T10:34:28.859334,t+15,15,2026-10-16,DEL,HYD,IndiGo,9:00 PM,11:15 PM,135,0,11574.0,GoogleFlights-Aggregator,2 hr 15 min,DEL -> HYD
2026-10-01T10:34:28.859334,t+15,15,2026-10-16,DEL,HYD,IndiGo,11:15 PM,1:30 AM+1,135,0,11574.0,GoogleFlights-Aggregator,2 hr 15 min,DEL -> HYD
2026-10-01T10:34:28.859334,t+15,15,2026-10-16,DEL,HYD,IndiGo,4:15 PM,6:30 PM,135,0,12221.0,GoogleFlights-Aggregator,2 hr 15 min,DEL -> HYD
2026-10-01T10:34:28.859334,t+15,15,2026-10-16,DEL,HYD,IndiGo,7:45 PM,10:05 PM,140,0,12221.0,GoogleFlights-Aggregator,2 hr 20 min,DEL -> HYD
2026-10-01T10:34:28.859334,t+15,15,2026-10-16,DEL,HYD,IndiGo,5:55 PM,8:15 PM,140,0,13638.0,GoogleFlights-Aggregator,2 hr 20 min,DEL -> HYD
2026-10-01T10:34:28.859334,t+15,15,2026-10-16,DEL,HYD,Air India,8:30 PM,10:50 PM,140,0,16655.0,GoogleFlights-Aggregator,2 hr 20 min,DEL -> HYD
2026-10-01T10:34:39.525785,t+30,30,2026-10-31,DEL,HYD,Air India,7:00 AM,9:15 AM,135,0,8827.0,GoogleFlights-Aggregator,2 hr 15 min,DEL -> HYD
2026-10-01T10:34:39.525785,t+30,30,2026-10-31,DEL,HYD,IndiGo,5:15 AM,7:30 AM,135,0,8877.0,GoogleFlights-Aggregator,2 hr 15 min,DEL -> HYD
2026-10-01T10:34:39.525785,t+30,30,2026-10-31,DEL,HYD,IndiGo,6:30 AM,8:45 AM,135,0,8877.0,GoogleFlights-Aggregator,2 hr 15 min,DEL -> HYD
2026-10-01T10:34:39.525785,t+30,30,2026-10-31,DEL,HYD,Air India,10:00 PM,12:15 AM+1,135,0,9299.0,GoogleFlights-Aggregator,2 hr 15 min,DEL -> HYD
2026-10-01T10:34:39.525785,t+30,30,2026-10-31,DEL,HYD,IndiGo,2:25 AM,4:40 AM,135,0,9352.0,GoogleFlights-Aggregator,2 hr 15 min,DEL -> HYD
2026-10-01T10:34:39.525785,t+30,30,2026-10-31,DEL,HYD,IndiGo,9:00 PM,11:15 PM,135,0,9352.0,GoogleFlights-Aggregator,2 hr 15 min,DEL -> HYD
2026-10-01T10:34:39.525785,t+30,30,2026-10-31,DEL,HYD,Akasa Air,8:35 PM,10:55 PM,140,0,9695.0,GoogleFlights-Aggregator,2 hr 20 min,DEL -> HYD
2026-10-01T10:34:39.525785,t+30,30,2026-10-31,DEL,HYD,Air India,9:40 AM,11:55 AM,135,0,9809.0,GoogleFlights-Aggregator,2 hr 15 min,DEL -> HYD
2026-10-01T10:34:39.525785,t+30,30,2026-10-31,DEL,HYD,Air India,11:00 AM,1:15 PM,135,0,9809.0,GoogleFlights-Aggregator,2 hr 15 min,DEL -> HYD
2026-10-01T10:34:39.525785,t+30,30,2026-10-31,DEL,HYD,Air India,12:30 PM,2:45 PM,135,0,9809.0,GoogleFlights-Aggregator,2 hr 15 min,DEL -> HYD
2026-10-01T10:34:39.525785,t+30,30,2026-10-31,DEL,HYD,Air India,6:00 PM,8:15 PM,135,0,9809.0,GoogleFlights-Aggregator,2 hr 15 min,DEL -> HYD
2026-10-01T10:34:39.525785,t+30,30,2026-10-31,DEL,HYD,Air India,7:30 PM,9:45 PM,135,0,9809.0,GoogleFlights-Aggregator,2 hr 15 min,DEL -> HYD
2026-10-01T10:34:39.525785,t+30,30,2026-10-31,DEL,HYD,Air India,11:00 PM,1:15 AM+1,135,0,9809.0,GoogleFlights-Aggregator,2 hr 15 min,DEL -> HYD
2026-10-01T10:34:39.525785,t+30,30,2026-10-31,DEL,HYD,IndiGo,8:30 AM,10:45 AM,135,0,9858.0,GoogleFlights-Aggregator,2 hr 15 min,DEL -> HYD
2026-10-01T10:34:39.525785,t+30,30,2026-10-31,DEL,HYD,IndiGo,11:45 AM,2:00 PM,135,0,9858.0,GoogleFlights-Aggregator,2 hr 15 min,DEL -> HYD
2026-10-01T10:34:39.525785,t+30,30,2026-10-31,DEL,HYD,IndiGo,1:30 PM,3:45 PM,135,0,9858.0,GoogleFlights-Aggregator,2 hr 15 min,DEL -> HYD
2026-10-01T10:34:39.525785,t+30,30,2026-10-31,DEL,HYD,IndiGo,2:50 PM,5:05 PM,135,0,9858.0,GoogleFlights-Aggregator,2 hr 15 min,DEL -> HYD
2026-10-01T10:34:39.525785,t+30,30,2026-10-31,DEL,HYD,IndiGo,4:15 PM,6:30 PM,135,0,9858.0,GoogleFlights-Aggregator,2 hr 15 min,DEL -> HYD
2026-10-01T10:34:39.525785,t+30,30,2026-10-31,DEL,HYD,IndiGo,6:15 PM,8:30 PM,135,0,9858.0,GoogleFlights-Aggregator,2 hr 15 min,DEL -> HYD
2026-10-01T10:34:39.525785,t+30,30,2026-10-31,DEL,HYD,IndiGo,10:30 PM,12:45 AM+1,135,0,9858.0,GoogleFlights-Aggregator,2 hr 15 min,DEL -> HYD
2026-10-01T10:34:39.525785,t+30,30,2026-10-31,DEL,HYD,Akasa Air,2:20 PM,4:45 PM,145,0,9866.0,GoogleFlights-Aggregator,2 hr 25 min,DEL -> HYD
2026-10-01T10:34:39.525785,t+30,30,2026-10-31,DEL,HYD,Air India,3:30 PM,5:45 PM,135,0,10061.0,GoogleFlights-Aggregator,2 hr 15 min,DEL -> HYD
2026-10-01T10:34:39.525785,t+30,30,2026-10-31,DEL,HYD,Air India,2:30 PM,4:45 PM,135,0,10145.0,GoogleFlights-Aggregator,2 hr 15 min,DEL -> HYD
2026-10-01T10:34:39.525785,t+30,30,2026-10-31,DEL,HYD,IndiGo,10:00 AM,12:15 PM,135,0,10397.0,GoogleFlights-Aggregator,2 hr 15 min,DEL -> HYD
2026-10-01T10:34:39.525785,t+30,30,2026-10-31,DEL,HYD,IndiGo,7:45 PM,10:00 PM,135,0,10397.0,GoogleFlights-Aggregator,2 hr 15 min,DEL -> HYD
2026-10-02T13:24:09.069365,t+1,1,2026-10-03,DEL,HYD,Air India,2:00 AM,4:20 AM,140,0,8711.0,GoogleFlights-Aggregator,2 hr 20 min,DEL -> HYD
2026-10-02T13:24:09.069365,t+1,1,2026-10-03,DEL,HYD,Air India,10:00 PM,12:20 AM+1,140,0,8711.0,GoogleFlights-Aggregator,2 hr 20 min,DEL -> HYD
2026-10-02T13:24:09.069365,t+1,1,2026-10-03,DEL,HYD,Air India,11:00 PM,1:20 AM+1,140,0,8711.0,GoogleFlights-Aggregator,2 hr 20 min,DEL -> HYD
2026-10-02T13:24:09.069365,t+1,1,2026-10-03,DEL,HYD,Air India,2:30 PM,4:40 PM,130,0,8811.0,GoogleFlights-Aggregator,2 hr 10 min,DEL -> HYD
2026-10-02T13:24:09.069365,t+1,1,2026-10-03,DEL,HYD,Air India,3:30 PM,5:55 PM,145,0,8816.0,GoogleFlights-Aggregator,2 hr 25 min,DEL -> HYD
2026-10-02T13:24:09.069365,t+1,1,2026-10-03,DEL,HYD,IndiGo,1:30 PM,3:45 PM,135,0,8874.0,GoogleFlights-Aggregator,2 hr 15 min,DEL -> HYD
2026-10-02T13:24:09.069365,t+1,1,2026-10-03,DEL,HYD,IndiGo,2:25 AM,4:40 AM,135,0,8874.0,GoogleFlights-Aggregator,2 hr 15 min,DEL -> HYD
2026-10-02T13:24:09.069365,t+1,1,2026-10-03,DEL,HYD,IndiGo,7:10 AM,9:20 AM,130,0,8874.0,GoogleFlights-Aggregator,2 hr 10 min,DEL -> HYD
2026-10-02T13:24:09.069365,t+1,1,2026-10-03,DEL,HYD,IndiGo,8:30 AM,10:45 AM,135,0,8874.0,GoogleFlights-Aggregator,2 hr 15 min,DEL -> HYD
2026-10-02T13:24:09.069365,t+1,1,2026-10-03,DEL,HYD,IndiGo,9:55 AM,12:20 PM,145,0,8874.0,GoogleFlights-Aggregator,2 hr 25 min,DEL -> HYD
2026-10-02T13:24:09.069365,t+1,1,2026-10-03,DEL,HYD,IndiGo,11:45 AM,2:00 PM,135,0,8874.0,GoogleFlights-Aggregator,2 hr 15 min,DEL -> HYD
2026-10-02T13:24:09.069365,t+1,1,2026-10-03,DEL,HYD,IndiGo,2:45 PM,5:05 PM,140,0,8874.0,GoogleFlights-Aggregator,2 hr 20 min,DEL -> HYD
2026-10-02T13:24:09.069365,t+1,1,2026-10-03,DEL,HYD,IndiGo,4:15 PM,6:30 PM,135,0,8874.0,GoogleFlights-Aggregator,2 hr 15 min,DEL -> HYD
2026-10-02T13:24:09.069365,t+1,1,2026-10-03,DEL,HYD,IndiGo,5:55 PM,8:15 PM,140,0,8874.0,GoogleFlights-Aggregator,2 hr 20 min,DEL -> HYD
2026-10-02T13:24:09.069365,t+1,1,2026-10-03,DEL,HYD,IndiGo,7:45 PM,10:05 PM,140,0,8874.0,GoogleFlights-Aggregator,2 hr 20 min,DEL -> HYD
2026-10-02T13:24:09.069365,t+1,1,2026-10-03,DEL,HYD,IndiGo,9:00 PM,11:15 PM,135,0,8874.0,GoogleFlights-Aggregator,2 hr 15 min,DEL -> HYD
2026-10-02T13:24:09.069365,t+1,1,2026-10-03,DEL,HYD,IndiGo,11:15 PM,1:30 AM+1,135,0,8874.0,GoogleFlights-Aggregator,2 hr 15 min,DEL -> HYD
2026-10-02T13:24:09.069365,t+1,1,2026-10-03,DEL,HYD,Air India,9:40 AM,12:00 PM,140,0,8932.0,GoogleFlights-Aggregator,2 hr 20 min,DEL -> HYD
2026-10-02T13:24:09.069365,t+1,1,2026-10-03,DEL,HYD,Air India,6:00 PM,8:20 PM,140,0,8932.0,GoogleFlights-Aggregator,2 hr 20 min,DEL -> HYD
2026-10-02T13:24:09.069365,t+1,1,2026-10-03,DEL,HYD,Air India,8:30 PM,10:50 PM,140,0,8932.0,GoogleFlights-Aggregator,2 hr 20 min,DEL -> HYD
2026-10-02T13:24:09.069365,t+1,1,2026-10-03,DEL,HYD,Akasa Air,2:10 PM,4:30 PM,140,0,9200.0,GoogleFlights-Aggregator,2 hr 20 min,DEL -> HYD
2026-10-02T13:24:09.069365,t+1,1,2026-10-03,DEL,HYD,Akasa Air,8:40 PM,11:10 PM,150,0,9200.0,GoogleFlights-Aggregator,2 hr 30 min,DEL -> HYD
2026-10-02T13:24:09.069365,t+1,1,2026-10-03,DEL,HYD,Air India,12:30 PM,2:45 PM,135,0,9404.0,GoogleFlights-Aggregator,2 hr 15 min,DEL -> HYD
2026-10-02T13:24:27.858210,t+7,7,2026-10-09,DEL,HYD,Air India,2:00 AM,4:20 AM,140,0,8711.0,GoogleFlights-Aggregator,2 hr 20 min,DEL -> HYD
2026-10-02T13:24:27.858210,t+7,7,2026-10-09,DEL,HYD,Air India,11:00 PM,1:20 AM+1,140,0,8711.0,GoogleFlights-Aggregator,2 hr 20 min,DEL -> HYD
2026-10-02T13:24:27.858210,t+7,7,2026-10-09,DEL,HYD,IndiGo,1:30 PM,3:45 PM,135,0,8874.0,GoogleFlights-Aggregator,2 hr 15 min,DEL -> HYD
2026-10-02T13:24:27.858210,t+7,7,2026-10-09,DEL,HYD,IndiGo,2:25 AM,4:40 AM,135,0,8874.0,GoogleFlights-Aggregator,2 hr 15 min,DEL -> HYD
2026-10-02T13:24:27.858210,t+7,7,2026-10-09,DEL,HYD,IndiGo,5:30 AM,7:50 AM,140,0,8874.0,GoogleFlights-Aggregator,2 hr 20 min,DEL -> HYD
2026-10-02T13:24:27.858210,t+7,7,2026-10-09,DEL,HYD,IndiGo,7:10 AM,9:20 AM,130,0,8874.0,GoogleFlights-Aggregator,2 hr 10 min,DEL -> HYD
2026-10-02T13:24:27.858210,t+7,7,2026-10-09,DEL,HYD,IndiGo,2:45 PM,5:05 PM,140,0,8874.0,GoogleFlights-Aggregator,2 hr 20 min,DEL -> HYD
2026-10-02T13:24:27.858210,t+7,7,2026-10-09,DEL,HYD,IndiGo,4:15 PM,6:30 PM,135,0,8874.0,GoogleFlights-Aggregator,2 hr 15 min,DEL -> HYD
2026-10-02T13:24:27.858210,t+7,7,2026-10-09,DEL,HYD,IndiGo,5:55 PM,8:15 PM,140,0,8874.0,GoogleFlights-Aggregator,2 hr 20 min,DEL -> HYD
2026-10-02T13:24:27.858210,t+7,7,2026-10-09,DEL,HYD,IndiGo,11:15 PM,1:30 AM+1,135,0,8874.0,GoogleFlights-Aggregator,2 hr 15 min,DEL -> HYD
2026-10-02T13:24:27.858210,t+7,7,2026-10-09,DEL,HYD,Air India,9:40 AM,12:00 PM,140,0,8932.0,GoogleFlights-Aggregator,2 hr 20 min,DEL -> HYD
2026-10-02T13:24:27.858210,t+7,7,2026-10-09,DEL,HYD,Air India,3:30 PM,5:55 PM,145,0,8932.0,GoogleFlights-Aggregator,2 hr 25 min,DEL -> HYD
2026-10-02T13:24:27.858210,t+7,7,2026-10-09,DEL,HYD,Air India,2:30 PM,4:40 PM,130,0,9231.0,GoogleFlights-Aggregator,2 hr 10 min,DEL -> HYD
2026-10-02T13:24:27.858210,t+7,7,2026-10-09,DEL,HYD,IndiGo,8:30 AM,10:45 AM,135,0,9350.0,GoogleFlights-Aggregator,2 hr 15 min,DEL -> HYD
2026-10-02T13:24:27.858210,t+7,7,2026-10-09,DEL,HYD,IndiGo,9:55 AM,12:20 PM,145,0,9350.0,GoogleFlights-Aggregator,2 hr 25 min,DEL -> HYD
2026-10-02T13:24:27.858210,t+7,7,2026-10-09,DEL,HYD,Air India,10:30 AM,12:50 PM,140,0,9404.0,GoogleFlights-Aggregator,2 hr 20 min,DEL -> HYD
2026-10-02T13:24:27.858210,t+7,7,2026-10-09,DEL,HYD,Akasa Air,2:10 PM,4:30 PM,140,0,9527.0,GoogleFlights-Aggregator,2 hr 20 min,DEL -> HYD
2026-10-02T13:24:27.858210,t+7,7,2026-10-09,DEL,HYD,IndiGo,7:45 PM,10:05 PM,140,0,10395.0,GoogleFlights-Aggregator,2 hr 20 min,DEL -> HYD
2026-10-02T13:24:27.858210,t+7,7,2026-10-09,DEL,HYD,IndiGo,9:00 PM,11:15 PM,135,0,10395.0,GoogleFlights-Aggregator,2 hr 15 min,DEL -> HYD
2026-10-02T13:24:27.858210,t+7,7,2026-10-09,DEL,HYD,Akasa Air,8:40 PM,11:10 PM,150,0,10401.0,GoogleFlights-Aggregator,2 hr 30 min,DEL -> HYD
2026-10-02T13:24:27.858210,t+7,7,2026-10-09,DEL,HYD,Air India,12:30 PM,2:45 PM,135,0,10449.0,GoogleFlights-Aggregator,2 hr 15 min,DEL -> HYD
2026-10-02T13:24:27.858210,t+7,7,2026-10-09,DEL,HYD,IndiGo,11:45 AM,2:00 PM,135,0,10966.0,GoogleFlights-Aggregator,2 hr 15 min,DEL -> HYD
2026-10-02T13:24:27.858210,t+7,7,2026-10-09,DEL,HYD,Air India,6:00 PM,8:20 PM,140,0,12607.0,GoogleFlights-Aggregator,2 hr 20 min,DEL -> HYD
2026-10-02T13:24:27.858210,t+7,7,2026-10-09,DEL,HYD,Air India,7:00 AM,9:20 AM,140,0,14203.0,GoogleFlights-Aggregator,2 hr 20 min,DEL -> HYD
2026-10-02T13:24:27.858210,t+7,7,2026-10-09,DEL,HYD,Air India,8:30 PM,10:50 PM,140,0,14203.0,GoogleFlights-Aggregator,2 hr 20 min,DEL -> HYD
2026-10-02T13:24:52.297763,t+15,15,2026-10-17,DEL,HYD,IndiGo,7:10 AM,9:20 AM,130,0,9858.0,GoogleFlights-Aggregator,2 hr 10 min,DEL -> HYD
2026-10-02T13:24:52.297763,t+15,15,2026-10-17,DEL,HYD,IndiGo,5:30 AM,7:50 AM,140,0,9858.0,GoogleFlights-Aggregator,2 hr 20 min,DEL -> HYD
2026-10-02T13:24:52.297763,t+15,15,2026-10-17,DEL,HYD,Air India,2:30 PM,4:40 PM,130,0,10255.0,GoogleFlights-Aggregator,2 hr 10 min,DEL -> HYD
2026-10-02T13:24:52.297763,t+15,15,2026-10-17,DEL,HYD,IndiGo,8:30 AM,10:45 AM,135,0,10397.0,GoogleFlights-Aggregator,2 hr 15 min,DEL -> HYD
2026-10-02T13:24:52.297763,t+15,15,2026-10-17,DEL,HYD,IndiGo,1:30 PM,3:45 PM,135,0,10397.0,GoogleFlights-Aggregator,2 hr 15 min,DEL -> HYD
2026-10-02T13:24:52.297763,t+15,15,2026-10-17,DEL,HYD,IndiGo,2:45 PM,5:05 PM,140,0,10397.0,GoogleFlights-Aggregator,2 hr 20 min,DEL -> HYD
2026-10-02T13:24:52.297763,t+15,15,2026-10-17,DEL,HYD,Air India,2:00 AM,4:20 AM,140,0,10449.0,GoogleFlights-Aggregator,2 hr 20 min,DEL -> HYD
2026-10-02T13:24:52.297763,t+15,15,2026-10-17,DEL,HYD,Air India,9:40 AM,12:00 PM,140,0,10449.0,GoogleFlights-Aggregator,2 hr 20 min,DEL -> HYD
2026-10-02T13:24:52.297763,t+15,15,2026-10-17,DEL,HYD,Air India,10:30 AM,12:50 PM,140,0,10449.0,GoogleFlights-Aggregator,2 hr 20 min,DEL -> HYD
2026-10-02T13:24:52.297763,t+15,15,2026-10-17,DEL,HYD,Air India,12:30 PM,2:45 PM,135,0,10449.0,GoogleFlights-Aggregator,2 hr 15 min,DEL -> HYD
2026-10-02T13:24:52.297763,t+15,15,2026-10-17,DEL,HYD,Air India,3:30 PM,5:55 PM,145,0,10722.0,GoogleFlights-Aggregator,2 hr 25 min,DEL -> HYD
2026-10-02T13:24:52.297763,t+15,15,2026-10-17,DEL,HYD,Akasa Air,2:10 PM,4:30 PM,140,0,10776.0,GoogleFlights-Aggregator,2 hr 20 min,DEL -> HYD
2026-10-02T13:24:52.297763,t+15,15,2026-10-17,DEL,HYD,IndiGo,9:55 AM,12:20 PM,145,0,10968.0,GoogleFlights-Aggregator,2 hr 25 min,DEL -> HYD
2026-10-02T13:24:52.297763,t+15,15,2026-10-17,DEL,HYD,IndiGo,11:45 AM,2:00 PM,135,0,10968.0,GoogleFlights-Aggregator,2 hr 15 min,DEL -> HYD
2026-10-02T13:24:52.297763,t+15,15,2026-10-17,DEL,HYD,IndiGo,2:25 AM,4:40 AM,135,0,11576.0,GoogleFlights-Aggregator,2 hr 15 min,DEL -> HYD
2026-10-02T13:24:52.297763,t+15,15,2026-10-17,DEL,HYD,Akasa Air,8:40 PM,11:10 PM,150,0,11993.0,GoogleFlights-Aggregator,2 hr 30 min,DEL -> HYD
2026-10-02T13:24:52.297763,t+15,15,2026-10-17,DEL,HYD,IndiGo,4:15 PM,6:30 PM,135,0,12223.0,GoogleFlights-Aggregator,2 hr 15 min,DEL -> HYD
2026-10-02T13:24:52.297763,t+15,15,2026-10-17,DEL,HYD,IndiGo,9:00 PM,11:15 PM,135,0,12223.0,GoogleFlights-Aggregator,2 hr 15 min,DEL -> HYD
2026-10-02T13:24:52.297763,t+15,15,2026-10-17,DEL,HYD,Air India,10:00 PM,12:20 AM+1,140,0,12281.0,GoogleFlights-Aggregator,2 hr 20 min,DEL -> HYD
2026-10-02T13:24:52.297763,t+15,15,2026-10-17,DEL,HYD,IndiGo,5:55 PM,8:15 PM,140,0,13640.0,GoogleFlights-Aggregator,2 hr 20 min,DEL -> HYD
2026-10-02T13:24:52.297763,t+15,15,2026-10-17,DEL,HYD,IndiGo,7:45 PM,10:05 PM,140,0,13640.0,GoogleFlights-Aggregator,2 hr 20 min,DEL -> HYD
2026-10-02T13:24:52.297763,t+15,15,2026-10-17,DEL,HYD,Air India,8:30 PM,10:50 PM,140,0,14203.0,GoogleFlights-Aggregator,2 hr 20 min,DEL -> HYD
2026-10-02T13:24:52.297763,t+15,15,2026-10-17,DEL,HYD,IndiGo,11:15 PM,1:30 AM+1,135,0,16119.0,GoogleFlights-Aggregator,2 hr 15 min,DEL -> HYD
2026-10-02T13:24:52.297763,t+15,15,2026-10-17,DEL,HYD,Air India,11:00 PM,1:20 AM+1,140,0,16655.0,GoogleFlights-Aggregator,2 hr 20 min,DEL -> HYD
2026-10-02T13:24:52.297763,t+15,15,2026-10-17,DEL,HYD,Air India,6:00 PM,8:20 PM,140,0,18644.0,GoogleFlights-Aggregator,2 hr 20 min,DEL -> HYD
2026-10-02T13:25:06.505711,t+30,30,2026-11-01,DEL,HYD,IndiGo,1:30 PM,3:45 PM,135,0,9858.0,GoogleFlights-Aggregator,2 hr 15 min,DEL -> HYD
2026-10-02T13:25:06.505711,t+30,30,2026-11-01,DEL,HYD,IndiGo,6:30 AM,8:45 AM,135,0,9858.0,GoogleFlights-Aggregator,2 hr 15 min,DEL -> HYD
2026-10-02T13:25:06.505711,t+30,30,2026-11-01,DEL,HYD,IndiGo,8:30 AM,10:45 AM,135,0,9858.0,GoogleFlights-Aggregator,2 hr 15 min,DEL -> HYD
2026-10-02T13:25:06.505711,t+30,30,2026-11-01,DEL,HYD,IndiGo,9:00 PM,11:15 PM,135,0,9858.0,GoogleFlights-Aggregator,2 hr 15 min,DEL -> HYD
2026-10-02T13:25:06.505711,t+30,30,2026-11-01,DEL,HYD,IndiGo,10:30 PM,12:45 AM+1,135,0,9858.0,GoogleFlights-Aggregator,2 hr 15 min,DEL -> HYD
2026-10-02T13:25:06.505711,t+30,30,2026-11-01,DEL,HYD,Akasa Air,2:20 PM,4:45 PM,145,0,9866.0,GoogleFlights-Aggregator,2 hr 25 min,DEL -> HYD
2026-10-02T13:25:06.505711,t+30,30,2026-11-01,DEL,HYD,Air India,7:00 AM,9:15 AM,135,0,9966.0,GoogleFlights-Aggregator,2 hr 15 min,DEL -> HYD
2026-10-02T13:25:06.505711,t+30,30,2026-11-01,DEL,HYD,Air India,10:00 PM,12:15 AM+1,135,0,9966.0,GoogleFlights-Aggregator,2 hr 15 min,DEL -> HYD
2026-10-02T13:25:06.505711,t+30,30,2026-11-01,DEL,HYD,Air India,11:00 PM,1:15 AM+1,135,0,9966.0,GoogleFlights-Aggregator,2 hr 15 min,DEL -> HYD
2026-10-02T13:25:06.505711,t+30,30,2026-11-01,DEL,HYD,Akasa Air,8:35 PM,10:55 PM,140,0,10040.0,GoogleFlights-Aggregator,2 hr 20 min,DEL -> HYD
2026-10-02T13:25:06.505711,t+30,30,2026-11-01,DEL,HYD,Air India,12:30 PM,2:45 PM,135,0,10223.0,GoogleFlights-Aggregator,2 hr 15 min,DEL -> HYD
2026-10-02T13:25:06.505711,t+30,30,2026-11-01,DEL,HYD,IndiGo,2:25 AM,4:40 AM,135,0,10397.0,GoogleFlights-Aggregator,2 hr 15 min,DEL -> HYD
2026-10-02T13:25:06.505711,t+30,30,2026-11-01,DEL,HYD,IndiGo,5:15 AM,7:30 AM,135,0,10397.0,GoogleFlights-Aggregator,2 hr 15 min,DEL -> HYD
2026-10-02T13:25:06.505711,t+30,30,2026-11-01,DEL,HYD,IndiGo,10:00 AM,12:15 PM,135,0,10397.0,GoogleFlights-Aggregator,2 hr 15 min,DEL -> HYD
2026-10-02T13:25:06.505711,t+30,30,2026-11-01,DEL,HYD,IndiGo,2:50 PM,5:05 PM,135,0,10397.0,GoogleFlights-Aggregator,2 hr 15 min,DEL -> HYD
2026-10-02T13:25:06.505711,t+30,30,2026-11-01,DEL,HYD,IndiGo,4:15 PM,6:30 PM,135,0,10397.0,GoogleFlights-Aggregator,2 hr 15 min,DEL -> HYD
2026-10-02T13:25:06.505711,t+30,30,2026-11-01,DEL,HYD,IndiGo,6:15 PM,8:30 PM,135,0,10397.0,GoogleFlights-Aggregator,2 hr 15 min,DEL -> HYD
2026-10-02T13:25:06.505711,t+30,30,2026-11-01,DEL,HYD,IndiGo,7:45 PM,10:00 PM,135,0,10397.0,GoogleFlights-Aggregator,2 hr 15 min,DEL -> HYD
2026-10-02T13:25:06.505711,t+30,30,2026-11-01,DEL,HYD,Air India,7:30 PM,9:45 PM,135,0,10502.0,GoogleFlights-Aggregator,2 hr 15 min,DEL -> HYD
2026-10-02T13:25:06.505711,t+30,30,2026-11-01,DEL,HYD,Air India,2:30 PM,4:45 PM,135,0,10565.0,GoogleFlights-Aggregator,2 hr 15 min,DEL -> HYD
2026-10-02T13:25:06.505711,t+30,30,2026-11-01,DEL,HYD,Air India,11:00 AM,1:15 PM,135,0,10775.0,GoogleFlights-Aggregator,2 hr 15 min,DEL -> HYD
2026-10-02T13:25:06.505711,t+30,30,2026-11-01,DEL,HYD,Air India,3:30 PM,5:45 PM,135,0,10775.0,GoogleFlights-Aggregator,2 hr 15 min,DEL -> HYD
2026-10-02T13:25:06.505711,t+30,30,2026-11-01,DEL,HYD,Air India,6:00 PM,8:15 PM,135,0,10775.0,GoogleFlights-Aggregator,2 hr 15 min,DEL -> HYD
2026-10-02T13:25:06.505711,t+30,30,2026-11-01,DEL,HYD,Air India,9:40 AM,11:55 AM,135,0,10958.0,GoogleFlights-Aggregator,2 hr 15 min,DEL -> HYD
2026-10-02T13:25:06.505711,t+30,30,2026-11-01,DEL,HYD,IndiGo,11:45 AM,2:00 PM,135,0,11576.0,GoogleFlights-Aggregator,2 hr 15 min,DEL -> HYD
2026-10-03T09:21:10.172042,t+1,1,2026-10-04,DEL,HYD,IndiGo,2:25 AM,4:40 AM,135,0,9350.0,GoogleFlights-Aggregator,2 hr 15 min,DEL -> HYD
2026-10-03T09:21:10.172042,t+1,1,2026-10-04,DEL,HYD,Air India,2:00 AM,4:20 AM,140,0,9777.0,GoogleFlights-Aggregator,2 hr 20 min,DEL -> HYD
2026-10-03T09:21:10.172042,t+1,1,2026-10-04,DEL,HYD,IndiGo,5:30 AM,7:50 AM,140,0,10966.0,GoogleFlights-Aggregator,2 hr 20 min,DEL -> HYD
2026-10-03T09:21:10.172042,t+1,1,2026-10-04,DEL,HYD,Akasa Air,2:10 PM,4:30 PM,140,0,11780.0,GoogleFlights-Aggregator,2 hr 20 min,DEL -> HYD
2026-10-03T09:21:10.172042,t+1,1,2026-10-04,DEL,HYD,Air India,10:00 PM,12:20 AM+1,140,0,12281.0,GoogleFlights-Aggregator,2 hr 20 min,DEL -> HYD
2026-10-03T09:21:10.172042,t+1,1,2026-10-04,DEL,HYD,Air India,11:00 PM,1:20 AM+1,140,0,12281.0,GoogleFlights-Aggregator,2 hr 20 min,DEL -> HYD
2026-10-03T09:21:10.172042,t+1,1,2026-10-04,DEL,HYD,IndiGo,11:15 PM,1:30 AM+1,135,0,12907.0,GoogleFlights-Aggregator,2 hr 15 min,DEL -> HYD
2026-10-03T09:21:10.172042,t+1,1,2026-10-04,DEL,HYD,IndiGo,9:00 PM,11:15 PM,135,0,13638.0,GoogleFlights-Aggregator,2 hr 15 min,DEL -> HYD
2026-10-03T09:21:10.172042,t+1,1,2026-10-04,DEL,HYD,Akasa Air,8:40 PM,11:10 PM,150,0,14265.0,GoogleFlights-Aggregator,2 hr 30 min,DEL -> HYD
2026-10-03T09:21:10.172042,t+1,1,2026-10-04,DEL,HYD,Air India,12:30 PM,2:45 PM,135,0,14586.0,GoogleFlights-Aggregator,2 hr 15 min,DEL -> HYD
2026-10-03T09:21:10.172042,t+1,1,2026-10-04,DEL,HYD,Air India,6:00 PM,8:20 PM,140,0,14586.0,GoogleFlights-Aggregator,2 hr 20 min,DEL -> HYD
2026-10-03T09:21:10.172042,t+1,1,2026-10-04,DEL,HYD,IndiGo,7:10 AM,9:20 AM,130,0,15241.0,GoogleFlights-Aggregator,2 hr 10 min,DEL -> HYD
2026-10-03T09:21:10.172042,t+1,1,2026-10-04,DEL,HYD,IndiGo,7:45 PM,10:05 PM,140,0,15241.0,GoogleFlights-Aggregator,2 hr 20 min,DEL -> HYD
2026-10-03T09:21:10.172042,t+1,1,2026-10-04,DEL,HYD,IndiGo,8:30 AM,10:45 AM,135,0,16117.0,GoogleFlights-Aggregator,2 hr 15 min,DEL -> HYD
2026-10-03T09:21:10.172042,t+1,1,2026-10-04,DEL,HYD,IndiGo,4:15 PM,6:30 PM,135,0,17051.0,GoogleFlights-Aggregator,2 hr 15 min,DEL -> HYD
2026-10-03T09:21:10.172042,t+1,1,2026-10-04,DEL,HYD,IndiGo,5:55 PM,8:15 PM,140,0,17051.0,GoogleFlights-Aggregator,2 hr 20 min,DEL -> HYD
2026-10-03T09:21:10.172042,t+1,1,2026-10-04,DEL,HYD,Air India,3:30 PM,5:55 PM,145,0,17111.0,GoogleFlights-Aggregator,2 hr 25 min,DEL -> HYD
2026-10-03T09:21:10.172042,t+1,1,2026-10-04,DEL,HYD,Air India,8:30 PM,10:50 PM,140,0,17111.0,GoogleFlights-Aggregator,2 hr 20 min,DEL -> HYD
2026-10-03T09:21:10.172042,t+1,1,2026-10-04,DEL,HYD,Air India,2:30 PM,4:40 PM,130,0,17264.0,GoogleFlights-Aggregator,2 hr 10 min,DEL -> HYD
2026-10-03T09:21:10.172042,t+1,1,2026-10-04,DEL,HYD,IndiGo,2:45 PM,5:05 PM,140,0,18042.0,GoogleFlights-Aggregator,2 hr 20 min,DEL -> HYD
2026-10-03T09:21:10.172042,t+1,1,2026-10-04,DEL,HYD,IndiGo,9:55 AM,12:20 PM,145,0,19097.0,GoogleFlights-Aggregator,2 hr 25 min,DEL -> HYD
2026-10-03T09:21:10.172042,t+1,1,2026-10-04,DEL,HYD,IndiGo,1:30 PM,3:45 PM,135,0,19097.0,GoogleFlights-Aggregator,2 hr 15 min,DEL -> HYD
2026-10-03T09:21:10.172042,t+1,1,2026-10-04,DEL,HYD,IndiGo,11:45 AM,2:00 PM,135,0,22676.0,GoogleFlights-Aggregator,2 hr 15 min,DEL -> HYD
2026-10-03T09:21:10.172042,t+1,1,2026-10-04,DEL,HYD,Air India,10:30 AM,12:50 PM,140,0,23070.0,GoogleFlights-Aggregator,2 hr 20 min,DEL -> HYD
2026-10-03T09:21:10.172042,t+1,1,2026-10-04,DEL,HYD,Air India,9:40 AM,12:00 PM,140,0,23490.0,GoogleFlights-Aggregator,2 hr 20 min,DEL -> HYD
2026-10-03T09:21:19.599562,t+7,7,2026-10-10,DEL,HYD,Air India,2:00 AM,4:20 AM,140,0,8711.0,GoogleFlights-Aggregator,2 hr 20 min,DEL -> HYD
2026-10-03T09:21:19.599562,t+7,7,2026-10-10,DEL,HYD,Air India,11:00 PM,1:20 AM+1,140,0,8711.0,GoogleFlights-Aggregator,2 hr 20 min,DEL -> HYD
2026-10-03T09:21:19.599562,t+7,7,2026-10-10,DEL,HYD,IndiGo,4:15 PM,6:30 PM,135,0,8874.0,GoogleFlights-Aggregator,2 hr 15 min,DEL -> HYD
2026-10-03T09:21:19.599562,t+7,7,2026-10-10,DEL,HYD,IndiGo,2:25 AM,4:40 AM,135,0,8874.0,GoogleFlights-Aggregator,2 hr 15 min,DEL -> HYD
2026-10-03T09:21:19.599562,t+7,7,2026-10-10,DEL,HYD,IndiGo,5:30 AM,7:50 AM,140,0,8874.0,GoogleFlights-Aggregator,2 hr 20 min,DEL -> HYD
2026-10-03T09:21:19.599562,t+7,7,2026-10-10,DEL,HYD,IndiGo,7:10 AM,9:20 AM,130,0,8874.0,GoogleFlights-Aggregator,2 hr 10 min,DEL -> HYD
2026-10-03T09:21:19.599562,t+7,7,2026-10-10,DEL,HYD,IndiGo,8:30 AM,10:45 AM,135,0,8874.0,GoogleFlights-Aggregator,2 hr 15 min,DEL -> HYD
2026-10-03T09:21:19.599562,t+7,7,2026-10-10,DEL,HYD,IndiGo,9:55 AM,12:20 PM,145,0,8874.0,GoogleFlights-Aggregator,2 hr 25 min,DEL -> HYD
2026-10-03T09:21:19.599562,t+7,7,2026-10-10,DEL,HYD,IndiGo,11:45 AM,2:00 PM,135,0,8874.0,GoogleFlights-Aggregator,2 hr 15 min,DEL -> HYD
2026-10-03T09:21:19.599562,t+7,7,2026-10-10,DEL,HYD,IndiGo,2:45 PM,5:05 PM,140,0,8874.0,GoogleFlights-Aggregator,2 hr 20 min,DEL -> HYD
2026-10-03T09:21:19.599562,t+7,7,2026-10-10,DEL,HYD,IndiGo,5:55 PM,8:15 PM,140,0,8874.0,GoogleFlights-Aggregator,2 hr 20 min,DEL -> HYD
2026-10-03T09:21:19.599562,t+7,7,2026-10-10,DEL,HYD,IndiGo,7:45 PM,10:05 PM,140,0,8874.0,GoogleFlights-Aggregator,2 hr 20 min,DEL -> HYD
2026-10-03T09:21:19.599562,t+7,7,2026-10-10,DEL,HYD,IndiGo,9:00 PM,11:15 PM,135,0,8874.0,GoogleFlights-Aggregator,2 hr 15 min,DEL -> HYD
2026-10-03T09:21:19.599562,t+7,7,2026-10-10,DEL,HYD,IndiGo,11:15 PM,1:30 AM+1,135,0,8874.0,GoogleFlights-Aggregator,2 hr 15 min,DEL -> HYD
2026-10-03T09:21:19.599562,t+7,7,2026-10-10,DEL,HYD,Air India,12:30 PM,2:45 PM,135,0,8932.0,GoogleFlights-Aggregator,2 hr 15 min,DEL -> HYD
2026-10-03T09:21:19.599562,t+7,7,2026-10-10,DEL,HYD,Air India,9:40 AM,12:00 PM,140,0,8932.0,GoogleFlights-Aggregator,2 hr 20 min,DEL -> HYD
2026-10-03T09:21:19.599562,t+7,7,2026-10-10,DEL,HYD,Air India,10:30 AM,12:50 PM,140,0,8932.0,GoogleFlights-Aggregator,2 hr 20 min,DEL -> HYD
2026-10-03T09:21:19.599562,t+7,7,2026-10-10,DEL,HYD,Air India,6:00 PM,8:20 PM,140,0,8932.0,GoogleFlights-Aggregator,2 hr 20 min,DEL -> HYD
2026-10-03T09:21:19.599562,t+7,7,2026-10-10,DEL,HYD,Air India,3:30 PM,5:55 PM,145,0,9158.0,GoogleFlights-Aggregator,2 hr 25 min,DEL -> HYD
2026-10-03T09:21:19.599562,t+7,7,2026-10-10,DEL,HYD,Akasa Air,2:10 PM,4:30 PM,140,0,9200.0,GoogleFlights-Aggregator,2 hr 20 min,DEL -> HYD
2026-10-03T09:21:19.599562,t+7,7,2026-10-10,DEL,HYD,Akasa Air,8:40 PM,11:10 PM,150,0,9200.0,GoogleFlights-Aggregator,2 hr 30 min,DEL -> HYD
2026-10-03T09:21:19.599562,t+7,7,2026-10-10,DEL,HYD,Air India,2:30 PM,4:40 PM,130,0,9231.0,GoogleFlights-Aggregator,2 hr 10 min,DEL -> HYD
2026-10-03T09:21:19.599562,t+7,7,2026-10-10,DEL,HYD,IndiGo,1:30 PM,3:45 PM,135,0,9350.0,GoogleFlights-Aggregator,2 hr 15 min,DEL -> HYD
2026-10-03T09:21:19.599562,t+7,7,2026-10-10,DEL,HYD,Air India,8:30 PM,10:50 PM,140,0,11027.0,GoogleFlights-Aggregator,2 hr 20 min,DEL -> HYD
2026-10-03T09:21:29.021081,t+15,15,2026-10-18,DEL,HYD,IndiGo,7:10 AM,9:20 AM,130,0,9352.0,GoogleFlights-Aggregator,2 hr 10 min,DEL -> HYD
2026-10-03T09:21:29.021081,t+15,15,2026-10-18,DEL,HYD,IndiGo,5:30 AM,7:50 AM,140,0,9352.0,GoogleFlights-Aggregator,2 hr 20 min,DEL -> HYD
2026-10-03T09:21:29.021081,t+15,15,2026-10-18,DEL,HYD,IndiGo,2:25 AM,4:40 AM,135,0,10397.0,GoogleFlights-Aggregator,2 hr 15 min,DEL -> HYD
2026-10-03T09:21:29.021081,t+15,15,2026-10-18,DEL,HYD,IndiGo,9:55 AM,12:20 PM,145,0,10397.0,GoogleFlights-Aggregator,2 hr 25 min,DEL -> HYD
2026-10-03T09:21:29.021081,t+15,15,2026-10-18,DEL,HYD,IndiGo,11:45 AM,2:00 PM,135,0,10397.0,GoogleFlights-Aggregator,2 hr 15 min,DEL -> HYD
2026-10-03T09:21:29.021081,t+15,15,2026-10-18,DEL,HYD,Air India,2:00 AM,4:20 AM,140,0,10449.0,GoogleFlights-Aggregator,2 hr 20 min,DEL -> HYD
2026-10-03T09:21:29.021081,t+15,15,2026-10-18,DEL,HYD,Air India,7:00 AM,9:20 AM,140,0,10449.0,GoogleFlights-Aggregator,2 hr 20 min,DEL -> HYD
2026-10-03T09:21:29.021081,t+15,15,2026-10-18,DEL,HYD,Air India,11:00 PM,1:20 AM+1,140,0,10449.0,GoogleFlights-Aggregator,2 hr 20 min,DEL -> HYD
2026-10-03T09:21:29.021081,t+15,15,2026-10-18,DEL,HYD,Air India,10:30 AM,12:50 PM,140,0,10722.0,GoogleFlights-Aggregator,2 hr 20 min,DEL -> HYD
2026-10-03T09:21:29.021081,t+15,15,2026-10-18,DEL,HYD,Akasa Air,2:10 PM,4:30 PM,140,0,10776.0,GoogleFlights-Aggregator,2 hr 20 min,DEL -> HYD
2026-10-03T09:21:29.021081,t+15,15,2026-10-18,DEL,HYD,Air India,9:40 AM,12:00 PM,140,0,10901.0,GoogleFlights-Aggregator,2 hr 20 min,DEL -> HYD
2026-10-03T09:21:29.021081,t+15,15,2026-10-18,DEL,HYD,IndiGo,8:30 AM,10:45 AM,135,0,10968.0,GoogleFlights-Aggregator,2 hr 15 min,DEL -> HYD
2026-10-03T09:21:29.021081,t+15,15,2026-10-18,DEL,HYD,IndiGo,1:30 PM,3:45 PM,135,0,10968.0,GoogleFlights-Aggregator,2 hr 15 min,DEL -> HYD
2026-10-03T09:21:29.021081,t+15,15,2026-10-18,DEL,HYD,IndiGo,2:45 PM,5:05 PM,140,0,10968.0,GoogleFlights-Aggregator,2 hr 20 min,DEL -> HYD
2026-10-03T09:21:29.021081,t+15,15,2026-10-18,DEL,HYD,Akasa Air,8:40 PM,11:10 PM,150,0,10968.0,GoogleFlights-Aggregator,2 hr 30 min,DEL -> HYD
2026-10-03T09:21:29.021081,t+15,15,2026-10-18,DEL,HYD,Air India,2:30 PM,4:40 PM,130,0,11084.0,GoogleFlights-Aggregator,2 hr 10 min,DEL -> HYD
2026-10-03T09:21:29.021081,t+15,15,2026-10-18,DEL,HYD,Air India,12:30 PM,2:45 PM,135,0,11315.0,GoogleFlights-Aggregator,2 hr 15 min,DEL -> HYD
2026-10-03T09:21:29.021081,t+15,15,2026-10-18,DEL,HYD,Air India,3:30 PM,5:55 PM,145,0,11315.0,GoogleFlights-Aggregator,2 hr 25 min,DEL -> HYD
2026-10-03T09:21:29.021081,t+15,15,2026-10-18,DEL,HYD,IndiGo,11:15 PM,1:30 AM+1,135,0,11576.0,GoogleFlights-Aggregator,2 hr 15 min,DEL -> HYD
2026-10-03T09:21:29.021081,t+15,15,2026-10-18,DEL,HYD,Air India,10:00 PM,12:20 AM+1,140,0,11630.0,GoogleFlights-Aggregator,2 hr 20 min,DEL -> HYD
2026-10-03T09:21:29.021081,t+15,15,2026-10-18,DEL,HYD,IndiGo,4:15 PM,6:30 PM,135,0,12223.0,GoogleFlights-Aggregator,2 hr 15 min,DEL -> HYD
2026-10-03T09:21:29.021081,t+15,15,2026-10-18,DEL,HYD,IndiGo,5:55 PM,8:15 PM,140,0,12910.0,GoogleFlights-Aggregator,2 hr 20 min,DEL -> HYD
2026-10-03T09:21:29.021081,t+15,15,2026-10-18,DEL,HYD,IndiGo,7:45 PM,10:05 PM,140,0,12910.0,GoogleFlights-Aggregator,2 hr 20 min,DEL -> HYD
2026-10-03T09:21:29.021081,t+15,15,2026-10-18,DEL,HYD,Air India,6:00 PM,8:20 PM,140,0,13310.0,GoogleFlights-Aggregator,2 hr 20 min,DEL -> HYD
2026-10-03T09:21:29.021081,t+15,15,2026-10-18,DEL,HYD,IndiGo,9:00 PM,11:15 PM,135,0,13640.0,GoogleFlights-Aggregator,2 hr 15 min,DEL -> HYD
2026-10-03T09:21:38.350939,t+30,30,2026-11-02,DEL,HYD,IndiGo,1:30 PM,3:45 PM,135,0,9858.0,GoogleFlights-Aggregator,2 hr 15 min,DEL -> HYD
2026-10-03T09:21:38.350939,t+30,30,2026-11-02,DEL,HYD,IndiGo,2:50 PM,5:05 PM,135,0,9858.0,GoogleFlights-Aggregator,2 hr 15 min,DEL -> HYD
2026-10-03T09:21:38.350939,t+30,30,2026-11-02,DEL,HYD,IndiGo,4:15 PM,6:30 PM,135,0,9858.0,GoogleFlights-Aggregator,2 hr 15 min,DEL -> HYD
2026-10-03T09:21:38.350939,t+30,30,2026-11-02,DEL,HYD,IndiGo,7:45 PM,10:00 PM,135,0,9858.0,GoogleFlights-Aggregator,2 hr 15 min,DEL -> HYD
2026-10-03T09:21:38.350939,t+30,30,2026-11-02,DEL,HYD,IndiGo,9:00 PM,11:15 PM,135,0,9858.0,GoogleFlights-Aggregator,2 hr 15 min,DEL -> HYD
2026-10-03T09:21:38.350939,t+30,30,2026-11-02,DEL,HYD,IndiGo,10:30 PM,12:45 AM+1,135,0,9858.0,GoogleFlights-Aggregator,2 hr 15 min,DEL -> HYD
2026-10-03T09:21:38.350939,t+30,30,2026-11-02,DEL,HYD,Air India,3:30 PM,5:45 PM,135,0,9966.0,GoogleFlights-Aggregator,2 hr 15 min,DEL -> HYD
2026-10-03T09:21:38.350939,t+30,30,2026-11-02,DEL,HYD,Air India,12:30 PM,2:45 PM,135,0,9966.0,GoogleFlights-Aggregator,2 hr 15 min,DEL -> HYD
2026-10-03T09:21:38.350939,t+30,30,2026-11-02,DEL,HYD,Air India,7:30 PM,9:45 PM,135,0,9966.0,GoogleFlights-Aggregator,2 hr 15 min,DEL -> HYD
2026-10-03T09:21:38.350939,t+30,30,2026-11-02,DEL,HYD,Air India,10:00 PM,12:15 AM+1,135,0,9966.0,GoogleFlights-Aggregator,2 hr 15 min,DEL -> HYD
2026-10-03T09:21:38.350939,t+30,30,2026-11-02,DEL,HYD,Air India,11:00 PM,1:15 AM+1,135,0,9966.0,GoogleFlights-Aggregator,2 hr 15 min,DEL -> HYD
2026-10-03T09:21:38.350939,t+30,30,2026-11-02,DEL,HYD,Akasa Air,2:20 PM,4:45 PM,145,0,10040.0,GoogleFlights-Aggregator,2 hr 25 min,DEL -> HYD
2026-10-03T09:21:38.350939,t+30,30,2026-11-02,DEL,HYD,Akasa Air,8:35 PM,10:55 PM,140,0,10040.0,GoogleFlights-Aggregator,2 hr 20 min,DEL -> HYD
2026-10-03T09:21:38.350939,t+30,30,2026-11-02,DEL,HYD,Air India,2:30 PM,4:45 PM,135,0,10307.0,GoogleFlights-Aggregator,2 hr 15 min,DEL -> HYD
2026-10-03T09:21:38.350939,t+30,30,2026-11-02,DEL,HYD,IndiGo,2:25 AM,4:40 AM,135,0,10397.0,GoogleFlights-Aggregator,2 hr 15 min,DEL -> HYD
2026-10-03T09:21:38.350939,t+30,30,2026-11-02,DEL,HYD,IndiGo,5:15 AM,7:30 AM,135,0,10397.0,GoogleFlights-Aggregator,2 hr 15 min,DEL -> HYD
2026-10-03T09:21:38.350939,t+30,30,2026-11-02,DEL,HYD,IndiGo,6:30 AM,8:45 AM,135,0,10397.0,GoogleFlights-Aggregator,2 hr 15 min,DEL -> HYD
2026-10-03T09:21:38.350939,t+30,30,2026-11-02,DEL,HYD,IndiGo,10:00 AM,12:15 PM,135,0,10397.0,GoogleFlights-Aggregator,2 hr 15 min,DEL -> HYD
2026-10-03T09:21:38.350939,t+30,30,2026-11-02,DEL,HYD,IndiGo,11:45 AM,2:00 PM,135,0,10397.0,GoogleFlights-Aggregator,2 hr 15 min,DEL -> HYD
2026-10-03T09:21:38.350939,t+30,30,2026-11-02,DEL,HYD,IndiGo,6:15 PM,8:30 PM,135,0,10397.0,GoogleFlights-Aggregator,2 hr 15 min,DEL -> HYD
2026-10-03T09:21:38.350939,t+30,30,2026-11-02,DEL,HYD,Air India,9:40 AM,11:55 AM,135,0,10502.0,GoogleFlights-Aggregator,2 hr 15 min,DEL -> HYD
2026-10-03T09:21:38.350939,t+30,30,2026-11-02,DEL,HYD,Air India,6:00 PM,8:15 PM,135,0,10502.0,GoogleFlights-Aggregator,2 hr 15 min,DEL -> HYD
2026-10-03T09:21:38.350939,t+30,30,2026-11-02,DEL,HYD,Air India,11:00 AM,1:15 PM,135,0,10775.0,GoogleFlights-Aggregator,2 hr 15 min,DEL -> HYD
2026-10-03T09:21:38.350939,t+30,30,2026-11-02,DEL,HYD,Air India,7:00 AM,9:15 AM,135,0,11562.0,GoogleFlights-Aggregator,2 hr 15 min,DEL -> HYD
2026-10-03T09:21:38.350939,t+30,30,2026-11-02,DEL,HYD,IndiGo,8:30 AM,10:45 AM,135,0,11576.0,GoogleFlights-Aggregator,2 hr 15 min,DEL -> HYD
2026-10-04T09:59:43.771007,t+1,1,2026-10-05,DEL,HYD,Air India,2:30 PM,4:40 PM,130,0,9725.0,GoogleFlights-Aggregator,2 hr 10 min,DEL -> HYD
2026-10-04T09:59:43.771007,t+1,1,2026-10-05,DEL,HYD,Air India,11:00 PM,1:20 AM+1,140,0,9882.0,GoogleFlights-Aggregator,2 hr 20 min,DEL -> HYD
2026-10-04T09:59:43.771007,t+1,1,2026-10-05,DEL,HYD,IndiGo,11:15 PM,1:30 AM+1,135,0,10395.0,GoogleFlights-Aggregator,2 hr 15 min,DEL -> HYD
2026-10-04T09:59:43.771007,t+1,1,2026-10-05,DEL,HYD,Air India,10:00 PM,12:20 AM+1,140,0,10407.0,GoogleFlights-Aggregator,2 hr 20 min,DEL -> HYD
2026-10-04T09:59:43.771007,t+1,1,2026-10-05,DEL,HYD,Akasa Air,8:40 PM,11:10 PM,150,0,10586.0,GoogleFlights-Aggregator,2 hr 30 min,DEL -> HYD
2026-10-04T09:59:43.771007,t+1,1,2026-10-05,DEL,HYD,IndiGo,4:15 PM,6:30 PM,135,0,10966.0,GoogleFlights-Aggregator,2 hr 15 min,DEL -> HYD
2026-10-04T09:59:43.771007,t+1,1,2026-10-05,DEL,HYD,IndiGo,9:00 PM,11:15 PM,135,0,10966.0,GoogleFlights-Aggregator,2 hr 15 min,DEL -> HYD
2026-10-04T09:59:43.771007,t+1,1,2026-10-05,DEL,HYD,Air India,12:30 PM,2:45 PM,135,0,11027.0,GoogleFlights-Aggregator,2 hr 15 min,DEL -> HYD
2026-10-04T09:59:43.771007,t+1,1,2026-10-05,DEL,HYD,Air India,3:30 PM,5:55 PM,145,0,11027.0,GoogleFlights-Aggregator,2 hr 25 min,DEL -> HYD
2026-10-04T09:59:43.771007,t+1,1,2026-10-05,DEL,HYD,IndiGo,2:45 PM,5:05 PM,140,0,11574.0,GoogleFlights-Aggregator,2 hr 20 min,DEL -> HYD
2026-10-04T09:59:43.771007,t+1,1,2026-10-05,DEL,HYD,IndiGo,5:55 PM,8:15 PM,140,0,11574.0,GoogleFlights-Aggregator,2 hr 20 min,DEL -> HYD
2026-10-04T09:59:43.771007,t+1,1,2026-10-05,DEL,HYD,Air India,6:00 PM,8:20 PM,140,0,11630.0,GoogleFlights-Aggregator,2 hr 20 min,DEL -> HYD
2026-10-04T09:59:43.771007,t+1,1,2026-10-05,DEL,HYD,IndiGo,7:45 PM,10:05 PM,140,0,12221.0,GoogleFlights-Aggregator,2 hr 20 min,DEL -> HYD
2026-10-04T09:59:43.771007,t+1,1,2026-10-05,DEL,HYD,Akasa Air,2:10 PM,4:30 PM,140,0,12656.0,GoogleFlights-Aggregator,2 hr 20 min,DEL -> HYD
2026-10-04T09:59:43.771007,t+1,1,2026-10-05,DEL,HYD,Air India,8:30 PM,10:50 PM,140,0,12964.0,GoogleFlights-Aggregator,2 hr 20 min,DEL -> HYD
2026-10-04T09:59:43.771007,t+1,1,2026-10-05,DEL,HYD,IndiGo,1:30 PM,3:45 PM,135,0,14415.0,GoogleFlights-Aggregator,2 hr 15 min,DEL -> HYD
2026-10-04T09:59:43.771007,t+1,1,2026-10-05,DEL,HYD,IndiGo,2:25 AM,4:40 AM,135,0,16117.0,GoogleFlights-Aggregator,2 hr 15 min,DEL -> HYD
2026-10-04T09:59:43.771007,t+1,1,2026-10-05,DEL,HYD,IndiGo,5:30 AM,7:50 AM,140,0,16117.0,GoogleFlights-Aggregator,2 hr 20 min,DEL -> HYD
2026-10-04T09:59:43.771007,t+1,1,2026-10-05,DEL,HYD,IndiGo,11:45 AM,2:00 PM,135,0,16117.0,GoogleFlights-Aggregator,2 hr 15 min,DEL -> HYD
2026-10-04T09:59:43.771007,t+1,1,2026-10-05,DEL,HYD,Air India,2:00 AM,4:20 AM,140,0,16655.0,GoogleFlights-Aggregator,2 hr 20 min,DEL -> HYD
2026-10-04T09:59:43.771007,t+1,1,2026-10-05,DEL,HYD,IndiGo,9:55 AM,12:20 PM,145,0,19097.0,GoogleFlights-Aggregator,2 hr 25 min,DEL -> HYD
2026-10-04T09:59:43.771007,t+1,1,2026-10-05,DEL,HYD,Air India,9:40 AM,12:00 PM,140,0,22440.0,GoogleFlights-Aggregator,2 hr 20 min,DEL -> HYD
2026-10-04T09:59:43.771007,t+1,1,2026-10-05,DEL,HYD,IndiGo,7:10 AM,9:20 AM,130,0,22676.0,GoogleFlights-Aggregator,2 hr 10 min,DEL -> HYD
2026-10-04T09:59:43.771007,t+1,1,2026-10-05,DEL,HYD,IndiGo,8:30 AM,10:45 AM,135,0,22676.0,GoogleFlights-Aggregator,2 hr 15 min,DEL -> HYD
2026-10-04T09:59:43.771007,t+1,1,2026-10-05,DEL,HYD,Air India,7:00 AM,9:20 AM,140,0,23490.0,GoogleFlights-Aggregator,2 hr 20 min,DEL -> HYD
2026-10-04T09:59:53.525491,t+7,7,2026-10-11,DEL,HYD,IndiGo,9:00 PM,11:15 PM,135,0,8874.0,GoogleFlights-Aggregator,2 hr 15 min,DEL -> HYD
2026-10-04T09:59:53.525491,t+7,7,2026-10-11,DEL,HYD,IndiGo,2:25 AM,4:40 AM,135,0,8874.0,GoogleFlights-Aggregator,2 hr 15 min,DEL -> HYD
2026-10-04T09:59:53.525491,t+7,7,2026-10-11,DEL,HYD,IndiGo,5:30 AM,7:50 AM,140,0,8874.0,GoogleFlights-Aggregator,2 hr 20 min,DEL -> HYD
2026-10-04T09:59:53.525491,t+7,7,2026-10-11,DEL,HYD,IndiGo,7:10 AM,9:20 AM,130,0,8874.0,GoogleFlights-Aggregator,2 hr 10 min,DEL -> HYD
2026-10-04T09:59:53.525491,t+7,7,2026-10-11,DEL,HYD,IndiGo,8:30 AM,10:45 AM,135,0,8874.0,GoogleFlights-Aggregator,2 hr 15 min,DEL -> HYD
2026-10-04T09:59:53.525491,t+7,7,2026-10-11,DEL,HYD,IndiGo,11:15 PM,1:30 AM+1,135,0,8874.0,GoogleFlights-Aggregator,2 hr 15 min,DEL -> HYD
2026-10-04T09:59:53.525491,t+7,7,2026-10-11,DEL,HYD,Air India,2:00 AM,4:20 AM,140,0,8932.0,GoogleFlights-Aggregator,2 hr 20 min,DEL -> HYD
2026-10-04T09:59:53.525491,t+7,7,2026-10-11,DEL,HYD,Air India,7:00 AM,9:20 AM,140,0,8932.0,GoogleFlights-Aggregator,2 hr 20 min,DEL -> HYD
2026-10-04T09:59:53.525491,t+7,7,2026-10-11,DEL,HYD,Air India,10:00 PM,12:20 AM+1,140,0,8932.0,GoogleFlights-Aggregator,2 hr 20 min,DEL -> HYD
2026-10-04T09:59:53.525491,t+7,7,2026-10-11,DEL,HYD,Air India,8:30 PM,10:50 PM,140,0,9158.0,GoogleFlights-Aggregator,2 hr 20 min,DEL -> HYD
2026-10-04T09:59:53.525491,t+7,7,2026-10-11,DEL,HYD,Akasa Air,8:40 PM,11:10 PM,150,0,9200.0,GoogleFlights-Aggregator,2 hr 30 min,DEL -> HYD
2026-10-04T09:59:53.525491,t+7,7,2026-10-11,DEL,HYD,IndiGo,9:55 AM,12:20 PM,145,0,9350.0,GoogleFlights-Aggregator,2 hr 25 min,DEL -> HYD
2026-10-04T09:59:53.525491,t+7,7,2026-10-11,DEL,HYD,Air India,10:30 AM,12:50 PM,140,0,9646.0,GoogleFlights-Aggregator,2 hr 20 min,DEL -> HYD
2026-10-04T09:59:53.525491,t+7,7,2026-10-11,DEL,HYD,Air India,9:40 AM,12:00 PM,140,0,9803.0,GoogleFlights-Aggregator,2 hr 20 min,DEL -> HYD
2026-10-04T09:59:53.525491,t+7,7,2026-10-11,DEL,HYD,Akasa Air,2:10 PM,4:30 PM,140,0,10218.0,GoogleFlights-Aggregator,2 hr 20 min,DEL -> HYD
2026-10-04T09:59:53.525491,t+7,7,2026-10-11,DEL,HYD,IndiGo,11:45 AM,2:00 PM,135,0,10395.0,GoogleFlights-Aggregator,2 hr 15 min,DEL -> HYD
2026-10-04T09:59:53.525491,t+7,7,2026-10-11,DEL,HYD,IndiGo,1:30 PM,3:45 PM,135,0,10395.0,GoogleFlights-Aggregator,2 hr 15 min,DEL -> HYD
2026-10-04T09:59:53.525491,t+7,7,2026-10-11,DEL,HYD,IndiGo,2:45 PM,5:05 PM,140,0,10395.0,GoogleFlights-Aggregator,2 hr 20 min,DEL -> HYD
2026-10-04T09:59:53.525491,t+7,7,2026-10-11,DEL,HYD,IndiGo,4:15 PM,6:30 PM,135,0,10395.0,GoogleFlights-Aggregator,2 hr 15 min,DEL -> HYD
2026-10-04T09:59:53.525491,t+7,7,2026-10-11,DEL,HYD,IndiGo,5:55 PM,8:15 PM,140,0,10395.0,GoogleFlights-Aggregator,2 hr 20 min,DEL -> HYD
2026-10-04T09:59:53.525491,t+7,7,2026-10-11,DEL,HYD,IndiGo,7:45 PM,10:05 PM,140,0,10395.0,GoogleFlights-Aggregator,2 hr 20 min,DEL -> HYD
2026-10-04T09:59:53.525491,t+7,7,2026-10-11,DEL,HYD,Air India,7:30 PM,9:50 PM,140,0,10628.0,GoogleFlights-Aggregator,2 hr 20 min,DEL -> HYD
2026-10-04T09:59:53.525491,t+7,7,2026-10-11,DEL,HYD,Air India,12:30 PM,2:45 PM,135,0,10722.0,GoogleFlights-Aggregator,2 hr 15 min,DEL -> HYD
2026-10-04T09:59:53.525491,t+7,7,2026-10-11,DEL,HYD,Air India,3:30 PM,5:55 PM,145,0,10722.0,GoogleFlights-Aggregator,2 hr 25 min,DEL -> HYD
2026-10-04T09:59:53.525491,t+7,7,2026-10-11,DEL,HYD,Air India,6:00 PM,8:20 PM,140,0,10722.0,GoogleFlights-Aggregator,2 hr 20 min,DEL -> HYD
2026-10-04T09:59:53.525491,t+7,7,2026-10-11,DEL,HYD,Air India,2:30 PM,4:40 PM,130,0,11084.0,GoogleFlights-Aggregator,2 hr 10 min,DEL -> HYD
2026-10-04T10:00:03.163430,t+15,15,2026-10-19,DEL,HYD,IndiGo,7:10 AM,9:20 AM,130,0,8877.0,GoogleFlights-Aggregator,2 hr 10 min,DEL -> HYD
2026-10-04T10:00:03.163430,t+15,15,2026-10-19,DEL,HYD,IndiGo,5:30 AM,7:50 AM,140,0,8877.0,GoogleFlights-Aggregator,2 hr 20 min,DEL -> HYD
2026-10-04T10:00:03.163430,t+15,15,2026-10-19,DEL,HYD,IndiGo,8:30 AM,10:45 AM,135,0,9352.0,GoogleFlights-Aggregator,2 hr 15 min,DEL -> HYD
2026-10-04T10:00:03.163430,t+15,15,2026-10-19,DEL,HYD,IndiGo,9:55 AM,12:20 PM,145,0,9352.0,GoogleFlights-Aggregator,2 hr 25 min,DEL -> HYD
2026-10-04T10:00:03.163430,t+15,15,2026-10-19,DEL,HYD,Air India,9:40 AM,12:00 PM,140,0,9404.0,GoogleFlights-Aggregator,2 hr 20 min,DEL -> HYD
2026-10-04T10:00:03.163430,t+15,15,2026-10-19,DEL,HYD,Air India,10:30 AM,12:50 PM,140,0,9646.0,GoogleFlights-Aggregator,2 hr 20 min,DEL -> HYD
2026-10-04T10:00:03.163430,t+15,15,2026-10-19,DEL,HYD,IndiGo,1:30 PM,3:45 PM,135,0,9858.0,GoogleFlights-Aggregator,2 hr 15 min,DEL -> HYD
2026-10-04T10:00:03.163430,t+15,15,2026-10-19,DEL,HYD,Air India,11:00 PM,1:20 AM+1,140,0,9914.0,GoogleFlights-Aggregator,2 hr 20 min,DEL -> HYD
2026-10-04T10:00:03.163430,t+15,15,2026-10-19,DEL,HYD,Akasa Air,2:10 PM,4:30 PM,140,0,10218.0,GoogleFlights-Aggregator,2 hr 20 min,DEL -> HYD
2026-10-04T10:00:03.163430,t+15,15,2026-10-19,DEL,HYD,Air India,2:30 PM,4:40 PM,130,0,10255.0,GoogleFlights-Aggregator,2 hr 10 min,DEL -> HYD
2026-10-04T10:00:03.163430,t+15,15,2026-10-19,DEL,HYD,IndiGo,11:45 AM,2:00 PM,135,0,10397.0,GoogleFlights-Aggregator,2 hr 15 min,DEL -> HYD
2026-10-04T10:00:03.163430,t+15,15,2026-10-19,DEL,HYD,IndiGo,5:55 PM,8:15 PM,140,0,10397.0,GoogleFlights-Aggregator,2 hr 20 min,DEL -> HYD
2026-10-04T10:00:03.163430,t+15,15,2026-10-19,DEL,HYD,IndiGo,9:00 PM,11:15 PM,135,0,10397.0,GoogleFlights-Aggregator,2 hr 15 min,DEL -> HYD
2026-10-04T10:00:03.163430,t+15,15,2026-10-19,DEL,HYD,IndiGo,11:15 PM,1:30 AM+1,135,0,10397.0,GoogleFlights-Aggregator,2 hr 15 min,DEL -> HYD
2026-10-04T10:00:03.163430,t+15,15,2026-10-19,DEL,HYD,Akasa Air,8:40 PM,11:10 PM,150,0,10401.0,GoogleFlights-Aggregator,2 hr 30 min,DEL -> HYD
2026-10-04T10:00:03.163430,t+15,15,2026-10-19,DEL,HYD,Air India,2:00 AM,4:20 AM,140,0,10449.0,GoogleFlights-Aggregator,2 hr 20 min,DEL -> HYD
2026-10-04T10:00:03.163430,t+15,15,2026-10-19,DEL,HYD,Air India,3:30 PM,5:55 PM,145,0,10449.0,GoogleFlights-Aggregator,2 hr 25 min,DEL -> HYD
2026-10-04T10:00:03.163430,t+15,15,2026-10-19,DEL,HYD,Air India,6:00 PM,8:20 PM,140,0,10449.0,GoogleFlights-Aggregator,2 hr 20 min,DEL -> HYD
2026-10-04T10:00:03.163430,t+15,15,2026-10-19,DEL,HYD,Air India,8:30 PM,10:50 PM,140,0,10449.0,GoogleFlights-Aggregator,2 hr 20 min,DEL -> HYD
2026-10-04T10:00:03.163430,t+15,15,2026-10-19,DEL,HYD,Air India,10:00 PM,12:20 AM+1,140,0,10449.0,GoogleFlights-Aggregator,2 hr 20 min,DEL -> HYD
2026-10-04T10:00:03.163430,t+15,15,2026-10-19,DEL,HYD,IndiGo,2:45 PM,5:05 PM,140,0,10968.0,GoogleFlights-Aggregator,2 hr 20 min,DEL -> HYD
2026-10-04T10:00:03.163430,t+15,15,2026-10-19,DEL,HYD,IndiGo,4:15 PM,6:30 PM,135,0,10968.0,GoogleFlights-Aggregator,2 hr 15 min,DEL -> HYD
2026-10-04T10:00:03.163430,t+15,15,2026-10-19,DEL,HYD,IndiGo,7:45 PM,10:05 PM,140,0,11576.0,GoogleFlights-Aggregator,2 hr 20 min,DEL -> HYD
2026-10-04T10:00:03.163430,t+15,15,2026-10-19,DEL,HYD,IndiGo,2:25 AM,4:40 AM,135,0,12223.0,GoogleFlights-Aggregator,2 hr 15 min,DEL -> HYD
2026-10-04T10:00:03.163430,t+15,15,2026-10-19,DEL,HYD,Air India,7:00 AM,9:20 AM,140,0,12822.0,GoogleFlights-Aggregator,2 hr 20 min,DEL -> HYD
2026-10-04T10:00:12.827344,t+30,30,2026-11-03,DEL,HYD,IndiGo,6:15 PM,8:30 PM,135,0,9858.0,GoogleFlights-Aggregator,2 hr 15 min,DEL -> HYD
2026-10-04T10:00:12.827344,t+30,30,2026-11-03,DEL,HYD,IndiGo,2:25 AM,4:40 AM,135,0,9858.0,GoogleFlights-Aggregator,2 hr 15 min,DEL -> HYD
2026-10-04T10:00:12.827344,t+30,30,2026-11-03,DEL,HYD,IndiGo,5:15 AM,7:30 AM,135,0,9858.0,GoogleFlights-Aggregator,2 hr 15 min,DEL -> HYD
2026-10-04T10:00:12.827344,t+30,30,2026-11-03,DEL,HYD,IndiGo,6:30 AM,8:45 AM,135,0,9858.0,GoogleFlights-Aggregator,2 hr 15 min,DEL -> HYD
2026-10-04T10:00:12.827344,t+30,30,2026-11-03,DEL,HYD,IndiGo,8:30 AM,10:45 AM,135,0,9858.0,GoogleFlights-Aggregator,2 hr 15 min,DEL -> HYD
2026-10-04T10:00:12.827344,t+30,30,2026-11-03,DEL,HYD,IndiGo,10:00 AM,12:15 PM,135,0,9858.0,GoogleFlights-Aggregator,2 hr 15 min,DEL -> HYD
2026-10-04T10:00:12.827344,t+30,30,2026-11-03,DEL,HYD,IndiGo,11:45 AM,2:00 PM,135,0,9858.0,GoogleFlights-Aggregator,2 hr 15 min,DEL -> HYD
2026-10-04T10:00:12.827344,t+30,30,2026-11-03,DEL,HYD,IndiGo,1:30 PM,3:45 PM,135,0,9858.0,GoogleFlights-Aggregator,2 hr 15 min,DEL -> HYD
2026-10-04T10:00:12.827344,t+30,30,2026-11-03,DEL,HYD,IndiGo,2:50 PM,5:05 PM,135,0,9858.0,GoogleFlights-Aggregator,2 hr 15 min,DEL -> HYD
2026-10-04T10:00:12.827344,t+30,30,2026-11-03,DEL,HYD,IndiGo,4:15 PM,6:30 PM,135,0,9858.0,GoogleFlights-Aggregator,2 hr 15 min,DEL -> HYD
2026-10-04T10:00:12.827344,t+30,30,2026-11-03,DEL,HYD,IndiGo,7:45 PM,10:00 PM,135,0,9858.0,GoogleFlights-Aggregator,2 hr 15 min,DEL -> HYD
2026-10-04T10:00:12.827344,t+30,30,2026-11-03,DEL,HYD,IndiGo,9:00 PM,11:15 PM,135,0,9858.0,GoogleFlights-Aggregator,2 hr 15 min,DEL -> HYD
2026-10-04T10:00:12.827344,t+30,30,2026-11-03,DEL,HYD,IndiGo,10:30 PM,12:45 AM+1,135,0,9858.0,GoogleFlights-Aggregator,2 hr 15 min,DEL -> HYD
2026-10-04T10:00:12.827344,t+30,30,2026-11-03,DEL,HYD,Air India,7:30 PM,9:45 PM,135,0,9966.0,GoogleFlights-Aggregator,2 hr 15 min,DEL -> HYD
2026-10-04T10:00:12.827344,t+30,30,2026-11-03,DEL,HYD,Air India,7:00 AM,9:15 AM,135,0,9966.0,GoogleFlights-Aggregator,2 hr 15 min,DEL -> HYD
2026-10-04T10:00:12.827344,t+30,30,2026-11-03,DEL,HYD,Air India,9:40 AM,11:55 AM,135,0,9966.0,GoogleFlights-Aggregator,2 hr 15 min,DEL -> HYD
2026-10-04T10:00:12.827344,t+30,30,2026-11-03,DEL,HYD,Air India,11:00 AM,1:15 PM,135,0,9966.0,GoogleFlights-Aggregator,2 hr 15 min,DEL -> HYD
2026-10-04T10:00:12.827344,t+30,30,2026-11-03,DEL,HYD,Air India,12:30 PM,2:45 PM,135,0,9966.0,GoogleFlights-Aggregator,2 hr 15 min,DEL -> HYD
2026-10-04T10:00:12.827344,t+30,30,2026-11-03,DEL,HYD,Air India,3:30 PM,5:45 PM,135,0,9966.0,GoogleFlights-Aggregator,2 hr 15 min,DEL -> HYD
2026-10-04T10:00:12.827344,t+30,30,2026-11-03,DEL,HYD,Air India,6:00 PM,8:15 PM,135,0,9966.0,GoogleFlights-Aggregator,2 hr 15 min,DEL -> HYD
2026-10-04T10:00:12.827344,t+30,30,2026-11-03,DEL,HYD,Air India,10:00 PM,12:15 AM+1,135,0,9966.0,GoogleFlights-Aggregator,2 hr 15 min,DEL -> HYD
2026-10-04T10:00:12.827344,t+30,30,2026-11-03,DEL,HYD,Air India,11:00 PM,1:15 AM+1,135,0,9966.0,GoogleFlights-Aggregator,2 hr 15 min,DEL -> HYD
2026-10-04T10:00:12.827344,t+30,30,2026-11-03,DEL,HYD,Akasa Air,2:20 PM,4:45 PM,145,0,10040.0,GoogleFlights-Aggregator,2 hr 25 min,DEL -> HYD
2026-10-04T10:00:12.827344,t+30,30,2026-11-03,DEL,HYD,Akasa Air,8:35 PM,10:55 PM,140,0,10040.0,GoogleFlights-Aggregator,2 hr 20 min,DEL -> HYD
2026-10-04T10:00:12.827344,t+30,30,2026-11-03,DEL,HYD,Air India,2:30 PM,4:45 PM,135,0,10307.0,GoogleFlights-Aggregator,2 hr 15 min,DEL -> HYD
2026-10-05T10:44:21.083332,t+1,1,2026-10-06,DEL,HYD,Air India,11:00 PM,1:20 AM+1,140,0,8816.0,GoogleFlights-Aggregator,2 hr 20 min,DEL -> HYD
2026-10-05T10:44:21.083332,t+1,1,2026-10-06,DEL,HYD,Air India,10:00 PM,12:20 AM+1,140,0,8816.0,GoogleFlights-Aggregator,2 hr 20 min,DEL -> HYD
2026-10-05T10:44:21.083332,t+1,1,2026-10-06,DEL,HYD,IndiGo,1:30 PM,3:45 PM,135,0,8874.0,GoogleFlights-Aggregator,2 hr 15 min,DEL -> HYD
2026-10-05T10:44:21.083332,t+1,1,2026-10-06,DEL,HYD,IndiGo,2:25 AM,4:40 AM,135,0,8874.0,GoogleFlights-Aggregator,2 hr 15 min,DEL -> HYD
2026-10-05T10:44:21.083332,t+1,1,2026-10-06,DEL,HYD,IndiGo,5:30 AM,7:50 AM,140,0,8874.0,GoogleFlights-Aggregator,2 hr 20 min,DEL -> HYD
2026-10-05T10:44:21.083332,t+1,1,2026-10-06,DEL,HYD,IndiGo,11:45 AM,2:00 PM,135,0,8874.0,GoogleFlights-Aggregator,2 hr 15 min,DEL -> HYD
2026-10-05T10:44:21.083332,t+1,1,2026-10-06,DEL,HYD,IndiGo,2:45 PM,5:05 PM,140,0,8874.0,GoogleFlights-Aggregator,2 hr 20 min,DEL -> HYD
2026-10-05T10:44:21.083332,t+1,1,2026-10-06,DEL,HYD,IndiGo,4:15 PM,6:30 PM,135,0,8874.0,GoogleFlights-Aggregator,2 hr 15 min,DEL -> HYD
2026-10-05T10:44:21.083332,t+1,1,2026-10-06,DEL,HYD,IndiGo,5:55 PM,8:15 PM,140,0,8874.0,GoogleFlights-Aggregator,2 hr 20 min,DEL -> HYD
2026-10-05T10:44:21.083332,t+1,1,2026-10-06,DEL,HYD,IndiGo,7:45 PM,10:05 PM,140,0,8874.0,GoogleFlights-Aggregator,2 hr 20 min,DEL -> HYD
2026-10-05T10:44:21.083332,t+1,1,2026-10-06,DEL,HYD,IndiGo,9:00 PM,11:15 PM,135,0,8874.0,GoogleFlights-Aggregator,2 hr 15 min,DEL -> HYD
2026-10-05T10:44:21.083332,t+1,1,2026-10-06,DEL,HYD,IndiGo,11:15 PM,1:30 AM+1,135,0,8874.0,GoogleFlights-Aggregator,2 hr 15 min,DEL -> HYD
2026-10-05T10:44:21.083332,t+1,1,2026-10-06,DEL,HYD,Air India,2:00 AM,4:20 AM,140,0,8932.0,GoogleFlights-Aggregator,2 hr 20 min,DEL -> HYD
2026-10-05T10:44:21.083332,t+1,1,2026-10-06,DEL,HYD,Air India,12:30 PM,2:45 PM,135,0,8932.0,GoogleFlights-Aggregator,2 hr 15 min,DEL -> HYD
2026-10-05T10:44:21.083332,t+1,1,2026-10-06,DEL,HYD,Air India,3:30 PM,5:55 PM,145,0,8932.0,GoogleFlights-Aggregator,2 hr 25 min,DEL -> HYD
2026-10-05T10:44:21.083332,t+1,1,2026-10-06,DEL,HYD,Air India,6:00 PM,8:20 PM,140,0,8932.0,GoogleFlights-Aggregator,2 hr 20 min,DEL -> HYD
2026-10-05T10:44:21.083332,t+1,1,2026-10-06,DEL,HYD,Air India,8:30 PM,10:50 PM,140,0,8932.0,GoogleFlights-Aggregator,2 hr 20 min,DEL -> HYD
2026-10-05T10:44:21.083332,t+1,1,2026-10-06,DEL,HYD,Akasa Air,2:10 PM,4:30 PM,140,0,9200.0,GoogleFlights-Aggregator,2 hr 20 min,DEL -> HYD
2026-10-05T10:44:21.083332,t+1,1,2026-10-06,DEL,HYD,Akasa Air,8:40 PM,11:10 PM,150,0,9200.0,GoogleFlights-Aggregator,2 hr 30 min,DEL -> HYD
2026-10-05T10:44:21.083332,t+1,1,2026-10-06,DEL,HYD,Air India,2:30 PM,4:40 PM,130,0,9231.0,GoogleFlights-Aggregator,2 hr 10 min,DEL -> HYD
2026-10-05T10:44:21.083332,t+1,1,2026-10-06,DEL,HYD,IndiGo,9:55 AM,12:20 PM,145,0,9350.0,GoogleFlights-Aggregator,2 hr 25 min,DEL -> HYD
2026-10-05T10:44:21.083332,t+1,1,2026-10-06,DEL,HYD,Air India,10:30 AM,12:50 PM,140,0,9404.0,GoogleFlights-Aggregator,2 hr 20 min,DEL -> HYD
2026-10-05T10:44:21.083332,t+1,1,2026-10-06,DEL,HYD,IndiGo,8:30 AM,10:45 AM,135,0,9856.0,GoogleFlights-Aggregator,2 hr 15 min,DEL -> HYD
2026-10-05T10:44:21.083332,t+1,1,2026-10-06,DEL,HYD,Air India,7:00 AM,9:20 AM,140,0,11630.0,GoogleFlights-Aggregator,2 hr 20 min,DEL -> HYD
2026-10-05T10:44:21.083332,t+1,1,2026-10-06,DEL,HYD,Air India,9:40 AM,12:00 PM,140,0,22440.0,GoogleFlights-Aggregator,2 hr 20 min,DEL -> HYD
2026-10-05T10:44:30.267433,t+7,7,2026-10-12,DEL,HYD,IndiGo,1:30 PM,3:45 PM,135,0,8874.0,GoogleFlights-Aggregator,2 hr 15 min,DEL -> HYD
2026-10-05T10:44:30.267433,t+7,7,2026-10-12,DEL,HYD,IndiGo,2:25 AM,4:40 AM,135,0,8874.0,GoogleFlights-Aggregator,2 hr 15 min,DEL -> HYD
2026-10-05T10:44:30.267433,t+7,7,2026-10-12,DEL,HYD,IndiGo,5:30 AM,7:50 AM,140,0,8874.0,GoogleFlights-Aggregator,2 hr 20 min,DEL -> HYD
2026-10-05T10:44:30.267433,t+7,7,2026-10-12,DEL,HYD,IndiGo,11:45 AM,2:00 PM,135,0,8874.0,GoogleFlights-Aggregator,2 hr 15 min,DEL -> HYD
2026-10-05T10:44:30.267433,t+7,7,2026-10-12,DEL,HYD,IndiGo,2:45 PM,5:05 PM,140,0,8874.0,GoogleFlights-Aggregator,2 hr 20 min,DEL -> HYD
2026-10-05T10:44:30.267433,t+7,7,2026-10-12,DEL,HYD,IndiGo,4:15 PM,6:30 PM,135,0,8874.0,GoogleFlights-Aggregator,2 hr 15 min,DEL -> HYD
2026-10-05T10:44:30.267433,t+7,7,2026-10-12,DEL,HYD,Akasa Air,2:10 PM,4:30 PM,140,0,8888.0,GoogleFlights-Aggregator,2 hr 20 min,DEL -> HYD
2026-10-05T10:44:30.267433,t+7,7,2026-10-12,DEL,HYD,Air India,3:30 PM,5:55 PM,145,0,8932.0,GoogleFlights-Aggregator,2 hr 25 min,DEL -> HYD
2026-10-05T10:44:30.267433,t+7,7,2026-10-12,DEL,HYD,Air India,2:00 AM,4:20 AM,140,0,8932.0,GoogleFlights-Aggregator,2 hr 20 min,DEL -> HYD
2026-10-05T10:44:30.267433,t+7,7,2026-10-12,DEL,HYD,Air India,2:30 PM,4:40 PM,130,0,9231.0,GoogleFlights-Aggregator,2 hr 10 min,DEL -> HYD
2026-10-05T10:44:30.267433,t+7,7,2026-10-12,DEL,HYD,IndiGo,9:00 PM,11:15 PM,135,0,9350.0,GoogleFlights-Aggregator,2 hr 15 min,DEL -> HYD
2026-10-05T10:44:30.267433,t+7,7,2026-10-12,DEL,HYD,Air India,12:30 PM,2:45 PM,135,0,9404.0,GoogleFlights-Aggregator,2 hr 15 min,DEL -> HYD
2026-10-05T10:44:30.267433,t+7,7,2026-10-12,DEL,HYD,IndiGo,8:30 AM,10:45 AM,135,0,9856.0,GoogleFlights-Aggregator,2 hr 15 min,DEL -> HYD
2026-10-05T10:44:30.267433,t+7,7,2026-10-12,DEL,HYD,IndiGo,9:55 AM,12:20 PM,145,0,9856.0,GoogleFlights-Aggregator,2 hr 25 min,DEL -> HYD
2026-10-05T10:44:30.267433,t+7,7,2026-10-12,DEL,HYD,IndiGo,11:15 PM,1:30 AM+1,135,0,9856.0,GoogleFlights-Aggregator,2 hr 15 min,DEL -> HYD
2026-10-05T10:44:30.267433,t+7,7,2026-10-12,DEL,HYD,Air India,9:40 AM,12:00 PM,140,0,9914.0,GoogleFlights-Aggregator,2 hr 20 min,DEL -> HYD
2026-10-05T10:44:30.267433,t+7,7,2026-10-12,DEL,HYD,Air India,10:00 PM,12:20 AM+1,140,0,9914.0,GoogleFlights-Aggregator,2 hr 20 min,DEL -> HYD
2026-10-05T10:44:30.267433,t+7,7,2026-10-12,DEL,HYD,Air India,11:00 PM,1:20 AM+1,140,0,9914.0,GoogleFlights-Aggregator,2 hr 20 min,DEL -> HYD
2026-10-05T10:44:30.267433,t+7,7,2026-10-12,DEL,HYD,Akasa Air,8:40 PM,11:10 PM,150,0,10401.0,GoogleFlights-Aggregator,2 hr 30 min,DEL -> HYD
2026-10-05T10:44:30.267433,t+7,7,2026-10-12,DEL,HYD,Air India,6:00 PM,8:20 PM,140,0,10449.0,GoogleFlights-Aggregator,2 hr 20 min,DEL -> HYD
2026-10-05T10:44:30.267433,t+7,7,2026-10-12,DEL,HYD,Air India,8:30 PM,10:50 PM,140,0,10449.0,GoogleFlights-Aggregator,2 hr 20 min,DEL -> HYD
2026-10-05T10:44:30.267433,t+7,7,2026-10-12,DEL,HYD,IndiGo,7:45 PM,10:05 PM,140,0,11574.0,GoogleFlights-Aggregator,2 hr 20 min,DEL -> HYD
2026-10-05T10:44:30.267433,t+7,7,2026-10-12,DEL,HYD,IndiGo,7:10 AM,9:20 AM,130,0,12221.0,GoogleFlights-Aggregator,2 hr 10 min,DEL -> HYD
2026-10-05T10:44:30.267433,t+7,7,2026-10-12,DEL,HYD,Air India,7:00 AM,9:20 AM,140,0,12822.0,GoogleFlights-Aggregator,2 hr 20 min,DEL -> HYD
2026-10-05T10:44:30.267433,t+7,7,2026-10-12,DEL,HYD,IndiGo,5:55 PM,8:15 PM,140,0,15241.0,GoogleFlights-Aggregator,2 hr 20 min,DEL -> HYD
2026-10-05T10:44:39.874207,t+15,15,2026-10-20,DEL,HYD,IndiGo,11:45 AM,2:00 PM,135,0,8877.0,GoogleFlights-Aggregator,2 hr 15 min,DEL -> HYD
2026-10-05T10:44:39.874207,t+15,15,2026-10-20,DEL,HYD,IndiGo,7:45 PM,10:05 PM,140,0,8877.0,GoogleFlights-Aggregator,2 hr 20 min,DEL -> HYD
2026-10-05T10:44:39.874207,t+15,15,2026-10-20,DEL,HYD,IndiGo,5:30 AM,7:50 AM,140,0,8877.0,GoogleFlights-Aggregator,2 hr 20 min,DEL -> HYD
2026-10-05T10:44:39.874207,t+15,15,2026-10-20,DEL,HYD,IndiGo,7:10 AM,9:20 AM,130,0,8877.0,GoogleFlights-Aggregator,2 hr 10 min,DEL -> HYD
2026-10-05T10:44:39.874207,t+15,15,2026-10-20,DEL,HYD,IndiGo,8:30 AM,10:45 AM,135,0,9352.0,GoogleFlights-Aggregator,2 hr 15 min,DEL -> HYD
2026-10-05T10:44:39.874207,t+15,15,2026-10-20,DEL,HYD,IndiGo,9:55 AM,12:20 PM,145,0,9352.0,GoogleFlights-Aggregator,2 hr 25 min,DEL -> HYD
2026-10-05T10:44:39.874207,t+15,15,2026-10-20,DEL,HYD,Air India,12:30 PM,2:45 PM,135,0,9914.0,GoogleFlights-Aggregator,2 hr 15 min,DEL -> HYD
2026-10-05T10:44:39.874207,t+15,15,2026-10-20,DEL,HYD,Air India,2:00 AM,4:20 AM,140,0,9914.0,GoogleFlights-Aggregator,2 hr 20 min,DEL -> HYD
2026-10-05T10:44:39.874207,t+15,15,2026-10-20,DEL,HYD,Air India,7:00 AM,9:20 AM,140,0,9914.0,GoogleFlights-Aggregator,2 hr 20 min,DEL -> HYD
2026-10-05T10:44:39.874207,t+15,15,2026-10-20,DEL,HYD,Air India,9:40 AM,12:00 PM,140,0,9914.0,GoogleFlights-Aggregator,2 hr 20 min,DEL -> HYD
2026-10-05T10:44:39.874207,t+15,15,2026-10-20,DEL,HYD,Air India,11:00 PM,1:20 AM+1,140,0,9914.0,GoogleFlights-Aggregator,2 hr 20 min,DEL -> HYD
2026-10-05T10:44:39.874207,t+15,15,2026-10-20,DEL,HYD,IndiGo,1:30 PM,3:45 PM,135,0,10397.0,GoogleFlights-Aggregator,2 hr 15 min,DEL -> HYD
2026-10-05T10:44:39.874207,t+15,15,2026-10-20,DEL,HYD,Akasa Air,8:40 PM,11:10 PM,150,0,10401.0,GoogleFlights-Aggregator,2 hr 30 min,DEL -> HYD
2026-10-05T10:44:39.874207,t+15,15,2026-10-20,DEL,HYD,Air India,10:30 AM,12:50 PM,140,0,10449.0,GoogleFlights-Aggregator,2 hr 20 min,DEL -> HYD
2026-10-05T10:44:39.874207,t+15,15,2026-10-20,DEL,HYD,Air India,3:30 PM,5:55 PM,145,0,10449.0,GoogleFlights-Aggregator,2 hr 25 min,DEL -> HYD
2026-10-05T10:44:39.874207,t+15,15,2026-10-20,DEL,HYD,Air India,10:00 PM,12:20 AM+1,140,0,10449.0,GoogleFlights-Aggregator,2 hr 20 min,DEL -> HYD
2026-10-05T10:44:39.874207,t+15,15,2026-10-20,DEL,HYD,Air India,2:30 PM,4:40 PM,130,0,10811.0,GoogleFlights-Aggregator,2 hr 10 min,DEL -> HYD
2026-10-05T10:44:39.874207,t+15,15,2026-10-20,DEL,HYD,IndiGo,2:45 PM,5:05 PM,140,0,10968.0,GoogleFlights-Aggregator,2 hr 20 min,DEL -> HYD
2026-10-05T10:44:39.874207,t+15,15,2026-10-20,DEL,HYD,Akasa Air,2:10 PM,4:30 PM,140,0,11165.0,GoogleFlights-Aggregator,2 hr 20 min,DEL -> HYD
2026-10-05T10:44:39.874207,t+15,15,2026-10-20,DEL,HYD,IndiGo,4:15 PM,6:30 PM,135,0,11576.0,GoogleFlights-Aggregator,2 hr 15 min,DEL -> HYD
2026-10-05T10:44:39.874207,t+15,15,2026-10-20,DEL,HYD,IndiGo,9:00 PM,11:15 PM,135,0,11576.0,GoogleFlights-Aggregator,2 hr 15 min,DEL -> HYD
2026-10-05T10:44:39.874207,t+15,15,2026-10-20,DEL,HYD,IndiGo,11:15 PM,1:30 AM+1,135,0,12223.0,GoogleFlights-Aggregator,2 hr 15 min,DEL -> HYD
2026-10-05T10:44:39.874207,t+15,15,2026-10-20,DEL,HYD,Air India,6:00 PM,8:20 PM,140,0,14203.0,GoogleFlights-Aggregator,2 hr 20 min,DEL -> HYD
2026-10-05T10:44:39.874207,t+15,15,2026-10-20,DEL,HYD,IndiGo,2:25 AM,4:40 AM,135,0,15243.0,GoogleFlights-Aggregator,2 hr 15 min,DEL -> HYD
2026-10-05T10:44:39.874207,t+15,15,2026-10-20,DEL,HYD,IndiGo,5:55 PM,8:15 PM,140,0,15243.0,GoogleFlights-Aggregator,2 hr 20 min,DEL -> HYD
2026-10-05T10:44:49.483516,t+30,30,2026-11-04,DEL,HYD,IndiGo,1:30 PM,3:45 PM,135,0,9858.0,GoogleFlights-Aggregator,2 hr 15 min,DEL -> HYD
2026-10-05T10:44:49.483516,t+30,30,2026-11-04,DEL,HYD,IndiGo,2:25 AM,4:40 AM,135,0,9858.0,GoogleFlights-Aggregator,2 hr 15 min,DEL -> HYD
2026-10-05T10:44:49.483516,t+30,30,2026-11-04,DEL,HYD,IndiGo,5:15 AM,7:30 AM,135,0,9858.0,GoogleFlights-Aggregator,2 hr 15 min,DEL -> HYD
2026-10-05T10:44:49.483516,t+30,30,2026-11-04,DEL,HYD,IndiGo,8:30 AM,10:45 AM,135,0,9858.0,GoogleFlights-Aggregator,2 hr 15 min,DEL -> HYD
2026-10-05T10:44:49.483516,t+30,30,2026-11-04,DEL,HYD,IndiGo,10:00 AM,12:15 PM,135,0,9858.0,GoogleFlights-Aggregator,2 hr 15 min,DEL -> HYD
2026-10-05T10:44:49.483516,t+30,30,2026-11-04,DEL,HYD,IndiGo,11:45 AM,2:00 PM,135,0,9858.0,GoogleFlights-Aggregator,2 hr 15 min,DEL -> HYD
2026-10-05T10:44:49.483516,t+30,30,2026-11-04,DEL,HYD,IndiGo,2:50 PM,5:05 PM,135,0,9858.0,GoogleFlights-Aggregator,2 hr 15 min,DEL -> HYD
2026-10-05T10:44:49.483516,t+30,30,2026-11-04,DEL,HYD,IndiGo,7:45 PM,10:00 PM,135,0,9858.0,GoogleFlights-Aggregator,2 hr 15 min,DEL -> HYD
2026-10-05T10:44:49.483516,t+30,30,2026-11-04,DEL,HYD,Air India,7:30 PM,9:45 PM,135,0,9966.0,GoogleFlights-Aggregator,2 hr 15 min,DEL -> HYD
2026-10-05T10:44:49.483516,t+30,30,2026-11-04,DEL,HYD,Air India,9:40 AM,11:55 AM,135,0,9966.0,GoogleFlights-Aggregator,2 hr 15 min,DEL -> HYD
2026-10-05T10:44:49.483516,t+30,30,2026-11-04,DEL,HYD,Air India,11:00 AM,1:15 PM,135,0,9966.0,GoogleFlights-Aggregator,2 hr 15 min,DEL -> HYD
2026-10-05T10:44:49.483516,t+30,30,2026-11-04,DEL,HYD,Air India,12:30 PM,2:45 PM,135,0,9966.0,GoogleFlights-Aggregator,2 hr 15 min,DEL -> HYD
2026-10-05T10:44:49.483516,t+30,30,2026-11-04,DEL,HYD,Air India,3:30 PM,5:45 PM,135,0,9966.0,GoogleFlights-Aggregator,2 hr 15 min,DEL -> HYD
2026-10-05T10:44:49.483516,t+30,30,2026-11-04,DEL,HYD,Akasa Air,2:20 PM,4:45 PM,145,0,10040.0,GoogleFlights-Aggregator,2 hr 25 min,DEL -> HYD
2026-10-05T10:44:49.483516,t+30,30,2026-11-04,DEL,HYD,Air India,2:30 PM,4:45 PM,135,0,10307.0,GoogleFlights-Aggregator,2 hr 15 min,DEL -> HYD
2026-10-05T10:44:49.483516,t+30,30,2026-11-04,DEL,HYD,IndiGo,6:30 AM,8:45 AM,135,0,10397.0,GoogleFlights-Aggregator,2 hr 15 min,DEL -> HYD
2026-10-05T10:44:49.483516,t+30,30,2026-11-04,DEL,HYD,IndiGo,4:15 PM,6:30 PM,135,0,10397.0,GoogleFlights-Aggregator,2 hr 15 min,DEL -> HYD
2026-10-05T10:44:49.483516,t+30,30,2026-11-04,DEL,HYD,IndiGo,6:15 PM,8:30 PM,135,0,10397.0,GoogleFlights-Aggregator,2 hr 15 min,DEL -> HYD
2026-10-05T10:44:49.483516,t+30,30,2026-11-04,DEL,HYD,IndiGo,9:00 PM,11:15 PM,135,0,10397.0,GoogleFlights-Aggregator,2 hr 15 min,DEL -> HYD
2026-10-05T10:44:49.483516,t+30,30,2026-11-04,DEL,HYD,Air India,7:00 AM,9:15 AM,135,0,10502.0,GoogleFlights-Aggregator,2 hr 15 min,DEL -> HYD
2026-10-05T10:44:49.483516,t+30,30,2026-11-04,DEL,HYD,Air India,6:00 PM,8:15 PM,135,0,10502.0,GoogleFlights-Aggregator,2 hr 15 min,DEL -> HYD
2026-10-05T10:44:49.483516,t+30,30,2026-11-04,DEL,HYD,Air India,10:00 PM,12:15 AM+1,135,0,10502.0,GoogleFlights-Aggregator,2 hr 15 min,DEL -> HYD
2026-10-05T10:44:49.483516,t+30,30,2026-11-04,DEL,HYD,Akasa Air,8:35 PM,10:55 PM,140,0,10586.0,GoogleFlights-Aggregator,2 hr 20 min,DEL -> HYD
2026-10-05T10:44:49.483516,t+30,30,2026-11-04,DEL,HYD,Air India,11:00 PM,1:15 AM+1,135,0,11683.0,GoogleFlights-Aggregator,2 hr 15 min,DEL -> HYD
2026-10-05T10:44:49.483516,t+30,30,2026-11-04,DEL,HYD,IndiGo,10:30 PM,12:45 AM+1,135,0,12223.0,GoogleFlights-Aggregator,2 hr 15 min,DEL -> HYD
2026-10-06T10:37:47.754544,t+1,1,2026-10-07,DEL,HYD,Akasa Air,2:10 PM,4:30 PM,140,0,8735.0,GoogleFlights-Aggregator,2 hr 20 min,DEL -> HYD
2026-10-06T10:37:47.754544,t+1,1,2026-10-07,DEL,HYD,Air India,11:00 PM,1:20 AM+1,140,0,8816.0,GoogleFlights-Aggregator,2 hr 20 min,DEL -> HYD
2026-10-06T10:37:47.754544,t+1,1,2026-10-07,DEL,HYD,Air India,2:00 AM,4:20 AM,140,0,8816.0,GoogleFlights-Aggregator,2 hr 20 min,DEL -> HYD
2026-10-06T10:37:47.754544,t+1,1,2026-10-07,DEL,HYD,Air India,10:00 PM,12:20 AM+1,140,0,8816.0,GoogleFlights-Aggregator,2 hr 20 min,DEL -> HYD
2026-10-06T10:37:47.754544,t+1,1,2026-10-07,DEL,HYD,Air India,9:40 AM,12:00 PM,140,0,8932.0,GoogleFlights-Aggregator,2 hr 20 min,DEL -> HYD
2026-10-06T10:37:47.754544,t+1,1,2026-10-07,DEL,HYD,Air India,10:30 AM,12:50 PM,140,0,8932.0,GoogleFlights-Aggregator,2 hr 20 min,DEL -> HYD
2026-10-06T10:37:47.754544,t+1,1,2026-10-07,DEL,HYD,Air India,12:30 PM,2:45 PM,135,0,8932.0,GoogleFlights-Aggregator,2 hr 15 min,DEL -> HYD
2026-10-06T10:37:47.754544,t+1,1,2026-10-07,DEL,HYD,Air India,3:30 PM,5:50 PM,140,0,8932.0,GoogleFlights-Aggregator,2 hr 20 min,DEL -> HYD
2026-10-06T10:37:47.754544,t+1,1,2026-10-07,DEL,HYD,Air India,6:00 PM,8:20 PM,140,0,8932.0,GoogleFlights-Aggregator,2 hr 20 min,DEL -> HYD
2026-10-06T10:37:47.754544,t+1,1,2026-10-07,DEL,HYD,Air India,8:30 PM,10:50 PM,140,0,8932.0,GoogleFlights-Aggregator,2 hr 20 min,DEL -> HYD
2026-10-06T10:37:47.754544,t+1,1,2026-10-07,DEL,HYD,IndiGo,1:30 PM,3:45 PM,135,0,9189.0,GoogleFlights-Aggregator,2 hr 15 min,DEL -> HYD
2026-10-06T10:37:47.754544,t+1,1,2026-10-07,DEL,HYD,IndiGo,2:25 AM,4:40 AM,135,0,9189.0,GoogleFlights-Aggregator,2 hr 15 min,DEL -> HYD
2026-10-06T10:37:47.754544,t+1,1,2026-10-07,DEL,HYD,IndiGo,5:30 AM,7:50 AM,140,0,9189.0,GoogleFlights-Aggregator,2 hr 20 min,DEL -> HYD
2026-10-06T10:37:47.754544,t+1,1,2026-10-07,DEL,HYD,IndiGo,9:55 AM,12:20 PM,145,0,9189.0,GoogleFlights-Aggregator,2 hr 25 min,DEL -> HYD
2026-10-06T10:37:47.754544,t+1,1,2026-10-07,DEL,HYD,IndiGo,11:45 AM,2:00 PM,135,0,9189.0,GoogleFlights-Aggregator,2 hr 15 min,DEL -> HYD
2026-10-06T10:37:47.754544,t+1,1,2026-10-07,DEL,HYD,IndiGo,2:45 PM,5:05 PM,140,0,9189.0,GoogleFlights-Aggregator,2 hr 20 min,DEL -> HYD
2026-10-06T10:37:47.754544,t+1,1,2026-10-07,DEL,HYD,IndiGo,4:15 PM,6:30 PM,135,0,9189.0,GoogleFlights-Aggregator,2 hr 15 min,DEL -> HYD
2026-10-06T10:37:47.754544,t+1,1,2026-10-07,DEL,HYD,IndiGo,9:00 PM,11:15 PM,135,0,9189.0,GoogleFlights-Aggregator,2 hr 15 min,DEL -> HYD
2026-10-06T10:37:47.754544,t+1,1,2026-10-07,DEL,HYD,IndiGo,11:15 PM,1:30 AM+1,135,0,9189.0,GoogleFlights-Aggregator,2 hr 15 min,DEL -> HYD
2026-10-06T10:37:47.754544,t+1,1,2026-10-07,DEL,HYD,Air India,2:30 PM,4:40 PM,130,0,9231.0,GoogleFlights-Aggregator,2 hr 10 min,DEL -> HYD
2026-10-06T10:37:47.754544,t+1,1,2026-10-07,DEL,HYD,Akasa Air,8:40 PM,11:10 PM,150,0,9362.0,GoogleFlights-Aggregator,2 hr 30 min,DEL -> HYD
2026-10-06T10:37:47.754544,t+1,1,2026-10-07,DEL,HYD,IndiGo,5:55 PM,8:15 PM,140,0,9665.0,GoogleFlights-Aggregator,2 hr 20 min,DEL -> HYD
2026-10-06T10:37:47.754544,t+1,1,2026-10-07,DEL,HYD,IndiGo,7:45 PM,10:05 PM,140,0,10710.0,GoogleFlights-Aggregator,2 hr 20 min,DEL -> HYD
2026-10-06T10:37:47.754544,t+1,1,2026-10-07,DEL,HYD,IndiGo,8:30 AM,10:45 AM,135,0,11281.0,GoogleFlights-Aggregator,2 hr 15 min,DEL -> HYD
2026-10-06T10:37:47.754544,t+1,1,2026-10-07,DEL,HYD,IndiGo,7:10 AM,9:20 AM,130,0,21724.0,GoogleFlights-Aggregator,2 hr 10 min,DEL -> HYD
2026-10-06T10:37:47.754544,t+1,1,2026-10-07,DEL,HYD,Air India,7:00 AM,9:20 AM,140,0,22440.0,GoogleFlights-Aggregator,2 hr 20 min,DEL -> HYD
2026-10-06T10:37:57.904288,t+7,7,2026-10-13,DEL,HYD,Air India,12:30 PM,2:45 PM,135,0,8932.0,GoogleFlights-Aggregator,2 hr 15 min,DEL -> HYD
2026-10-06T10:37:57.904288,t+7,7,2026-10-13,DEL,HYD,Air India,2:00 AM,4:20 AM,140,0,8932.0,GoogleFlights-Aggregator,2 hr 20 min,DEL -> HYD
2026-10-06T10:37:57.904288,t+7,7,2026-10-13,DEL,HYD,Air India,9:40 AM,12:00 PM,140,0,8932.0,GoogleFlights-Aggregator,2 hr 20 min,DEL -> HYD
2026-10-06T10:37:57.904288,t+7,7,2026-10-13,DEL,HYD,Air India,10:30 AM,12:50 PM,140,0,8932.0,GoogleFlights-Aggregator,2 hr 20 min,DEL -> HYD
2026-10-06T10:37:57.904288,t+7,7,2026-10-13,DEL,HYD,Air India,3:30 PM,5:55 PM,145,0,8932.0,GoogleFlights-Aggregator,2 hr 25 min,DEL -> HYD
2026-10-06T10:37:57.904288,t+7,7,2026-10-13,DEL,HYD,Air India,10:00 PM,12:20 AM+1,140,0,8932.0,GoogleFlights-Aggregator,2 hr 20 min,DEL -> HYD
2026-10-06T10:37:57.904288,t+7,7,2026-10-13,DEL,HYD,Air India,11:00 PM,1:20 AM+1,140,0,8932.0,GoogleFlights-Aggregator,2 hr 20 min,DEL -> HYD
2026-10-06T10:37:57.904288,t+7,7,2026-10-13,DEL,HYD,IndiGo,1:30 PM,3:45 PM,135,0,9189.0,GoogleFlights-Aggregator,2 hr 15 min,DEL -> HYD
2026-10-06T10:37:57.904288,t+7,7,2026-10-13,DEL,HYD,IndiGo,2:25 AM,4:40 AM,135,0,9189.0,GoogleFlights-Aggregator,2 hr 15 min,DEL -> HYD
2026-10-06T10:37:57.904288,t+7,7,2026-10-13,DEL,HYD,IndiGo,5:30 AM,7:50 AM,140,0,9189.0,GoogleFlights-Aggregator,2 hr 20 min,DEL -> HYD
2026-10-06T10:37:57.904288,t+7,7,2026-10-13,DEL,HYD,IndiGo,7:10 AM,9:20 AM,130,0,9189.0,GoogleFlights-Aggregator,2 hr 10 min,DEL -> HYD
2026-10-06T10:37:57.904288,t+7,7,2026-10-13,DEL,HYD,IndiGo,8:30 AM,10:45 AM,135,0,9189.0,GoogleFlights-Aggregator,2 hr 15 min,DEL -> HYD
2026-10-06T10:37:57.904288,t+7,7,2026-10-13,DEL,HYD,IndiGo,9:55 AM,12:20 PM,145,0,9189.0,GoogleFlights-Aggregator,2 hr 25 min,DEL -> HYD
2026-10-06T10:37:57.904288,t+7,7,2026-10-13,DEL,HYD,IndiGo,11:45 AM,2:00 PM,135,0,9189.0,GoogleFlights-Aggregator,2 hr 15 min,DEL -> HYD
2026-10-06T10:37:57.904288,t+7,7,2026-10-13,DEL,HYD,IndiGo,2:45 PM,5:05 PM,140,0,9189.0,GoogleFlights-Aggregator,2 hr 20 min,DEL -> HYD
2026-10-06T10:37:57.904288,t+7,7,2026-10-13,DEL,HYD,IndiGo,4:15 PM,6:30 PM,135,0,9189.0,GoogleFlights-Aggregator,2 hr 15 min,DEL -> HYD
2026-10-06T10:37:57.904288,t+7,7,2026-10-13,DEL,HYD,IndiGo,9:00 PM,11:15 PM,135,0,9189.0,GoogleFlights-Aggregator,2 hr 15 min,DEL -> HYD
2026-10-06T10:37:57.904288,t+7,7,2026-10-13,DEL,HYD,IndiGo,11:15 PM,1:30 AM+1,135,0,9189.0,GoogleFlights-Aggregator,2 hr 15 min,DEL -> HYD
2026-10-06T10:37:57.904288,t+7,7,2026-10-13,DEL,HYD,Air India,2:30 PM,4:40 PM,130,0,9231.0,GoogleFlights-Aggregator,2 hr 10 min,DEL -> HYD
2026-10-06T10:37:57.904288,t+7,7,2026-10-13,DEL,HYD,Akasa Air,8:40 PM,11:10 PM,150,0,9362.0,GoogleFlights-Aggregator,2 hr 30 min,DEL -> HYD
2026-10-06T10:37:57.904288,t+7,7,2026-10-13,DEL,HYD,Air India,6:00 PM,8:20 PM,140,0,9404.0,GoogleFlights-Aggregator,2 hr 20 min,DEL -> HYD
2026-10-06T10:37:57.904288,t+7,7,2026-10-13,DEL,HYD,Akasa Air,2:10 PM,4:30 PM,140,0,9527.0,GoogleFlights-Aggregator,2 hr 20 min,DEL -> HYD
2026-10-06T10:37:57.904288,t+7,7,2026-10-13,DEL,HYD,IndiGo,5:55 PM,8:15 PM,140,0,9665.0,GoogleFlights-Aggregator,2 hr 20 min,DEL -> HYD
2026-10-06T10:37:57.904288,t+7,7,2026-10-13,DEL,HYD,Air India,8:30 PM,10:50 PM,140,0,9914.0,GoogleFlights-Aggregator,2 hr 20 min,DEL -> HYD
2026-10-06T10:37:57.904288,t+7,7,2026-10-13,DEL,HYD,IndiGo,7:45 PM,10:05 PM,140,0,13222.0,GoogleFlights-Aggregator,2 hr 20 min,DEL -> HYD
2026-10-06T10:37:57.904288,t+7,7,2026-10-13,DEL,HYD,Air India,7:00 AM,9:20 AM,140,0,14203.0,GoogleFlights-Aggregator,2 hr 20 min,DEL -> HYD
2026-10-06T10:38:07.470414,t+15,15,2026-10-21,DEL,HYD,Air India,11:00 PM,1:20 AM+1,140,0,9914.0,GoogleFlights-Aggregator,2 hr 20 min,DEL -> HYD
2026-10-06T10:38:07.470414,t+15,15,2026-10-21,DEL,HYD,IndiGo,1:30 PM,3:45 PM,135,0,10173.0,GoogleFlights-Aggregator,2 hr 15 min,DEL -> HYD
2026-10-06T10:38:07.470414,t+15,15,2026-10-21,DEL,HYD,IndiGo,8:30 AM,10:45 AM,135,0,10173.0,GoogleFlights-Aggregator,2 hr 15 min,DEL -> HYD
2026-10-06T10:38:07.470414,t+15,15,2026-10-21,DEL,HYD,IndiGo,9:55 AM,12:20 PM,145,0,10173.0,GoogleFlights-Aggregator,2 hr 25 min,DEL -> HYD
2026-10-06T10:38:07.470414,t+15,15,2026-10-21,DEL,HYD,IndiGo,11:45 AM,2:00 PM,135,0,10173.0,GoogleFlights-Aggregator,2 hr 15 min,DEL -> HYD
2026-10-06T10:38:07.470414,t+15,15,2026-10-21,DEL,HYD,IndiGo,2:45 PM,5:05 PM,140,0,10173.0,GoogleFlights-Aggregator,2 hr 20 min,DEL -> HYD
2026-10-06T10:38:07.470414,t+15,15,2026-10-21,DEL,HYD,IndiGo,4:15 PM,6:30 PM,135,0,10173.0,GoogleFlights-Aggregator,2 hr 15 min,DEL -> HYD
2026-10-06T10:38:07.470414,t+15,15,2026-10-21,DEL,HYD,IndiGo,5:55 PM,8:15 PM,140,0,10173.0,GoogleFlights-Aggregator,2 hr 20 min,DEL -> HYD
2026-10-06T10:38:07.470414,t+15,15,2026-10-21,DEL,HYD,IndiGo,7:45 PM,10:05 PM,140,0,10173.0,GoogleFlights-Aggregator,2 hr 20 min,DEL -> HYD
2026-10-06T10:38:07.470414,t+15,15,2026-10-21,DEL,HYD,IndiGo,9:00 PM,11:15 PM,135,0,10173.0,GoogleFlights-Aggregator,2 hr 15 min,DEL -> HYD
2026-10-06T10:38:07.470414,t+15,15,2026-10-21,DEL,HYD,Air India,2:00 AM,4:20 AM,140,0,10449.0,GoogleFlights-Aggregator,2 hr 20 min,DEL -> HYD
2026-10-06T10:38:07.470414,t+15,15,2026-10-21,DEL,HYD,Air India,10:30 AM,12:50 PM,140,0,10449.0,GoogleFlights-Aggregator,2 hr 20 min,DEL -> HYD
2026-10-06T10:38:07.470414,t+15,15,2026-10-21,DEL,HYD,Air India,12:30 PM,2:45 PM,135,0,10449.0,GoogleFlights-Aggregator,2 hr 15 min,DEL -> HYD
2026-10-06T10:38:07.470414,t+15,15,2026-10-21,DEL,HYD,Air India,10:00 PM,12:20 AM+1,140,0,10449.0,GoogleFlights-Aggregator,2 hr 20 min,DEL -> HYD
2026-10-06T10:38:07.470414,t+15,15,2026-10-21,DEL,HYD,IndiGo,5:30 AM,7:50 AM,140,0,10712.0,GoogleFlights-Aggregator,2 hr 20 min,DEL -> HYD
2026-10-06T10:38:07.470414,t+15,15,2026-10-21,DEL,HYD,IndiGo,11:15 PM,1:30 AM+1,135,0,10712.0,GoogleFlights-Aggregator,2 hr 15 min,DEL -> HYD
2026-10-06T10:38:07.470414,t+15,15,2026-10-21,DEL,HYD,Akasa Air,8:40 PM,11:10 PM,150,0,10776.0,GoogleFlights-Aggregator,2 hr 30 min,DEL -> HYD
2026-10-06T10:38:07.470414,t+15,15,2026-10-21,DEL,HYD,Air India,2:30 PM,4:40 PM,130,0,10811.0,GoogleFlights-Aggregator,2 hr 10 min,DEL -> HYD
2026-10-06T10:38:07.470414,t+15,15,2026-10-21,DEL,HYD,Air India,7:00 AM,9:20 AM,140,0,11630.0,GoogleFlights-Aggregator,2 hr 20 min,DEL -> HYD
2026-10-06T10:38:07.470414,t+15,15,2026-10-21,DEL,HYD,Air India,9:40 AM,12:00 PM,140,0,11630.0,GoogleFlights-Aggregator,2 hr 20 min,DEL -> HYD
2026-10-06T10:38:07.470414,t+15,15,2026-10-21,DEL,HYD,Air India,3:30 PM,5:50 PM,140,0,11630.0,GoogleFlights-Aggregator,2 hr 20 min,DEL -> HYD
2026-10-06T10:38:07.470414,t+15,15,2026-10-21,DEL,HYD,IndiGo,7:10 AM,9:20 AM,130,0,11891.0,GoogleFlights-Aggregator,2 hr 10 min,DEL -> HYD
2026-10-06T10:38:07.470414,t+15,15,2026-10-21,DEL,HYD,Air India,6:00 PM,8:20 PM,140,0,12281.0,GoogleFlights-Aggregator,2 hr 20 min,DEL -> HYD
2026-10-06T10:38:07.470414,t+15,15,2026-10-21,DEL,HYD,IndiGo,2:25 AM,4:40 AM,135,0,16434.0,GoogleFlights-Aggregator,2 hr 15 min,DEL -> HYD
2026-10-06T10:38:17.108542,t+30,30,2026-11-05,DEL,HYD,Air India,11:00 AM,1:15 PM,135,0,9966.0,GoogleFlights-Aggregator,2 hr 15 min,DEL -> HYD
2026-10-06T10:38:17.108542,t+30,30,2026-11-05,DEL,HYD,Air India,10:00 PM,12:15 AM+1,135,0,9966.0,GoogleFlights-Aggregator,2 hr 15 min,DEL -> HYD
2026-10-06T10:38:17.108542,t+30,30,2026-11-05,DEL,HYD,Air India,11:00 PM,1:15 AM+1,135,0,9966.0,GoogleFlights-Aggregator,2 hr 15 min,DEL -> HYD
2026-10-06T10:38:17.108542,t+30,30,2026-11-05,DEL,HYD,IndiGo,1:30 PM,3:45 PM,135,0,10173.0,GoogleFlights-Aggregator,2 hr 15 min,DEL -> HYD
2026-10-06T10:38:17.108542,t+30,30,2026-11-05,DEL,HYD,IndiGo,4:55 AM,7:10 AM,135,0,10173.0,GoogleFlights-Aggregator,2 hr 15 min,DEL -> HYD
2026-10-06T10:38:17.108542,t+30,30,2026-11-05,DEL,HYD,Air India,2:30 PM,4:45 PM,135,0,10307.0,GoogleFlights-Aggregator,2 hr 15 min,DEL -> HYD
2026-10-06T10:38:17.108542,t+30,30,2026-11-05,DEL,HYD,Air India,9:40 AM,11:55 AM,135,0,10397.0,GoogleFlights-Aggregator,2 hr 15 min,DEL -> HYD
2026-10-06T10:38:17.108542,t+30,30,2026-11-05,DEL,HYD,Akasa Air,2:20 PM,4:45 PM,145,0,10401.0,GoogleFlights-Aggregator,2 hr 25 min,DEL -> HYD
2026-10-06T10:38:17.108542,t+30,30,2026-11-05,DEL,HYD,Air India,7:00 AM,9:15 AM,135,0,10502.0,GoogleFlights-Aggregator,2 hr 15 min,DEL -> HYD
2026-10-06T10:38:17.108542,t+30,30,2026-11-05,DEL,HYD,Air India,3:30 PM,5:45 PM,135,0,10502.0,GoogleFlights-Aggregator,2 hr 15 min,DEL -> HYD
2026-10-06T10:38:17.108542,t+30,30,2026-11-05,DEL,HYD,Air India,6:00 PM,8:15 PM,135,0,10502.0,GoogleFlights-Aggregator,2 hr 15 min,DEL -> HYD
2026-10-06T10:38:17.108542,t+30,30,2026-11-05,DEL,HYD,Air India,7:30 PM,9:45 PM,135,0,10502.0,GoogleFlights-Aggregator,2 hr 15 min,DEL -> HYD
2026-10-06T10:38:17.108542,t+30,30,2026-11-05,DEL,HYD,Akasa Air,8:35 PM,10:55 PM,140,0,10586.0,GoogleFlights-Aggregator,2 hr 20 min,DEL -> HYD
2026-10-06T10:38:17.108542,t+30,30,2026-11-05,DEL,HYD,IndiGo,2:10 AM,4:20 AM,130,0,10712.0,GoogleFlights-Aggregator,2 hr 10 min,DEL -> HYD
2026-10-06T10:38:17.108542,t+30,30,2026-11-05,DEL,HYD,IndiGo,6:30 AM,8:45 AM,135,0,10712.0,GoogleFlights-Aggregator,2 hr 15 min,DEL -> HYD
2026-10-06T10:38:17.108542,t+30,30,2026-11-05,DEL,HYD,IndiGo,9:00 AM,11:00 AM,120,0,10712.0,GoogleFlights-Aggregator,2 hr,DEL -> HYD
2026-10-06T10:38:17.108542,t+30,30,2026-11-05,DEL,HYD,IndiGo,10:00 AM,12:15 PM,135,0,10712.0,GoogleFlights-Aggregator,2 hr 15 min,DEL -> HYD
2026-10-06T10:38:17.108542,t+30,30,2026-11-05,DEL,HYD,IndiGo,11:45 AM,2:00 PM,135,0,10712.0,GoogleFlights-Aggregator,2 hr 15 min,DEL -> HYD
2026-10-06T10:38:17.108542,t+30,30,2026-11-05,DEL,HYD,IndiGo,2:50 PM,5:05 PM,135,0,10712.0,GoogleFlights-Aggregator,2 hr 15 min,DEL -> HYD
2026-10-06T10:38:17.108542,t+30,30,2026-11-05,DEL,HYD,IndiGo,4:20 PM,6:35 PM,135,0,10712.0,GoogleFlights-Aggregator,2 hr 15 min,DEL -> HYD
2026-10-06T10:38:17.108542,t+30,30,2026-11-05,DEL,HYD,IndiGo,6:15 PM,8:30 PM,135,0,10712.0,GoogleFlights-Aggregator,2 hr 15 min,DEL -> HYD
2026-10-06T10:38:17.108542,t+30,30,2026-11-05,DEL,HYD,IndiGo,7:45 PM,10:00 PM,135,0,10712.0,GoogleFlights-Aggregator,2 hr 15 min,DEL -> HYD
2026-10-06T10:38:17.108542,t+30,30,2026-11-05,DEL,HYD,IndiGo,9:00 PM,11:20 PM,140,0,10712.0,GoogleFlights-Aggregator,2 hr 20 min,DEL -> HYD
2026-10-06T10:38:17.108542,t+30,30,2026-11-05,DEL,HYD,IndiGo,10:30 PM,12:45 AM+1,135,0,10712.0,GoogleFlights-Aggregator,2 hr 15 min,DEL -> HYD
2026-10-07T10:28:34.163789,t+1,1,2026-10-08,DEL,HYD,Air India,11:00 PM,1:20 AM+1,140,0,8932.0,GoogleFlights-Aggregator,2 hr 20 min,DEL -> HYD
2026-10-07T10:28:34.163789,t+1,1,2026-10-08,DEL,HYD,Air India,2:00 AM,4:20 AM,140,0,8932.0,GoogleFlights-Aggregator,2 hr 20 min,DEL -> HYD
2026-10-07T10:28:34.163789,t+1,1,2026-10-08,DEL,HYD,IndiGo,1:30 PM,3:45 PM,135,0,9189.0,GoogleFlights-Aggregator,2 hr 15 min,DEL -> HYD
2026-10-07T10:28:34.163789,t+1,1,2026-10-08,DEL,HYD,IndiGo,2:25 AM,4:40 AM,135,0,9189.0,GoogleFlights-Aggregator,2 hr 15 min,DEL -> HYD
2026-10-07T10:28:34.163789,t+1,1,2026-10-08,DEL,HYD,IndiGo,5:30 AM,7:50 AM,140,0,9189.0,GoogleFlights-Aggregator,2 hr 20 min,DEL -> HYD
2026-10-07T10:28:34.163789,t+1,1,2026-10-08,DEL,HYD,IndiGo,8:30 AM,10:45 AM,135,0,9189.0,GoogleFlights-Aggregator,2 hr 15 min,DEL -> HYD
2026-10-07T10:28:34.163789,t+1,1,2026-10-08,DEL,HYD,IndiGo,9:55 AM,12:20 PM,145,0,9189.0,GoogleFlights-Aggregator,2 hr 25 min,DEL -> HYD
2026-10-07T10:28:34.163789,t+1,1,2026-10-08,DEL,HYD,IndiGo,11:45 AM,2:00 PM,135,0,9189.0,GoogleFlights-Aggregator,2 hr 15 min,DEL -> HYD
2026-10-07T10:28:34.163789,t+1,1,2026-10-08,DEL,HYD,IndiGo,2:45 PM,5:05 PM,140,0,9189.0,GoogleFlights-Aggregator,2 hr 20 min,DEL -> HYD
2026-10-07T10:28:34.163789,t+1,1,2026-10-08,DEL,HYD,IndiGo,4:15 PM,6:30 PM,135,0,9189.0,GoogleFlights-Aggregator,2 hr 15 min,DEL -> HYD
2026-10-07T10:28:34.163789,t+1,1,2026-10-08,DEL,HYD,IndiGo,5:55 PM,8:15 PM,140,0,9189.0,GoogleFlights-Aggregator,2 hr 20 min,DEL -> HYD
2026-10-07T10:28:34.163789,t+1,1,2026-10-08,DEL,HYD,IndiGo,7:45 PM,10:05 PM,140,0,9189.0,GoogleFlights-Aggregator,2 hr 20 min,DEL -> HYD
2026-10-07T10:28:34.163789,t+1,1,2026-10-08,DEL,HYD,IndiGo,9:00 PM,11:15 PM,135,0,9189.0,GoogleFlights-Aggregator,2 hr 15 min,DEL -> HYD
2026-10-07T10:28:34.163789,t+1,1,2026-10-08,DEL,HYD,IndiGo,11:15 PM,1:30 AM+1,135,0,9189.0,GoogleFlights-Aggregator,2 hr 15 min,DEL -> HYD
2026-10-07T10:28:34.163789,t+1,1,2026-10-08,DEL,HYD,Air India,10:00 PM,12:20 AM+1,140,0,9357.0,GoogleFlights-Aggregator,2 hr 20 min,DEL -> HYD
2026-10-07T10:28:34.163789,t+1,1,2026-10-08,DEL,HYD,Akasa Air,8:40 PM,11:10 PM,150,0,9362.0,GoogleFlights-Aggregator,2 hr 30 min,DEL -> HYD
2026-10-07T10:28:34.163789,t+1,1,2026-10-08,DEL,HYD,Air India,12:30 PM,2:45 PM,135,0,9404.0,GoogleFlights-Aggregator,2 hr 15 min,DEL -> HYD
2026-10-07T10:28:34.163789,t+1,1,2026-10-08,DEL,HYD,Air India,3:30 PM,5:55 PM,145,0,9404.0,GoogleFlights-Aggregator,2 hr 25 min,DEL -> HYD
2026-10-07T10:28:34.163789,t+1,1,2026-10-08,DEL,HYD,Air India,6:00 PM,8:20 PM,140,0,9404.0,GoogleFlights-Aggregator,2 hr 20 min,DEL -> HYD
2026-10-07T10:28:34.163789,t+1,1,2026-10-08,DEL,HYD,Air India,8:30 PM,10:50 PM,140,0,9404.0,GoogleFlights-Aggregator,2 hr 20 min,DEL -> HYD
2026-10-07T10:28:34.163789,t+1,1,2026-10-08,DEL,HYD,Akasa Air,2:10 PM,4:30 PM,140,0,9527.0,GoogleFlights-Aggregator,2 hr 20 min,DEL -> HYD
2026-10-07T10:28:34.163789,t+1,1,2026-10-08,DEL,HYD,IndiGo,7:10 AM,9:20 AM,130,0,9665.0,GoogleFlights-Aggregator,2 hr 10 min,DEL -> HYD
2026-10-07T10:28:34.163789,t+1,1,2026-10-08,DEL,HYD,Air India,2:30 PM,4:40 PM,130,0,9725.0,GoogleFlights-Aggregator,2 hr 10 min,DEL -> HYD
2026-10-07T10:28:34.163789,t+1,1,2026-10-08,DEL,HYD,Air India,9:40 AM,12:00 PM,140,0,9803.0,GoogleFlights-Aggregator,2 hr 20 min,DEL -> HYD
2026-10-07T10:28:34.163789,t+1,1,2026-10-08,DEL,HYD,Air India,7:00 AM,9:20 AM,140,0,22440.0,GoogleFlights-Aggregator,2 hr 20 min,DEL -> HYD
2026-10-07T10:28:34.163789,t+1,1,2026-10-08,DEL,HYD,Air India,10:30 AM,12:50 PM,140,0,22440.0,GoogleFlights-Aggregator,2 hr 20 min,DEL -> HYD
2026-10-07T10:28:43.550772,t+7,7,2026-10-14,DEL,HYD,IndiGo,1:30 PM,3:45 PM,135,0,9189.0,GoogleFlights-Aggregator,2 hr 15 min,DEL -> HYD
2026-10-07T10:28:43.550772,t+7,7,2026-10-14,DEL,HYD,IndiGo,2:25 AM,4:40 AM,135,0,9189.0,GoogleFlights-Aggregator,2 hr 15 min,DEL -> HYD
2026-10-07T10:28:43.550772,t+7,7,2026-10-14,DEL,HYD,IndiGo,5:30 AM,7:50 AM,140,0,9189.0,GoogleFlights-Aggregator,2 hr 20 min,DEL -> HYD
2026-10-07T10:28:43.550772,t+7,7,2026-10-14,DEL,HYD,IndiGo,7:10 AM,9:20 AM,130,0,9189.0,GoogleFlights-Aggregator,2 hr 10 min,DEL -> HYD
2026-10-07T10:28:43.550772,t+7,7,2026-10-14,DEL,HYD,IndiGo,8:30 AM,10:45 AM,135,0,9189.0,GoogleFlights-Aggregator,2 hr 15 min,DEL -> HYD
2026-10-07T10:28:43.550772,t+7,7,2026-10-14,DEL,HYD,IndiGo,9:55 AM,12:20 PM,145,0,9189.0,GoogleFlights-Aggregator,2 hr 25 min,DEL -> HYD
2026-10-07T10:28:43.550772,t+7,7,2026-10-14,DEL,HYD,IndiGo,11:45 AM,2:00 PM,135,0,9189.0,GoogleFlights-Aggregator,2 hr 15 min,DEL -> HYD
2026-10-07T10:28:43.550772,t+7,7,2026-10-14,DEL,HYD,IndiGo,2:45 PM,5:05 PM,140,0,9189.0,GoogleFlights-Aggregator,2 hr 20 min,DEL -> HYD
2026-10-07T10:28:43.550772,t+7,7,2026-10-14,DEL,HYD,IndiGo,4:15 PM,6:30 PM,135,0,9189.0,GoogleFlights-Aggregator,2 hr 15 min,DEL -> HYD
2026-10-07T10:28:43.550772,t+7,7,2026-10-14,DEL,HYD,IndiGo,5:55 PM,8:15 PM,140,0,9189.0,GoogleFlights-Aggregator,2 hr 20 min,DEL -> HYD
2026-10-07T10:28:43.550772,t+7,7,2026-10-14,DEL,HYD,IndiGo,9:00 PM,11:15 PM,135,0,9189.0,GoogleFlights-Aggregator,2 hr 15 min,DEL -> HYD
2026-10-07T10:28:43.550772,t+7,7,2026-10-14,DEL,HYD,Air India,6:00 PM,8:20 PM,140,0,9404.0,GoogleFlights-Aggregator,2 hr 20 min,DEL -> HYD
2026-10-07T10:28:43.550772,t+7,7,2026-10-14,DEL,HYD,Air India,2:00 AM,4:20 AM,140,0,9404.0,GoogleFlights-Aggregator,2 hr 20 min,DEL -> HYD
2026-10-07T10:28:43.550772,t+7,7,2026-10-14,DEL,HYD,Air India,7:00 AM,9:20 AM,140,0,9404.0,GoogleFlights-Aggregator,2 hr 20 min,DEL -> HYD
2026-10-07T10:28:43.550772,t+7,7,2026-10-14,DEL,HYD,Air India,9:40 AM,12:00 PM,140,0,9404.0,GoogleFlights-Aggregator,2 hr 20 min,DEL -> HYD
2026-10-07T10:28:43.550772,t+7,7,2026-10-14,DEL,HYD,Air India,10:30 AM,12:50 PM,140,0,9404.0,GoogleFlights-Aggregator,2 hr 20 min,DEL -> HYD
2026-10-07T10:28:43.550772,t+7,7,2026-10-14,DEL,HYD,Air India,12:30 PM,2:45 PM,135,0,9404.0,GoogleFlights-Aggregator,2 hr 15 min,DEL -> HYD
2026-10-07T10:28:43.550772,t+7,7,2026-10-14,DEL,HYD,Air India,3:30 PM,5:50 PM,140,0,9404.0,GoogleFlights-Aggregator,2 hr 20 min,DEL -> HYD
2026-10-07T10:28:43.550772,t+7,7,2026-10-14,DEL,HYD,Akasa Air,2:10 PM,4:30 PM,140,0,9527.0,GoogleFlights-Aggregator,2 hr 20 min,DEL -> HYD
2026-10-07T10:28:43.550772,t+7,7,2026-10-14,DEL,HYD,Akasa Air,8:40 PM,11:10 PM,150,0,9527.0,GoogleFlights-Aggregator,2 hr 30 min,DEL -> HYD
2026-10-07T10:28:43.550772,t+7,7,2026-10-14,DEL,HYD,IndiGo,11:15 PM,1:30 AM+1,135,0,9665.0,GoogleFlights-Aggregator,2 hr 15 min,DEL -> HYD
2026-10-07T10:28:43.550772,t+7,7,2026-10-14,DEL,HYD,Air India,2:30 PM,4:40 PM,130,0,9725.0,GoogleFlights-Aggregator,2 hr 10 min,DEL -> HYD
2026-10-07T10:28:43.550772,t+7,7,2026-10-14,DEL,HYD,Air India,10:00 PM,12:20 AM+1,140,0,9914.0,GoogleFlights-Aggregator,2 hr 20 min,DEL -> HYD
2026-10-07T10:28:43.550772,t+7,7,2026-10-14,DEL,HYD,Air India,11:00 PM,1:20 AM+1,140,0,9914.0,GoogleFlights-Aggregator,2 hr 20 min,DEL -> HYD
2026-10-07T10:28:43.550772,t+7,7,2026-10-14,DEL,HYD,Air India,8:30 PM,10:50 PM,140,0,11630.0,GoogleFlights-Aggregator,2 hr 20 min,DEL -> HYD
2026-10-07T10:28:43.550772,t+7,7,2026-10-14,DEL,HYD,IndiGo,7:45 PM,10:05 PM,140,0,13222.0,GoogleFlights-Aggregator,2 hr 20 min,DEL -> HYD
2026-10-07T10:28:53.036616,t+15,15,2026-10-22,DEL,HYD,IndiGo,4:15 PM,6:30 PM,135,0,9192.0,GoogleFlights-Aggregator,2 hr 15 min,DEL -> HYD
2026-10-07T10:28:53.036616,t+15,15,2026-10-22,DEL,HYD,IndiGo,5:30 AM,7:50 AM,140,0,9192.0,GoogleFlights-Aggregator,2 hr 20 min,DEL -> HYD
2026-10-07T10:28:53.036616,t+15,15,2026-10-22,DEL,HYD,IndiGo,7:10 AM,9:20 AM,130,0,9192.0,GoogleFlights-Aggregator,2 hr 10 min,DEL -> HYD
2026-10-07T10:28:53.036616,t+15,15,2026-10-22,DEL,HYD,IndiGo,9:55 AM,12:20 PM,145,0,9192.0,GoogleFlights-Aggregator,2 hr 25 min,DEL -> HYD
2026-10-07T10:28:53.036616,t+15,15,2026-10-22,DEL,HYD,IndiGo,11:45 AM,2:00 PM,135,0,9192.0,GoogleFlights-Aggregator,2 hr 15 min,DEL -> HYD
2026-10-07T10:28:53.036616,t+15,15,2026-10-22,DEL,HYD,IndiGo,7:45 PM,10:05 PM,140,0,9192.0,GoogleFlights-Aggregator,2 hr 20 min,DEL -> HYD
2026-10-07T10:28:53.036616,t+15,15,2026-10-22,DEL,HYD,IndiGo,9:00 PM,11:15 PM,135,0,9192.0,GoogleFlights-Aggregator,2 hr 15 min,DEL -> HYD
2026-10-07T10:28:53.036616,t+15,15,2026-10-22,DEL,HYD,IndiGo,11:15 PM,1:30 AM+1,135,0,9192.0,GoogleFlights-Aggregator,2 hr 15 min,DEL -> HYD
2026-10-07T10:28:53.036616,t+15,15,2026-10-22,DEL,HYD,Akasa Air,2:10 PM,4:30 PM,140,0,9200.0,GoogleFlights-Aggregator,2 hr 20 min,DEL -> HYD
2026-10-07T10:28:53.036616,t+15,15,2026-10-22,DEL,HYD,Akasa Air,8:40 PM,11:10 PM,150,0,9200.0,GoogleFlights-Aggregator,2 hr 30 min,DEL -> HYD
2026-10-07T10:28:53.036616,t+15,15,2026-10-22,DEL,HYD,Air India,11:00 PM,1:20 AM+1,140,0,9404.0,GoogleFlights-Aggregator,2 hr 20 min,DEL -> HYD
2026-10-07T10:28:53.036616,t+15,15,2026-10-22,DEL,HYD,Air India,10:00 PM,12:20 AM+1,140,0,9404.0,GoogleFlights-Aggregator,2 hr 20 min,DEL -> HYD
2026-10-07T10:28:53.036616,t+15,15,2026-10-22,DEL,HYD,IndiGo,2:25 AM,4:40 AM,135,0,9667.0,GoogleFlights-Aggregator,2 hr 15 min,DEL -> HYD
2026-10-07T10:28:53.036616,t+15,15,2026-10-22,DEL,HYD,IndiGo,1:30 PM,3:45 PM,135,0,9667.0,GoogleFlights-Aggregator,2 hr 15 min,DEL -> HYD
2026-10-07T10:28:53.036616,t+15,15,2026-10-22,DEL,HYD,Air India,2:00 AM,4:20 AM,140,0,9914.0,GoogleFlights-Aggregator,2 hr 20 min,DEL -> HYD
2026-10-07T10:28:53.036616,t+15,15,2026-10-22,DEL,HYD,Air India,9:40 AM,12:00 PM,140,0,10339.0,GoogleFlights-Aggregator,2 hr 20 min,DEL -> HYD
2026-10-07T10:28:53.036616,t+15,15,2026-10-22,DEL,HYD,Air India,10:30 AM,12:50 PM,140,0,10449.0,GoogleFlights-Aggregator,2 hr 20 min,DEL -> HYD
2026-10-07T10:28:53.036616,t+15,15,2026-10-22,DEL,HYD,Air India,12:30 PM,2:45 PM,135,0,10449.0,GoogleFlights-Aggregator,2 hr 15 min,DEL -> HYD
2026-10-07T10:28:53.036616,t+15,15,2026-10-22,DEL,HYD,Air India,3:30 PM,5:55 PM,145,0,10449.0,GoogleFlights-Aggregator,2 hr 25 min,DEL -> HYD
2026-10-07T10:28:53.036616,t+15,15,2026-10-22,DEL,HYD,Air India,6:00 PM,8:20 PM,140,0,10449.0,GoogleFlights-Aggregator,2 hr 20 min,DEL -> HYD
2026-10-07T10:28:53.036616,t+15,15,2026-10-22,DEL,HYD,IndiGo,8:30 AM,10:45 AM,135,0,10712.0,GoogleFlights-Aggregator,2 hr 15 min,DEL -> HYD
2026-10-07T10:28:53.036616,t+15,15,2026-10-22,DEL,HYD,IndiGo,5:55 PM,8:15 PM,140,0,10712.0,GoogleFlights-Aggregator,2 hr 20 min,DEL -> HYD
2026-10-07T10:28:53.036616,t+15,15,2026-10-22,DEL,HYD,Air India,2:30 PM,4:40 PM,130,0,10811.0,GoogleFlights-Aggregator,2 hr 10 min,DEL -> HYD
2026-10-07T10:28:53.036616,t+15,15,2026-10-22,DEL,HYD,Air India,7:00 AM,9:20 AM,140,0,11027.0,GoogleFlights-Aggregator,2 hr 20 min,DEL -> HYD
2026-10-07T10:28:53.036616,t+15,15,2026-10-22,DEL,HYD,IndiGo,2:45 PM,5:05 PM,140,0,11283.0,GoogleFlights-Aggregator,2 hr 20 min,DEL -> HYD
2026-10-07T10:29:02.363988,t+30,30,2026-11-06,DEL,HYD,IndiGo,9:00 AM,11:00 AM,120,0,10173.0,GoogleFlights-Aggregator,2 hr,DEL -> HYD
2026-10-07T10:29:02.363988,t+30,30,2026-11-06,DEL,HYD,Air India,9:40 AM,11:55 AM,135,0,10502.0,GoogleFlights-Aggregator,2 hr 15 min,DEL -> HYD
2026-10-07T10:29:02.363988,t+30,30,2026-11-06,DEL,HYD,Air India,7:10 AM,9:20 AM,130,0,10502.0,GoogleFlights-Aggregator,2 hr 10 min,DEL -> HYD
2026-10-07T10:29:02.363988,t+30,30,2026-11-06,DEL,HYD,IndiGo,2:10 AM,4:20 AM,130,0,10712.0,GoogleFlights-Aggregator,2 hr 10 min,DEL -> HYD
2026-10-07T10:29:02.363988,t+30,30,2026-11-06,DEL,HYD,IndiGo,4:55 AM,7:10 AM,135,0,10712.0,GoogleFlights-Aggregator,2 hr 15 min,DEL -> HYD
2026-10-07T10:29:02.363988,t+30,30,2026-11-06,DEL,HYD,IndiGo,6:30 AM,8:45 AM,135,0,10712.0,GoogleFlights-Aggregator,2 hr 15 min,DEL -> HYD
2026-10-07T10:29:02.363988,t+30,30,2026-11-06,DEL,HYD,IndiGo,10:00 AM,12:15 PM,135,0,10712.0,GoogleFlights-Aggregator,2 hr 15 min,DEL -> HYD
2026-10-07T10:29:02.363988,t+30,30,2026-11-06,DEL,HYD,IndiGo,11:45 AM,2:00 PM,135,0,10712.0,GoogleFlights-Aggregator,2 hr 15 min,DEL -> HYD
2026-10-07T10:29:02.363988,t+30,30,2026-11-06,DEL,HYD,IndiGo,1:30 PM,3:45 PM,135,0,10712.0,GoogleFlights-Aggregator,2 hr 15 min,DEL -> HYD
2026-10-07T10:29:02.363988,t+30,30,2026-11-06,DEL,HYD,IndiGo,2:50 PM,5:05 PM,135,0,10712.0,GoogleFlights-Aggregator,2 hr 15 min,DEL -> HYD
2026-10-07T10:29:02.363988,t+30,30,2026-11-06,DEL,HYD,IndiGo,4:20 PM,6:35 PM,135,0,10712.0,GoogleFlights-Aggregator,2 hr 15 min,DEL -> HYD
2026-10-07T10:29:02.363988,t+30,30,2026-11-06,DEL,HYD,IndiGo,6:15 PM,8:30 PM,135,0,10712.0,GoogleFlights-Aggregator,2 hr 15 min,DEL -> HYD
2026-10-07T10:29:02.363988,t+30,30,2026-11-06,DEL,HYD,IndiGo,7:45 PM,10:00 PM,135,0,10712.0,GoogleFlights-Aggregator,2 hr 15 min,DEL -> HYD
2026-10-07T10:29:02.363988,t+30,30,2026-11-06,DEL,HYD,IndiGo,9:00 PM,11:20 PM,140,0,10712.0,GoogleFlights-Aggregator,2 hr 20 min,DEL -> HYD
2026-10-07T10:29:02.363988,t+30,30,2026-11-06,DEL,HYD,IndiGo,10:30 PM,12:45 AM+1,135,0,10712.0,GoogleFlights-Aggregator,2 hr 15 min,DEL -> HYD
2026-10-07T10:29:02.363988,t+30,30,2026-11-06,DEL,HYD,Akasa Air,2:20 PM,4:45 PM,145,0,10776.0,GoogleFlights-Aggregator,2 hr 25 min,DEL -> HYD
2026-10-07T10:29:02.363988,t+30,30,2026-11-06,DEL,HYD,Air India,11:30 AM,1:50 PM,140,0,11079.0,GoogleFlights-Aggregator,2 hr 20 min,DEL -> HYD
2026-10-07T10:29:02.363988,t+30,30,2026-11-06,DEL,HYD,Air India,3:30 PM,5:45 PM,135,0,11079.0,GoogleFlights-Aggregator,2 hr 15 min,DEL -> HYD
2026-10-07T10:29:02.363988,t+30,30,2026-11-06,DEL,HYD,Air India,7:30 PM,9:45 PM,135,0,11079.0,GoogleFlights-Aggregator,2 hr 15 min,DEL -> HYD
2026-10-07T10:29:02.363988,t+30,30,2026-11-06,DEL,HYD,Air India,10:00 PM,12:15 AM+1,135,0,11079.0,GoogleFlights-Aggregator,2 hr 15 min,DEL -> HYD
2026-10-07T10:29:02.363988,t+30,30,2026-11-06,DEL,HYD,Air India,11:00 PM,1:15 AM+1,135,0,11079.0,GoogleFlights-Aggregator,2 hr 15 min,DEL -> HYD
2026-10-07T10:29:02.363988,t+30,30,2026-11-06,DEL,HYD,Akasa Air,8:35 PM,10:55 PM,140,0,11165.0,GoogleFlights-Aggregator,2 hr 20 min,DEL -> HYD
2026-10-07T10:29:02.363988,t+30,30,2026-11-06,DEL,HYD,Air India,6:00 PM,8:15 PM,135,0,11368.0,GoogleFlights-Aggregator,2 hr 15 min,DEL -> HYD
2026-10-07T10:29:02.363988,t+30,30,2026-11-06,DEL,HYD,Air India,2:00 PM,4:15 PM,135,0,11462.0,GoogleFlights-Aggregator,2 hr 15 min,DEL -> HYD
2026-10-08T10:49:25.121535,t+1,1,2026-10-09,DEL,HYD,Air India,2:00 AM,4:20 AM,140,0,8932.0,GoogleFlights-Aggregator,2 hr 20 min,DEL -> HYD
2026-10-08T10:49:25.121535,t+1,1,2026-10-09,DEL,HYD,Akasa Air,2:10 PM,4:30 PM,140,0,9042.0,GoogleFlights-Aggregator,2 hr 20 min,DEL -> HYD
2026-10-08T10:49:25.121535,t+1,1,2026-10-09,DEL,HYD,Air India,10:30 AM,12:50 PM,140,0,9247.0,GoogleFlights-Aggregator,2 hr 20 min,DEL -> HYD
2026-10-08T10:49:25.121535,t+1,1,2026-10-09,DEL,HYD,Air India,12:30 PM,2:45 PM,135,0,9247.0,GoogleFlights-Aggregator,2 hr 15 min,DEL -> HYD
2026-10-08T10:49:25.121535,t+1,1,2026-10-09,DEL,HYD,Air India,9:40 AM,12:00 PM,140,0,9247.0,GoogleFlights-Aggregator,2 hr 20 min,DEL -> HYD
2026-10-08T10:49:25.121535,t+1,1,2026-10-09,DEL,HYD,Air India,3:30 PM,5:55 PM,145,0,9247.0,GoogleFlights-Aggregator,2 hr 25 min,DEL -> HYD
2026-10-08T10:49:25.121535,t+1,1,2026-10-09,DEL,HYD,Air India,8:30 PM,10:50 PM,140,0,9247.0,GoogleFlights-Aggregator,2 hr 20 min,DEL -> HYD
2026-10-08T10:49:25.121535,t+1,1,2026-10-09,DEL,HYD,Air India,11:00 PM,1:20 AM+1,140,0,9247.0,GoogleFlights-Aggregator,2 hr 20 min,DEL -> HYD
2026-10-08T10:49:25.121535,t+1,1,2026-10-09,DEL,HYD,Air India,6:00 PM,8:20 PM,140,0,9483.0,GoogleFlights-Aggregator,2 hr 20 min,DEL -> HYD
2026-10-08T10:49:25.121535,t+1,1,2026-10-09,DEL,HYD,Air India,2:30 PM,4:40 PM,130,0,9562.0,GoogleFlights-Aggregator,2 hr 10 min,DEL -> HYD
2026-10-08T10:49:25.121535,t+1,1,2026-10-09,DEL,HYD,Akasa Air,8:40 PM,11:10 PM,150,0,10401.0,GoogleFlights-Aggregator,2 hr 30 min,DEL -> HYD
2026-10-08T10:49:25.121535,t+1,1,2026-10-09,DEL,HYD,Air India,7:00 AM,9:20 AM,140,0,10449.0,GoogleFlights-Aggregator,2 hr 20 min,DEL -> HYD
2026-10-08T10:49:25.121535,t+1,1,2026-10-09,DEL,HYD,IndiGo,10:00 AM,2:50 PM,290,1,11283.0,GoogleFlights-Aggregator,4 hr 50 min,DEL -> HYD
2026-10-08T10:49:34.654860,t+7,7,2026-10-15,DEL,HYD,Akasa Air,2:10 PM,4:30 PM,140,0,9042.0,GoogleFlights-Aggregator,2 hr 20 min,DEL -> HYD
2026-10-08T10:49:34.654860,t+7,7,2026-10-15,DEL,HYD,Air India,10:30 AM,12:50 PM,140,0,9247.0,GoogleFlights-Aggregator,2 hr 20 min,DEL -> HYD
2026-10-08T10:49:34.654860,t+7,7,2026-10-15,DEL,HYD,Air India,12:30 PM,2:45 PM,135,0,9247.0,GoogleFlights-Aggregator,2 hr 15 min,DEL -> HYD
2026-10-08T10:49:34.654860,t+7,7,2026-10-15,DEL,HYD,Air India,3:30 PM,5:55 PM,145,0,9247.0,GoogleFlights-Aggregator,2 hr 25 min,DEL -> HYD
2026-10-08T10:49:34.654860,t+7,7,2026-10-15,DEL,HYD,Air India,10:00 PM,12:20 AM+1,140,0,9247.0,GoogleFlights-Aggregator,2 hr 20 min,DEL -> HYD
2026-10-08T10:49:34.654860,t+7,7,2026-10-15,DEL,HYD,Air India,2:00 AM,4:20 AM,140,0,9247.0,GoogleFlights-Aggregator,2 hr 20 min,DEL -> HYD
2026-10-08T10:49:34.654860,t+7,7,2026-10-15,DEL,HYD,Air India,7:00 AM,9:20 AM,140,0,9247.0,GoogleFlights-Aggregator,2 hr 20 min,DEL -> HYD
2026-10-08T10:49:34.654860,t+7,7,2026-10-15,DEL,HYD,Air India,2:30 PM,4:40 PM,130,0,9562.0,GoogleFlights-Aggregator,2 hr 10 min,DEL -> HYD
2026-10-08T10:49:34.654860,t+7,7,2026-10-15,DEL,HYD,Air India,9:40 AM,12:00 PM,140,0,9641.0,GoogleFlights-Aggregator,2 hr 20 min,DEL -> HYD
2026-10-08T10:49:34.654860,t+7,7,2026-10-15,DEL,HYD,Akasa Air,8:40 PM,11:10 PM,150,0,9695.0,GoogleFlights-Aggregator,2 hr 30 min,DEL -> HYD
2026-10-08T10:49:34.654860,t+7,7,2026-10-15,DEL,HYD,Air India,8:30 PM,10:50 PM,140,0,10449.0,GoogleFlights-Aggregator,2 hr 20 min,DEL -> HYD
2026-10-08T10:49:34.654860,t+7,7,2026-10-15,DEL,HYD,Air India,7:30 PM,9:50 PM,140,0,10628.0,GoogleFlights-Aggregator,2 hr 20 min,DEL -> HYD
2026-10-08T10:49:34.654860,t+7,7,2026-10-15,DEL,HYD,IndiGo,10:00 AM,2:50 PM,290,1,11283.0,GoogleFlights-Aggregator,4 hr 50 min,DEL -> HYD
2026-10-08T10:49:34.654860,t+7,7,2026-10-15,DEL,HYD,Air India,6:00 PM,8:20 PM,140,0,12964.0,GoogleFlights-Aggregator,2 hr 20 min,DEL -> HYD
2026-10-08T10:49:44.150662,t+15,15,2026-10-23,DEL,HYD,Air India,10:00 PM,12:20 AM+1,140,0,9247.0,GoogleFlights-Aggregator,2 hr 20 min,DEL -> HYD
2026-10-08T10:49:44.150662,t+15,15,2026-10-23,DEL,HYD,Air India,11:00 PM,1:20 AM+1,140,0,9247.0,GoogleFlights-Aggregator,2 hr 20 min,DEL -> HYD
2026-10-08T10:49:44.150662,t+15,15,2026-10-23,DEL,HYD,Air India,2:00 AM,4:20 AM,140,0,9914.0,GoogleFlights-Aggregator,2 hr 20 min,DEL -> HYD
2026-10-08T10:49:44.150662,t+15,15,2026-10-23,DEL,HYD,Air India,10:30 AM,12:50 PM,140,0,9914.0,GoogleFlights-Aggregator,2 hr 20 min,DEL -> HYD
2026-10-08T10:49:44.150662,t+15,15,2026-10-23,DEL,HYD,Air India,3:30 PM,5:55 PM,145,0,9914.0,GoogleFlights-Aggregator,2 hr 25 min,DEL -> HYD
2026-10-08T10:49:44.150662,t+15,15,2026-10-23,DEL,HYD,Akasa Air,8:40 PM,11:10 PM,150,0,10040.0,GoogleFlights-Aggregator,2 hr 30 min,DEL -> HYD
2026-10-08T10:49:44.150662,t+15,15,2026-10-23,DEL,HYD,Air India,6:00 PM,8:20 PM,140,0,10171.0,GoogleFlights-Aggregator,2 hr 20 min,DEL -> HYD
2026-10-08T10:49:44.150662,t+15,15,2026-10-23,DEL,HYD,Air India,2:30 PM,4:40 PM,130,0,10255.0,GoogleFlights-Aggregator,2 hr 10 min,DEL -> HYD
2026-10-08T10:49:44.150662,t+15,15,2026-10-23,DEL,HYD,Air India,9:40 AM,12:00 PM,140,0,10449.0,GoogleFlights-Aggregator,2 hr 20 min,DEL -> HYD
2026-10-08T10:49:44.150662,t+15,15,2026-10-23,DEL,HYD,Air India,12:30 PM,2:45 PM,135,0,10449.0,GoogleFlights-Aggregator,2 hr 15 min,DEL -> HYD
2026-10-08T10:49:44.150662,t+15,15,2026-10-23,DEL,HYD,Akasa Air,2:10 PM,4:30 PM,140,0,10586.0,GoogleFlights-Aggregator,2 hr 20 min,DEL -> HYD
2026-10-08T10:49:44.150662,t+15,15,2026-10-23,DEL,HYD,Air India,8:30 PM,10:50 PM,140,0,11027.0,GoogleFlights-Aggregator,2 hr 20 min,DEL -> HYD
2026-10-08T10:49:44.150662,t+15,15,2026-10-23,DEL,HYD,IndiGo,10:00 AM,2:50 PM,290,1,11283.0,GoogleFlights-Aggregator,4 hr 50 min,DEL -> HYD
2026-10-08T10:49:53.675141,t+30,30,2026-11-07,DEL,HYD,Akasa Air,8:35 PM,10:55 PM,140,0,10218.0,GoogleFlights-Aggregator,2 hr 20 min,DEL -> HYD
2026-10-08T10:49:53.675141,t+30,30,2026-11-07,DEL,HYD,Air India,6:00 PM,8:15 PM,135,0,10502.0,GoogleFlights-Aggregator,2 hr 15 min,DEL -> HYD
2026-10-08T10:49:53.675141,t+30,30,2026-11-07,DEL,HYD,Air India,7:30 PM,9:45 PM,135,0,10502.0,GoogleFlights-Aggregator,2 hr 15 min,DEL -> HYD
2026-10-08T10:49:53.675141,t+30,30,2026-11-07,DEL,HYD,Air India,10:00 PM,12:15 AM+1,135,0,10502.0,GoogleFlights-Aggregator,2 hr 15 min,DEL -> HYD
2026-10-08T10:49:53.675141,t+30,30,2026-11-07,DEL,HYD,Air India,11:00 PM,1:15 AM+1,135,0,10502.0,GoogleFlights-Aggregator,2 hr 15 min,DEL -> HYD
2026-10-08T10:49:53.675141,t+30,30,2026-11-07,DEL,HYD,Air India,3:30 PM,5:45 PM,135,0,10775.0,GoogleFlights-Aggregator,2 hr 15 min,DEL -> HYD
2026-10-08T10:49:53.675141,t+30,30,2026-11-07,DEL,HYD,Air India,7:10 AM,9:20 AM,130,0,11079.0,GoogleFlights-Aggregator,2 hr 10 min,DEL -> HYD
2026-10-08T10:49:53.675141,t+30,30,2026-11-07,DEL,HYD,Air India,9:40 AM,11:55 AM,135,0,11079.0,GoogleFlights-Aggregator,2 hr 15 min,DEL -> HYD
2026-10-08T10:49:53.675141,t+30,30,2026-11-07,DEL,HYD,Air India,11:30 AM,1:50 PM,140,0,11079.0,GoogleFlights-Aggregator,2 hr 20 min,DEL -> HYD
2026-10-08T10:49:53.675141,t+30,30,2026-11-07,DEL,HYD,IndiGo,4:55 AM,9:40 AM,285,1,11362.0,GoogleFlights-Aggregator,4 hr 45 min,DEL -> HYD
2026-10-08T10:49:53.675141,t+30,30,2026-11-07,DEL,HYD,Air India,2:00 PM,4:15 PM,135,0,11462.0,GoogleFlights-Aggregator,2 hr 15 min,DEL -> HYD
2026-10-08T10:49:53.675141,t+30,30,2026-11-07,DEL,HYD,Akasa Air,2:20 PM,4:45 PM,145,0,11780.0,GoogleFlights-Aggregator,2 hr 25 min,DEL -> HYD
2026-10-08T10:49:53.675141,t+30,30,2026-11-07,DEL,HYD,IndiGo,2:40 PM,7:10 PM,270,1,15861.0,GoogleFlights-Aggregator,4 hr 30 min,DEL -> HYD
2026-10-09T10:48:03.069376,t+1,1,2026-10-10,DEL,HYD,Air India,2:00 AM,4:20 AM,140,0,9132.0,GoogleFlights-Aggregator,2 hr 20 min,DEL -> HYD
2026-10-09T10:48:03.069376,t+1,1,2026-10-10,DEL,HYD,Air India,11:00 PM,1:20 AM+1,140,0,9132.0,GoogleFlights-Aggregator,2 hr 20 min,DEL -> HYD
2026-10-09T10:48:03.069376,t+1,1,2026-10-10,DEL,HYD,Air India,10:30 AM,12:50 PM,140,0,9248.0,GoogleFlights-Aggregator,2 hr 20 min,DEL -> HYD
2026-10-09T10:48:03.069376,t+1,1,2026-10-10,DEL,HYD,Air India,12:30 PM,2:45 PM,135,0,9248.0,GoogleFlights-Aggregator,2 hr 15 min,DEL -> HYD
2026-10-09T10:48:03.069376,t+1,1,2026-10-10,DEL,HYD,Air India,9:40 AM,12:00 PM,140,0,9248.0,GoogleFlights-Aggregator,2 hr 20 min,DEL -> HYD
2026-10-09T10:48:03.069376,t+1,1,2026-10-10,DEL,HYD,Air India,6:00 PM,8:20 PM,140,0,9248.0,GoogleFlights-Aggregator,2 hr 20 min,DEL -> HYD
2026-10-09T10:48:03.069376,t+1,1,2026-10-10,DEL,HYD,Air India,8:30 PM,10:50 PM,140,0,9248.0,GoogleFlights-Aggregator,2 hr 20 min,DEL -> HYD
2026-10-09T10:48:03.069376,t+1,1,2026-10-10,DEL,HYD,Akasa Air,8:40 PM,11:10 PM,150,0,9386.0,GoogleFlights-Aggregator,2 hr 30 min,DEL -> HYD
2026-10-09T10:48:03.069376,t+1,1,2026-10-10,DEL,HYD,Air India,3:30 PM,5:55 PM,145,0,9474.0,GoogleFlights-Aggregator,2 hr 25 min,DEL -> HYD
2026-10-09T10:48:03.069376,t+1,1,2026-10-10,DEL,HYD,Akasa Air,2:10 PM,4:30 PM,140,0,9533.0,GoogleFlights-Aggregator,2 hr 20 min,DEL -> HYD
2026-10-09T10:48:03.069376,t+1,1,2026-10-10,DEL,HYD,Air India,2:30 PM,4:40 PM,130,0,9547.0,GoogleFlights-Aggregator,2 hr 10 min,DEL -> HYD
2026-10-09T10:48:03.069376,t+1,1,2026-10-10,DEL,HYD,IndiGo,10:00 AM,2:50 PM,290,1,11283.0,GoogleFlights-Aggregator,4 hr 50 min,DEL -> HYD
2026-10-09T10:48:03.069376,t+1,1,2026-10-10,DEL,HYD,IndiGo,11:50 AM,4:00 PM,250,1,11362.0,GoogleFlights-Aggregator,4 hr 10 min,DEL -> HYD
2026-10-09T10:48:12.613707,t+7,7,2026-10-16,DEL,HYD,Air India,7:00 AM,9:20 AM,140,0,9248.0,GoogleFlights-Aggregator,2 hr 20 min,DEL -> HYD
2026-10-09T10:48:12.613707,t+7,7,2026-10-16,DEL,HYD,Air India,12:30 PM,2:45 PM,135,0,9248.0,GoogleFlights-Aggregator,2 hr 15 min,DEL -> HYD
2026-10-09T10:48:12.613707,t+7,7,2026-10-16,DEL,HYD,Air India,2:00 AM,4:20 AM,140,0,9720.0,GoogleFlights-Aggregator,2 hr 20 min,DEL -> HYD
2026-10-09T10:48:12.613707,t+7,7,2026-10-16,DEL,HYD,Akasa Air,2:10 PM,4:30 PM,140,0,9834.0,GoogleFlights-Aggregator,2 hr 20 min,DEL -> HYD
2026-10-09T10:48:12.613707,t+7,7,2026-10-16,DEL,HYD,Air India,10:30 AM,12:50 PM,140,0,10230.0,GoogleFlights-Aggregator,2 hr 20 min,DEL -> HYD
2026-10-09T10:48:12.613707,t+7,7,2026-10-16,DEL,HYD,Air India,2:30 PM,4:40 PM,130,0,10571.0,GoogleFlights-Aggregator,2 hr 10 min,DEL -> HYD
2026-10-09T10:48:12.613707,t+7,7,2026-10-16,DEL,HYD,Air India,3:30 PM,5:55 PM,145,0,10765.0,GoogleFlights-Aggregator,2 hr 25 min,DEL -> HYD
2026-10-09T10:48:12.613707,t+7,7,2026-10-16,DEL,HYD,IndiGo,10:00 AM,2:50 PM,290,1,11283.0,GoogleFlights-Aggregator,4 hr 50 min,DEL -> HYD
2026-10-09T10:48:12.613707,t+7,7,2026-10-16,DEL,HYD,Air India,10:00 PM,12:20 AM+1,140,0,11343.0,GoogleFlights-Aggregator,2 hr 20 min,DEL -> HYD
2026-10-09T10:48:12.613707,t+7,7,2026-10-16,DEL,HYD,Air India,11:00 PM,1:20 AM+1,140,0,11343.0,GoogleFlights-Aggregator,2 hr 20 min,DEL -> HYD
2026-10-09T10:48:12.613707,t+7,7,2026-10-16,DEL,HYD,Akasa Air,8:40 PM,11:10 PM,150,0,13156.0,GoogleFlights-Aggregator,2 hr 30 min,DEL -> HYD
2026-10-09T10:48:12.613707,t+7,7,2026-10-16,DEL,HYD,Air India,6:00 PM,8:20 PM,140,0,14902.0,GoogleFlights-Aggregator,2 hr 20 min,DEL -> HYD
2026-10-09T10:48:12.613707,t+7,7,2026-10-16,DEL,HYD,Air India,8:30 PM,10:50 PM,140,0,16971.0,GoogleFlights-Aggregator,2 hr 20 min,DEL -> HYD
2026-10-09T10:48:22.094616,t+15,15,2026-10-24,DEL,HYD,Air India,2:00 AM,4:20 AM,140,0,10230.0,GoogleFlights-Aggregator,2 hr 20 min,DEL -> HYD
2026-10-09T10:48:22.094616,t+15,15,2026-10-24,DEL,HYD,Akasa Air,8:40 PM,11:10 PM,150,0,11164.0,GoogleFlights-Aggregator,2 hr 30 min,DEL -> HYD
2026-10-09T10:48:22.094616,t+15,15,2026-10-24,DEL,HYD,IndiGo,10:00 AM,2:50 PM,290,1,11283.0,GoogleFlights-Aggregator,4 hr 50 min,DEL -> HYD
2026-10-09T10:48:22.094616,t+15,15,2026-10-24,DEL,HYD,Air India,10:30 AM,12:50 PM,140,0,11343.0,GoogleFlights-Aggregator,2 hr 20 min,DEL -> HYD
2026-10-09T10:48:22.094616,t+15,15,2026-10-24,DEL,HYD,Air India,9:40 AM,12:00 PM,140,0,11343.0,GoogleFlights-Aggregator,2 hr 20 min,DEL -> HYD
2026-10-09T10:48:22.094616,t+15,15,2026-10-24,DEL,HYD,Air India,11:00 PM,1:20 AM+1,140,0,11343.0,GoogleFlights-Aggregator,2 hr 20 min,DEL -> HYD
2026-10-09T10:48:22.094616,t+15,15,2026-10-24,DEL,HYD,Akasa Air,2:10 PM,4:30 PM,140,0,11722.0,GoogleFlights-Aggregator,2 hr 20 min,DEL -> HYD
2026-10-09T10:48:22.094616,t+15,15,2026-10-24,DEL,HYD,Air India,12:30 PM,2:45 PM,135,0,11946.0,GoogleFlights-Aggregator,2 hr 15 min,DEL -> HYD
2026-10-09T10:48:22.094616,t+15,15,2026-10-24,DEL,HYD,Air India,6:00 PM,8:20 PM,140,0,11946.0,GoogleFlights-Aggregator,2 hr 20 min,DEL -> HYD
2026-10-09T10:48:22.094616,t+15,15,2026-10-24,DEL,HYD,Air India,10:00 PM,12:20 AM+1,140,0,11946.0,GoogleFlights-Aggregator,2 hr 20 min,DEL -> HYD
2026-10-09T10:48:22.094616,t+15,15,2026-10-24,DEL,HYD,IndiGo,11:50 AM,4:00 PM,250,1,12052.0,GoogleFlights-Aggregator,4 hr 10 min,DEL -> HYD
2026-10-09T10:48:22.094616,t+15,15,2026-10-24,DEL,HYD,Air India,3:30 PM,5:55 PM,145,0,12256.0,GoogleFlights-Aggregator,2 hr 25 min,DEL -> HYD
2026-10-09T10:48:22.094616,t+15,15,2026-10-24,DEL,HYD,Air India,2:30 PM,4:40 PM,130,0,12356.0,GoogleFlights-Aggregator,2 hr 10 min,DEL -> HYD
2026-10-09T10:48:33.102407,t+30,30,2026-11-08,DEL,HYD,Akasa Air,8:35 PM,10:55 PM,140,0,9101.0,GoogleFlights-Aggregator,2 hr 20 min,DEL -> HYD
2026-10-09T10:48:33.102407,t+30,30,2026-11-08,DEL,HYD,Akasa Air,2:20 PM,4:45 PM,145,0,9243.0,GoogleFlights-Aggregator,2 hr 25 min,DEL -> HYD
2026-10-09T10:48:33.102407,t+30,30,2026-11-08,DEL,HYD,Air India,11:00 PM,1:15 AM+1,135,0,9300.0,GoogleFlights-Aggregator,2 hr 15 min,DEL -> HYD
2026-10-09T10:48:33.102407,t+30,30,2026-11-08,DEL,HYD,Air India,7:10 AM,9:20 AM,130,0,9773.0,GoogleFlights-Aggregator,2 hr 10 min,DEL -> HYD
2026-10-09T10:48:33.102407,t+30,30,2026-11-08,DEL,HYD,Air India,3:30 PM,5:45 PM,135,0,10014.0,GoogleFlights-Aggregator,2 hr 15 min,DEL -> HYD
2026-10-09T10:48:33.102407,t+30,30,2026-11-08,DEL,HYD,Air India,6:00 PM,8:15 PM,135,0,10014.0,GoogleFlights-Aggregator,2 hr 15 min,DEL -> HYD
2026-10-09T10:48:33.102407,t+30,30,2026-11-08,DEL,HYD,Air India,9:40 AM,11:55 AM,135,0,10177.0,GoogleFlights-Aggregator,2 hr 15 min,DEL -> HYD
2026-10-09T10:48:33.102407,t+30,30,2026-11-08,DEL,HYD,Air India,7:30 PM,9:45 PM,135,0,10282.0,GoogleFlights-Aggregator,2 hr 15 min,DEL -> HYD
2026-10-09T10:48:33.102407,t+30,30,2026-11-08,DEL,HYD,Air India,10:00 PM,12:15 AM+1,135,0,10282.0,GoogleFlights-Aggregator,2 hr 15 min,DEL -> HYD
2026-10-09T10:48:33.102407,t+30,30,2026-11-08,DEL,HYD,Air India,11:30 AM,1:50 PM,140,0,10539.0,GoogleFlights-Aggregator,2 hr 20 min,DEL -> HYD
2026-10-09T10:48:33.102407,t+30,30,2026-11-08,DEL,HYD,IndiGo,5:15 PM,10:25 PM,310,1,10827.0,GoogleFlights-Aggregator,5 hr 10 min,DEL -> HYD
2026-10-09T10:48:33.102407,t+30,30,2026-11-08,DEL,HYD,Air India,2:00 PM,4:15 PM,135,0,10881.0,GoogleFlights-Aggregator,2 hr 15 min,DEL -> HYD
2026-10-09T10:48:33.102407,t+30,30,2026-11-08,DEL,HYD,IndiGo,2:15 AM,6:35 AM,260,1,14451.0,GoogleFlights-Aggregator,4 hr 20 min,DEL -> HYD
